arm,permutation_id,pooled_dsa,client_0_dsa,client_1_dsa,client_2_dsa,client_3_dsa
h0,0,0.0020212377325058177,0.007713167965069751,-0.0009973453862279485,0.001866813474047128,-0.0004976851228656601
h0,1,-0.003141621778520512,0.00032072815071015204,-0.004419437853542212,-0.0033891576680145866,-0.005078619743235402
h0,2,-0.00043897567626923254,0.0015751306021581785,-0.0013960922475583506,0.0008063234172120166,-0.0027412644768887748
h0,3,-0.00045810346783561515,-0.002627020033557549,-0.0013810693316020826,-0.004419847635352797,0.006595523129169966
h0,4,-0.00020629172809089112,0.002008355171799447,-0.0027298372239464284,-0.0027780708050241633,0.0026743859448075803
h0,5,0.0005087682346547079,0.006856332770231831,-0.00949995137475202,0.0012702770459269135,0.0034084144972121077
h0,6,-0.0003233032994200204,0.0028244006157332503,-0.0024696304863446677,0.0018474260822736236,-0.0034954094093422876
h0,7,0.0029142191378523042,0.007544001139196626,0.004527195780557812,-0.00201524898211644,0.0016009286137712191
h0,8,0.0018268901764118722,0.005020903164817139,0.0011752054569018186,-0.0038864737580846737,0.004997925842013204
h0,9,-0.0004011568013557529,-0.0008707449645855767,0.00666064592339982,-0.00626938716250442,-0.0011251410017328347
h0,10,0.0009418010136331318,-0.002780859408289504,0.0037078860447237907,-0.00047561577161617447,0.003315793189714415
h0,11,-0.0007927270961427995,-0.0035502701542247574,-0.008252625089912893,0.0037569122991815934,0.004875074560384858
h0,12,-0.00045858016725068763,0.0021684346074960508,-0.0019450102026226709,-0.0012450227124732346,-0.0008127223614028958
h0,13,0.0024363111357186776,0.00432811035936173,0.002108898444936278,9.88287190647752e-05,0.003209407019511928
h0,14,2.766427318598257e-05,0.001858703815047082,-0.0013612038669427395,-0.0021773430324699113,0.001790500177109499
h0,15,0.0014852843806044001,0.001145122083948284,0.006400156858162134,-0.0014350973675310533,-0.00016904405216176482
h0,16,-0.0006494847644948276,-0.0029526772643036366,-0.0010044044857950656,0.0009662519978901416,0.0003928906942292505
h0,17,0.005175386463546665,0.005268872866332408,0.005966326135854426,0.003361736093336998,0.006104610758662829
h0,18,0.00018075493387818093,0.0004365479651069047,0.003615387603489067,0.002693177055816369,-0.006022092888899617
h0,19,0.001461777819814271,-0.00292963962050056,0.0072107813474190235,0.0019602321082900468,-0.00039426255595142545
h0,20,0.00039895364349258947,-0.006332758724200622,0.0018789481149045883,0.0015016473517481363,0.004547977831518255
h0,21,0.00010065544256679685,0.0009921010714693797,0.002217308328214883,0.0003746954572756383,-0.003181483086692714
h0,22,-0.00025721919677465293,-0.009206875572559442,-0.0010831253796895915,0.002150441140945901,0.007110683024204522
h0,23,0.00023920414787657743,-0.00841297158354259,0.004321328202713921,0.002449895846103212,0.0025985641262317657
h0,24,0.0025837314367537344,0.00773927541333136,-0.0014851234696813946,0.0002712045278035312,0.0038095692755614422
h0,25,0.0041224044142393525,0.0064453353497605816,-1.2777038063016663e-05,0.002625482760127564,0.00743157658513228
h0,26,8.309000995965812e-05,0.004745107923298086,-0.0014745423706129103,-0.0011335646937895606,-0.0018046408190569823
h0,27,0.0013094408306478446,-0.00017817477731587662,0.0021582781528246813,0.0015338404449580338,0.0017238195021245396
h0,28,-0.0017803535516945817,-0.004167570272287294,0.0030456526585209676,-0.00038239176530572303,-0.005617104827706277
h0,29,-0.0004584957998162713,0.005128626705137042,-0.0031040913832448987,0.00017644193638241524,-0.004034960457539644
h0,30,0.0014763308778947008,0.006991811046544345,-0.0030205510766462356,0.0018676044729186853,6.645906876200872e-05
h0,31,0.0010164063527724402,-0.0002761694509484369,0.0036708258466932307,0.003614278188758417,-0.0029433091734134497
h0,32,-0.0009577958078189109,-0.0023526870932642084,-0.0037782251927559254,0.0013018046118676392,0.0009979244428768505
h0,33,-0.0013045219312310665,-0.007420131664231865,0.0033617995949745743,-0.002893164520926998,0.001733408865260022
h0,34,-0.0019672569179018987,-0.0039820355672182395,-0.0015766057366497584,-0.0018146765578357033,-0.000495709809903893
h0,35,0.0027683843955082087,0.008552554402847187,0.0017053108211897545,-0.0003403682762457388,0.001156040634241632
h0,36,0.002659081761961506,0.0033550914719553218,0.005866365219426197,0.003934578695031983,-0.002519708338567479
h0,37,-0.0015503494005627966,0.004181356683034696,-0.003086053320061469,-0.00515152888830215,-0.0021451720769222636
h0,38,-0.0002506125858680434,0.0006496025804127439,-0.0002894556845801921,0.003892199388789362,-0.005254796628094087
h0,39,-0.0010517828762656822,-0.00017140302649127097,-0.003986930975624185,-0.00044419991857653617,0.0003954024156292629
h0,40,0.002106550537185577,0.004196590335737135,0.0041724740357485905,-0.0011423870844149647,0.0011995248616715444
h0,41,0.0002895988978672929,-0.00352394171328325,0.0023020866083900337,0.0025031963299320496,-0.00012294563356966205
h0,42,0.0007516298705714452,9.078148710725342e-05,0.0035725443450042005,-0.0063939400164748795,0.0057371336666492065
h0,43,-0.0016495189996156704,0.005620445920660464,-0.004289218079299111,-0.003364722040115721,-0.004564581799708313
h0,44,0.002951545472458724,-0.0026852983904908307,0.008222436520425525,0.001606978043227695,0.004662065716672507
h0,45,-0.0012763254161199675,-0.00557755642848906,-0.002820120318699636,-0.0007951886601816815,0.0040875637428905084
h0,46,-0.0017417818034091378,0.005513056570474724,-0.005675371570035207,-0.005673873337344131,-0.0011309388767319364
h0,47,-0.0007422040785846917,-0.00502643128763681,-0.0015874472377923438,0.0023307471411570446,0.0013143150699333422
h0,48,-0.0014571677258684611,-0.00010514866062442724,-0.002624077995549905,-0.0009949745017310782,-0.002104469745568434
h0,49,-0.00015946634228483376,-0.004287538351755271,-0.0027005019270269,0.00131703766411227,0.005033137245530566
h0,50,-0.0007034665098473293,-0.0010562732101580448,-0.0011231597933060577,-0.001755753186893254,0.0011213201509680396
h0,51,0.0020635987014942553,0.0035731045228324424,0.0027701508257733615,0.003890160900219234,-0.001979021442848016
h0,52,-0.0007966172141622694,-0.0022597771251721666,-0.0007648781639275932,-0.0020030614627832544,0.0018412478952339365
h0,53,-0.0006509026904205064,-0.0013084979123858319,-0.007055067535472194,0.0015141967868012242,0.004245757899374777
h0,54,0.0046055393218539875,0.0062980609090553565,0.005750735595972629,0.0068397088346647756,-0.00046634805227681114
h0,55,-6.92728784218949e-05,0.0019450749228425049,-0.0032671928757226154,0.001862422633767797,-0.000817396194575266
h0,56,-0.0017897257013920454,-0.003305015404998964,-0.001149883400834709,-0.0005352835134683672,-0.0021687204862661414
h0,57,0.0032399390632438024,0.0005600550091305846,0.006273099448658118,-0.0005452123476007611,0.006671814142787268
h0,58,0.0013621636590786484,0.003798676232590015,0.0047844701432121495,0.0004866165299073765,-0.0036211082693949474
h0,59,0.0023814127714015514,0.0034947893474718407,-0.0010513307409433382,-0.0009222757874420232,0.008004468266519725
h0,60,-4.5918737923934566e-05,0.00014281771183813547,-0.006660894907986587,0.003174268380458315,0.003160133863994398
h0,61,0.002442239285305321,0.0018295659493358157,-0.004570173310594137,0.004876440205704804,0.007633124296774802
h0,62,0.00233961588157923,0.0029954964866218798,0.004752783976942988,0.0004732356648822286,0.0011369473978698238
h0,63,-0.001837070946288512,-0.0014195415891368646,-0.0014528982998024316,-0.001015715494714518,-0.003460128401500234
h0,64,0.0011617616574688858,0.0019617662420665233,0.003346150200795325,-0.005196881446258384,0.004536011633272079
h0,65,-0.0007744067910087949,6.085845326890592e-06,-0.0038774322987067877,-0.0005205483974140722,0.00129426768675879
h0,66,-0.0024240621514149976,-0.003476602027706405,-0.0011569311683297721,-0.004202508408779242,-0.0008602070008445711
h0,67,0.0008280629908479142,0.0016237684578362535,-0.0016774541225177068,0.0037935093222890527,-0.0004275716942159423
h0,68,0.0010203889075626458,0.0027791589706033055,0.006967092041434777,-0.001768109428671611,-0.0038965859531158898
h0,69,0.001975184264259683,-0.003184997405925,0.006132321590661608,0.0029587707116567313,0.0019946421606453946
h0,70,0.0009398087576787112,0.0027876502755918957,-7.554131656457635e-05,0.0027916529699850393,-0.0017445268982975138
h0,71,9.322791771518388e-06,0.0040870283400964965,0.00010425583331878869,-0.004918571042801295,0.0007645780364720826
h0,72,0.002566017415643661,0.001928606361174943,0.005019107292705591,0.004250341895267183,-0.0009339858865730734
h0,73,0.001092030086655549,-0.0020263408176501327,0.005268254230922104,0.0007574839886820388,0.00036872294466818616
h0,74,-0.0003360987616628727,0.0032671037938261905,-0.0006380244015574358,-0.0026606976428660382,-0.0013127767960542072
h0,75,0.0009684097778410144,0.00023412300830619225,-0.00302350262916722,0.002590995094746244,0.0040720236374788416
h0,76,-0.0007605393525149914,-0.0062610169079553345,0.00597900589338718,-0.0005487335831605151,-0.0022114128123312963
h0,77,-0.0016777148286877077,-0.0009394780399051433,0.0018804183073119535,-0.007762650822289094,0.0001108512401314531
h0,78,0.001890951813994797,0.0033821442166218183,4.303212594271755e-05,0.004846542104410009,-0.0007079111909953571
h0,79,-0.0012246454427825204,0.00445748583987362,-0.0035848885090743656,-0.005436920444893804,-0.00033425865703553214
h0,80,-0.0013341847210289305,-0.0009506359646032287,0.0010790188006758383,-0.0024861470176062235,-0.002978974702582109
h0,81,-0.003305924465286932,-0.00457791310806055,-0.0039908233872563825,-0.0005387570492754381,-0.004116204316555355
h0,82,0.0011884977492623398,0.005380111704378589,0.0014612455838654025,0.00013880710483306846,-0.0022261733960277016
h0,83,-0.0008080922222709896,0.001937025928703095,8.54612363984735e-05,-0.00498916478867014,-0.00026569126551538656
h0,84,-0.0015670360686039961,-0.006041729801349603,-0.00025292115713037607,-0.0028963983655362823,0.0029229050496002774
h0,85,-0.002731545434001662,-0.00019280311654878545,-0.003790990308571096,-0.004938642941031665,-0.0020037453698551035
h0,86,0.0011330033464880844,0.003774090654572623,0.003780077541250901,-0.0017785472248829006,-0.001243607584988286
h0,87,-0.0013601167001841734,-0.0022805930571574875,-0.004048778684601858,-0.0036416269479157557,0.004530531888938406
h0,88,8.545206873159604e-05,-0.002340132188810862,0.0008562681588753081,0.002487819265147493,-0.0006621469602855551
h0,89,-0.0009586445243819354,-0.007257158159325865,0.003840330242393427,-0.0029620844484999206,0.002544334267904617
h0,90,0.005000203575012428,0.006947821587761654,0.0069903641662084365,0.0029982606000766537,0.003064367946002969
h0,91,0.0011402457023220872,0.0007215012681676574,0.0034361940707514837,-0.0030151614196257644,0.003418448889994972
h0,92,0.0031389774129574597,0.006835055070529419,0.00542828715446184,-0.0017148176635521021,0.0020073850903906836
h0,93,-0.0020505689636843173,-0.00484313922799685,-0.002140423204325525,-0.0020292908561092924,0.0008105774336943992
h0,94,0.002376034279103295,0.005147569023839163,-0.0001162141948787567,0.0008493279250797706,0.003623454362373004
h0,95,0.003902017716995899,-0.0004306562610995322,0.007467181133892158,0.004284309940024899,0.004287236055166073
h0,96,-0.0016574101882143454,-0.00015439157246586142,-0.0006188655506765734,-0.002089639476589095,-0.0037667441531258517
h0,97,0.0015766881364335705,0.007874202062222618,-0.0025284507065433306,-0.0004516106175931941,0.0014126118076481888
h0,98,-0.0020390743051608468,-0.004784441596505068,-0.006545291630254526,0.0033743445196879472,-0.00020090851357174044
h0,99,-0.0005719211848317931,-0.004180764673907281,0.004795444831836783,0.0011644032533943921,-0.004066768150651066
h0,100,-0.00222464836502812,-0.006890196823356435,-0.003478706158843126,0.00036128234267493236,0.001109027179412149
h0,101,0.0027384432609562845,0.003363248823683774,0.002817350982260761,0.0016873624105787602,0.003085810827301844
h0,102,-0.0023278986015673607,-0.0058504679719549235,0.0043682084087437005,-0.0037519814707886595,-0.00407735337226956
h0,103,-0.0014833206524737413,-0.004968772662196783,-0.0061352894461176935,-5.918681674634647e-05,0.005229966315165859
h0,104,0.0007844849975780881,-0.0015515570703559505,-0.001561281624966021,0.002582311640867676,0.0036684670447666478
h0,105,6.841173702390132e-05,0.0009113783896296948,0.004981493786657746,-0.0015226537283177975,-0.004096571499874038
h0,106,0.00011950828307378484,0.005299888848204063,-0.002820382292782998,0.0024466834262899615,-0.0044481568494158874
h0,107,0.0010391663784829644,0.00626739712216952,-0.0007577907367972688,-0.003743823468662516,0.0023908825972221224
h0,108,-0.00023930585185354768,-0.004939713640757074,0.0012485273810030587,0.0036653264835106105,-0.0009313636311707856
h0,109,-0.0016748028397546655,-0.0013471020406681472,-0.0019712243756343562,-0.0018375202656697185,-0.0015433646770464395
h0,110,-0.0014961242724320849,-0.0030922003542523686,-0.004918230501081814,0.004085648705936868,-0.0020597149403310247
h0,111,0.0008014343429282613,-0.0019139647236029586,-0.0017889934844391945,-0.0005415071466754618,0.00745020272643066
h0,112,0.0015070004600396631,-0.001384809121329463,-0.0028747674555277,0.0008947525134367422,0.009392825903579073
h0,113,0.002764286076169025,0.0013257966081875157,0.0063617368263894965,0.004744175875409083,-0.001374565005309995
h0,114,0.001004710150259385,-0.0008148265479354783,0.0009344624452052296,0.00485514895771521,-0.0009559442539474217
h0,115,-0.000906242351622284,0.0035508508495238956,-0.0027862580592014365,-0.004347163350367261,-4.239884644433468e-05
h0,116,-0.00041544669011567715,0.002442164755578543,0.005750068978887669,-0.0068887771220715885,-0.002965243372857332
h0,117,3.6933810435281446e-06,-0.0002452993098147546,0.005519652619544881,-0.006671317065753054,0.0014117372801970402
h0,118,0.0040938303151264906,0.0008667889581364522,0.007132395508827529,0.001098338976841508,0.007277797816700475
h0,119,0.0006903080219873958,0.0014907098714267658,0.0015639158431105223,0.0029788183479554156,-0.0032722119745431204
h0,120,0.002087518240829701,0.0037319381104817615,0.007266593998944918,0.0016669015034129404,-0.004315360649520816
h0,121,0.0010889506528079837,0.0017547981263020742,0.005597509723821416,-0.0021500432079863156,-0.0008464620309052391
h0,122,-0.0013764239542187703,-0.003476629358147484,0.00010850665646010066,0.0028747417598266965,-0.005012314875014394
h0,123,0.0003060228977345299,-0.00737920340639607,0.0015348849411089228,-0.0014395367806470196,0.008507946836872287
h0,124,-0.00048383721533642337,0.003592854416347222,0.002056449740648133,-0.009205066707587877,0.0016204136892468282
h0,125,0.0014753474025596444,0.005457438094070876,0.004950189366552787,0.0009462195670054081,-0.005452457417390494
h0,126,-0.0015069915251015341,-0.006551709915867026,0.0004434939218856751,0.0013777969265547907,-0.001297547032979577
h0,127,0.0006261148786585924,0.003531563094898744,0.006248636697073414,-0.006670759175409328,-0.0006049811019284605
h0,128,3.579236323942198e-05,0.003960527436837214,-0.003220142503204955,0.0007711194630897879,-0.001368334943764359
h0,129,0.001519367700960249,0.0016917450142727765,0.0040941872059337605,0.004585749492648292,-0.004294210909013832
h0,130,0.00039384824314735514,-0.0005400932865002033,-0.0001288385743674683,-0.004110917971235686,0.006355242804692778
h0,131,-0.001752612964833842,0.0008689359452234449,-0.00609092074212891,-0.001145162940079654,-0.0006433041223502483
h0,132,-0.0040196044696595165,-0.010407765706849023,-0.003028648354615825,-0.005524363211583035,0.0028823593944098135
h0,133,-0.0003835068427085937,-0.005417385533107696,-0.0012690315311068626,0.002293849966865787,0.0028585397265143975
h0,134,0.0002792553172765596,-0.0025521436443077016,0.005412078084185212,0.0009111113790432848,-0.0026540245498145563
h0,135,0.002782522651624776,-0.0004353504963590624,0.004221285927883503,0.000449393170609843,0.00689476200436482
h0,136,0.0013126689319945743,-0.002457643630832019,0.003685110280117648,0.0034349659238285916,0.0005882431548640767
h0,137,0.0014089770069659218,0.006166875870649079,0.0004542760653599153,-5.588899955642445e-05,-0.0009293549085888835
h0,138,0.001890171193590733,0.0019573528662574936,0.00500916088491008,0.001434203510210076,-0.000840032487014717
h0,139,-0.0008056978212363465,0.0006742043574390815,-0.004069344790644528,-0.0008039600574073576,0.0009763092056674185
h0,140,0.0016030887394591414,0.00027021235301634037,0.0009602611762632672,0.0010793023131399756,0.004102579115416983
h0,141,-0.0005901199745599836,-0.002251119702772472,0.0028897822542921134,-0.006463389479456908,0.0034642470296973324
h0,142,0.00024900920845973506,-0.00342408216926942,0.008758441025681175,-0.00023393936862929014,-0.0041043826539435245
h0,143,0.004203808094429009,0.007795515015758837,0.00362772881178271,0.0035109222326379437,0.0018810663175365433
h0,144,-0.0007216061453975364,-0.004923393186049552,-0.0010543302128901081,0.0016779264565610593,0.0014133723607884555
h0,145,-0.0013227331829512375,-0.0006132275506908043,0.004112462377324768,-0.0054456461688077665,-0.0033445213896311473
h0,146,0.004101345311561917,0.005969831062392611,0.006899593276709658,-0.0020187244778889705,0.005554681385034371
h0,147,0.000892455707228955,-0.00034360752743783625,0.004868416378783284,0.0007041314215114457,-0.001659117443941073
h0,148,4.046483660459491e-05,0.0018412570928480914,-0.0030839396195387215,0.0015337425278791285,-0.00012920065477011876
h0,149,0.0008280696752292914,0.0027407108862436314,0.0049203206005838974,-0.002132256209523581,-0.0022164965763867813
h0,150,-0.0028930282802181895,-0.006669868092713483,-0.0024011776984340237,-0.0015398609141106907,-0.000961206415614561
h0,151,0.0014341392213942268,0.004037966018286522,0.004134826033610508,-0.000765379472117998,-0.0016708556942021248
h0,152,0.00010440785529186982,0.0026379275688500937,0.0003416092055198508,-0.00046975783324016557,-0.0020921475199622997
h0,153,-0.0017754287649043006,0.00025066106400656774,-0.0015091014032207908,-0.0008581061351364062,-0.004985168585266573
h0,154,-0.0006223162596845727,-0.00501006761783491,0.00043424857049576855,-0.0007561321159101464,0.002842686124510997
h0,155,0.0002270976388347125,0.0030722085923291457,-0.001999137847306098,0.001372481210737406,-0.001537161400421604
h0,156,0.0006682131875323251,0.005267956959848415,-0.004834955197344896,0.004721914893903061,-0.0024820639062772794
h0,157,-0.0019910475730966523,-0.0012178047885535834,-0.004981306933011883,0.0002790659840498186,-0.002044144554870962
h0,158,0.0017628633221109338,0.006032575854639218,0.0022408219147228656,0.0018018645616109824,-0.003023809042529329
h0,159,0.0028618307804388725,0.006853974360681805,0.006163123699615432,0.0019384194299546095,-0.0035081943684963576
h0,160,-0.0015175549431410231,0.0035868810283817406,0.00014377857399207924,-0.005647704138001222,-0.00415317523693669
h0,161,-0.0020483307692709847,-0.003798831492742719,-0.002666202718355777,-0.000892004109626804,-0.000836284756358639
h0,162,0.001784478260549048,0.004098578019179614,0.0022209342367902826,0.002413936137322212,-0.0015955353510959162
h0,163,0.0035187267887200613,0.005557737057073747,0.005786906075922339,0.005785344270706151,-0.0030550802488219916
h0,164,-0.0013051422892127482,0.0007694510119614788,-0.0006548486991090774,-0.0060476454191271695,0.0007124739494237754
h0,165,-0.0010256943766512754,-0.003678857240382742,-0.003427673374852989,0.0019042952439862996,0.00109945786464433
h0,166,0.002550804537882813,0.0019225457250840218,0.004106586262520795,-0.0018043261453797226,0.005978412309306158
h0,167,0.00010610640321484781,0.0007803784758795714,-0.0038995542295816744,0.0016264198590804596,0.0019171815074810346
h0,168,-0.001928456234650296,-0.0011182418381862924,0.0030912609579365515,-0.006833296858285751,-0.0028535472000656933
h0,169,0.00016400310144068508,-8.57070384879192e-06,-0.0017213553058467394,-0.0037863738230716933,0.006172312238529965
h0,170,-0.002024228012898041,0.0016876940223193148,-0.007549986096241995,0.0006911129781142981,-0.0029257329557837823
h0,171,0.0011791464299335498,-0.0010530031267428595,0.004015630766144457,-0.000563650658762842,0.0023176087390954433
h0,172,-0.0044908368955739585,-0.012988454284050056,0.003929347993938192,-0.003731200676514497,-0.005173040615669473
h0,173,-0.0009985857245806502,-0.0006022027075590008,-9.504205783156575e-05,0.0001327139130026865,-0.003429812045934721
h0,174,0.0008712547463468716,-0.004913868058026321,-0.003884716092233888,0.0027796850352827147,0.00950391810036498
h0,175,0.0013434127558631013,-0.0055661976093058455,0.006856923942570441,-0.002140162126470383,0.0062230868166581925
h0,176,0.002509926412639698,0.008882151233484412,0.004384789641465529,-0.0006314594238994893,-0.002595775800491659
h0,177,0.002084263005250345,0.0029137252089292765,0.0030447388079189153,0.0014583071079864352,0.000920280896166755
h0,178,-0.00024201547218122695,0.003318224995353804,-0.004501362502467736,0.00032075851155489283,-0.0001056828931658687
h0,179,0.0005529423576848901,0.002219044598688453,0.0026083010722390346,-0.002809723079210798,0.00019414683902287114
h0,180,-0.001506590401754299,-0.001898611797888894,-0.002779270575396585,7.200696924127893e-05,-0.0014204862029729968
h0,181,-0.0015775883991939075,-0.004370196222692414,-0.0038076448907541595,0.0024896894847257723,-0.0006222019680548292
h0,182,0.0027290211966704216,0.007048125764072894,0.001870370871374281,-0.0034083064201709578,0.005405894571405469
h0,183,-0.0014528640609671566,-0.005246274044602711,0.0017017082117180779,-0.0022209148004125392,-4.5975610571453605e-05
h0,184,0.002754669016578908,0.0008457668777815304,0.005541962310653783,-0.002309597313363206,0.006940544191243524
h0,185,-0.004098302237849614,-0.009018281859534592,-0.001054991616371514,-0.00794304288379112,0.0016231074082987725
h0,186,-0.0006449097954342484,-0.003990373166653868,-0.0021967831496861284,-0.005949258469666181,0.009556775604269185
h0,187,-0.001388326192968576,-0.0020816288906533088,-6.727742753623192e-05,-0.0015614517133972353,-0.0018429467402875281
h0,188,-0.00014214643358658515,-0.005557348725334368,-0.0014603930220832358,-0.001551665777813608,0.008000821790884871
h0,189,-0.003537157334849526,-0.00858679921213849,-0.001643420768725811,-0.002997477707113762,-0.0009209316514200415
h0,190,0.003367354723992813,0.005450075728930122,0.0040962407943338774,-8.318791876630357e-05,0.004006290291473555
h0,191,0.001369164956209404,0.004019486418730383,-0.0007744500447949563,0.001821584353173472,0.00041003909772871754
h0,192,-0.004681266923171545,-0.008764238890830422,-0.0031507601876554605,-0.0037581382214822937,-0.0030519303927180027
h0,193,-0.002077522439406972,0.00010069598076544036,-0.0035963883989130058,-0.0052518040984372225,0.0004374067589569007
h0,194,0.00039121542719582005,-0.0013142366185622475,0.004709072296180171,-0.0009653749547664475,-0.0008645990140681956
h0,195,-0.00024416830206005005,-0.002166739739823203,-0.0011720045284017233,-0.005494326904260419,0.007856397964245145
h0,196,-0.00015717819711304518,-0.0020291801953197033,0.0026655299474340538,0.0028099724503701,-0.004075034990936631
h0,197,0.00018273132658640651,-0.0029984666789137455,0.002739343934550789,0.0002749537111075657,0.0007150943396010167
h0,198,-0.003788395131762807,-0.000967955644300703,-0.0037198899032441094,-0.007350928218228185,-0.003114806761278229
h0,199,-3.7319879083709865e-05,-0.0034761549945875993,0.00032807493847032275,0.000631483072457727,0.0023673174673247105
h0,200,-0.0005462729857588099,0.0004987382307906521,0.001546917887928348,-0.003111227762313337,-0.0011195202994409026
h0,201,-0.0010822635364482428,-0.0037176916110416803,-0.00014462534760371014,-0.0005851796674520341,0.00011844248030445323
h0,202,0.0015873158464980357,0.003998596931224451,0.001613470490081279,0.005863417929085549,-0.005126221964399136
h0,203,0.001002890398009729,0.003109710761413401,0.0018551738896719538,0.002377091403247161,-0.0033304144622936004
h0,204,-0.0006298375800714707,-0.00804394593404656,0.0002084586539566663,0.001510376684203155,0.0038057602756008564
h0,205,-0.0010810340812264377,-0.005057690914237249,-0.0062893937122819035,-0.0014026415592668462,0.008425589860880248
h0,206,0.0030015241417343896,0.005223601575449978,-0.00382321080952391,0.002363759800516865,0.008241946000494625
h0,207,0.0005773868531188007,0.006088505558385395,-0.005698388917525202,0.0018549587426265716,6.447202898843794e-05
h0,208,0.0015092197512385002,0.004078885079807371,0.000313969492931794,0.0010034585355827275,0.0006405658966321078
h0,209,-0.0006973673545070705,0.0006314106232041898,0.0012104805837588068,-0.00068480191381082,-0.0039465587111804585
h0,210,-0.0009323391663639048,0.0014143677540289332,0.0038330258348196426,-0.001938435864673147,-0.007038314389631047
h0,211,-0.0008213234824466215,0.001010715966072411,-0.003558637273427668,0.000631396132694825,-0.001368768755126054
h0,212,-0.002121214272999912,-0.0019383159581194938,-0.002945909412498807,-0.005131471479421662,0.0015308397580403156
h0,213,0.0014785843519519414,-0.0017658728267573635,0.0031925123876536867,-0.0007675021931667753,0.0052552000400782175
h0,214,-0.0005100590573343573,-0.0035863446683723535,0.0008124288354199277,0.0011257230193528099,-0.0003920434157378134
h0,215,-0.00010902620132410032,0.003117058649522818,0.002606993597073095,-0.0018456990056045976,-0.004314458046287717
h0,216,0.0015247766757788496,0.004043427416265423,0.0013690399934840082,0.0008144116688628283,-0.00012777237549686132
h0,217,-0.0015629441723952614,-0.004008645949151887,0.0015121590703592344,-0.0006003791787674404,-0.003154910632020952
h0,218,0.002233448019191785,0.0022888432217946647,-0.0018164448622379151,-0.00040396675654299157,0.008865360473753383
h0,219,0.002481003936138593,0.003952816240341336,0.0030155938698701286,0.001449248545582163,0.0015063570887607445
h0,220,0.0004960952193660624,0.00556145616390953,0.0008145396271419474,-0.007370548143197057,0.002978933229609829
h0,221,0.0012631885916120056,-0.00043071690050061503,0.0040353653563079414,0.001152875620981114,0.00029523028965958175
h0,222,-0.0009006784310215595,-0.0009545657471943047,-0.005411061598069588,-0.000999051016782236,0.0037619646379598907
h0,223,0.0018574172685814684,0.00032448411228614457,0.0007659971230197758,0.00019525438204738793,0.006143933456972565
h0,224,-0.0021089657163925945,-0.0058885816947584855,-0.0024331925470591886,-0.00024842162925884086,0.0001343330055061384
h0,225,-0.0001351762781963212,0.0004451966015670837,-0.0027769409538167065,0.0003268934409935085,0.0014641457984708294
h0,226,-0.0013443484060206325,-0.0012354904049991702,-0.007376630699017284,0.0039567646047959345,-0.000722037124862011
h0,227,-0.001087201132597748,0.0015975305328564447,-0.0031381946965248738,-0.00299238456082263,0.00018424419410006699
h0,228,0.0002522183280428876,-0.002127395975994325,0.008855790053915128,-0.005451835493776893,-0.0002676852719723597
h0,229,0.00028926039961080967,-0.0002771062084365726,0.004916600347263794,-0.000532479516213992,-0.0029499730241699905
h0,230,-0.0017641924790786135,-0.0035723345114814344,-0.0063043585032699105,7.504337410750095e-05,0.0027448797243293903
h0,231,-0.0010715236668600967,0.001302275747101168,0.0012243241521178172,-0.0027880643569490166,-0.004024630209710355
h0,232,-0.0013331060383428343,-0.006524115203472848,0.0047140726532718235,-0.002153642470927555,-0.0013687391322427577
h0,233,0.0022377684382122462,0.0072599181856367245,-0.003219938065786648,-0.0013455887675519413,0.00625668240055085
h0,234,0.0002825962294100605,0.00479609055485484,-0.0020657745577802476,4.3501637449303455e-05,-0.0016434327168836542
h0,235,-0.002198167458554789,-0.0007049467257267475,-0.006692936620259531,-0.005281012160172095,0.003886225671939218
h0,236,-0.0030006014799318845,-0.0011050461694316444,-0.0029731181639924076,-0.0052540125272686035,-0.002670229059034883
h0,237,-0.002574616820665671,-0.007503095372107771,-0.0033993015038864733,0.0010578766265316637,-0.00045394703320010457
h0,238,-0.0015609713917528328,-0.004425545328000413,0.004590078429320562,-0.0031076908390236025,-0.0033007278293078774
h0,239,0.0015982425056243897,0.002337888212964251,0.007147581503011036,-0.000342464142061652,-0.0027500355514160756
h0,240,-0.0022818777777446372,-0.0021161943786877566,-0.0033535458107480007,-0.0006710857383159429,-0.0029866851832268475
h0,241,-5.81718076834442e-05,-0.001928054645732995,0.003301077079185197,-0.0029023726861073205,0.001296663021921342
h0,242,0.0015266878713718736,5.67766440808772e-05,0.004372994993733184,0.0015417649047661838,0.00013521494290724969
h0,243,-0.0022049810880728983,-0.00809425228257909,-0.0007835905664861417,-0.0046834407624696504,0.004741359259243289
h0,244,-0.0006343224345139938,-0.0033866093738191216,0.0012027138720135562,-0.0009168163759038391,0.0005634221396534291
h0,245,-0.0005710262300900107,0.0009906705911913072,-0.007563770525741187,0.0006365430833117503,0.0036524519308780857
h0,246,0.001556721807839068,0.001450791483878468,-0.001815015893465229,0.0025017830111176403,0.004089328629825393
h0,247,-0.00206676735976212,-0.0027290731795711646,-0.0017441251200382441,-0.0011135672639939211,-0.0026803038754451506
h0,248,0.001462175715846673,0.00757671192666335,-0.001874375944472832,0.0005718734583453111,-0.0004255065771491371
h0,249,0.00037247450416864024,-0.0032535614734739765,0.00464488633788223,0.00317941066280402,-0.0030808375105377123
h0,250,-0.0009195667639294298,-0.001306212052897821,-0.003923990342443241,0.0011745629391080278,0.00037737240051531433
h0,251,0.0022272117007931746,0.006149061238541937,0.005570389593496434,-0.0020465467899315627,-0.0007640572389341105
h0,252,0.00040463199326549906,0.006905126457150517,-0.002564540043137192,0.00287024569881328,-0.00559230413976461
h0,253,-0.00023568947589223282,0.0010287690796921005,-0.003048484218192323,0.0005347889983097146,0.0005421682366215767
h0,254,0.000915052361682224,0.0026411803716302417,0.000674223969226148,-0.004442137914081318,0.004786943019953824
h0,255,-0.0010559771059252846,-0.0035454356973905893,-0.002340400571254041,0.0017463823762423967,-8.445453129890513e-05
h0,256,-0.0006728220572053316,0.002933087746550529,-0.004413822719274247,0.004164520507894676,-0.005375073763992284
h0,257,-0.0019898390431423198,-0.004455779512760869,-0.0036249160738544344,0.0016648087763920295,-0.0015434693623460052
h0,258,-0.0011483146126511166,0.002915323488067046,0.0014747292089578854,-0.0070157293756754726,-0.0019675817719539243
h0,259,0.0017636175616804362,0.002610026049721555,0.0017166188560197514,0.0019127040099681013,0.0008151213310123365
h0,260,0.0014434583839029627,0.0008724079835599238,0.007104079737018261,-0.0023636507105449537,0.00016099652557862001
h0,261,-0.0026343472870933794,-0.005756491399358568,-0.0017908749866858264,-0.0010408285735904205,-0.0019491941887387026
h0,262,-0.002488154389576916,0.0013872010390820132,-0.001980150933353607,-0.006126811253904503,-0.0032328564101315686
h0,263,0.002350825478261571,0.005126430035749889,0.003072272315909587,0.0005825094585465887,0.00062209010284022
h0,264,0.00019366746401672827,0.0041781135371290025,-0.002451830601503224,-0.0008176748985207744,-0.00013393818103809115
h0,265,-0.002084701983330227,0.001197344536163821,-0.0024773316319547955,-0.005351389702389472,-0.0017074311351404615
h0,266,0.0020062000775643058,0.003224694981172854,0.0021960183117188626,0.003186220103319972,-0.0005821330859544664
h0,267,0.00047636123042879845,-0.005249368644813871,0.005696003334877537,0.0019638567279795013,-0.0005050464963279738
h0,268,-0.00045256668245363836,0.005998171175682351,0.0015905279526777633,-0.006710664225813479,-0.0026883016323611887
h0,269,-0.0010087907832090378,-0.00024012592297413196,-0.006158385566995555,0.003352595317837105,-0.0009892469607035697
h0,270,0.0035053595544178194,0.005363060903713498,0.007596796774324453,-0.0006097920254711528,0.00167137256510448
h0,271,-0.00038446685804997675,-0.004301205242349389,0.004067107405012617,-0.0033177436311702738,0.0020139740363071387
h0,272,0.0034544250573227664,0.00668024567369269,0.0015227940287827178,0.002865497436738573,0.0027491630900770858
h0,273,-0.0003932662910752742,-0.0015448142327497867,0.0017827708359059115,0.000375722447453148,-0.0021867442149103695
h0,274,-0.003742545264754347,-0.005564950465592746,-0.004491242762109358,-0.006714993768733875,0.0018010059374185918
h0,275,-0.0001701411026820908,0.0018598932606667237,-0.001816052821468058,0.0004805081921651982,-0.0012049130420922272
h0,276,-0.0008108149539908,-0.004978545507967025,-9.125279395049598e-05,0.0025048826319406504,-0.0006783441459863291
h0,277,-0.0003727658334779732,-0.004934264352509743,-0.00247005376209593,-0.0006232798379555712,0.00653653461864935
h0,278,-0.0010449644763519449,-0.004944785920099983,0.0014104089723048323,0.0028846926504034857,-0.003530173608016114
h0,279,-0.0018806444166361363,-0.004719003837149821,-0.0016444469974953066,0.001946183891517449,-0.0031053107234168664
h0,280,0.002721745642830369,0.0016779871905171382,0.0014210767689377098,0.0032716874742887356,0.004516231137577892
h0,281,-0.0012970076410525975,-0.00029872357663550473,-1.728329313662835e-05,-0.002297834389729149,-0.0025741893047091084
h0,282,1.4505040784735504e-05,-0.0008242220187082292,0.0023703825004621724,-0.0002370314002223742,-0.0012511089183926268
h0,283,0.0021288287898964227,0.003249678372086322,0.006235862481060623,-0.0006393322543530321,-0.00033089343920822065
h0,284,0.0004843139247141142,-0.005097760934426783,0.007391128865739621,0.0012112453656182263,-0.0015673575980746073
h0,285,0.0013125137884674445,-0.0019104556227080784,0.005170624973967421,-0.005291458036136882,0.007281343838747318
h0,286,0.002878805372341477,0.00505128002312561,0.006018704021347153,0.00042548259647855386,1.9754848414590753e-05
h0,287,-0.00013259767717163434,0.0009395094348664069,-0.0020160131353483953,-0.0019146433344894923,0.002460756326284943
h0,288,-0.0004614321161657886,0.0007549794910535946,-0.0019904198890765496,0.0007717380485338912,-0.0013820261151740907
h0,289,0.0034198323056304145,0.002948335698716143,0.006254062670006926,0.004982159900581391,-0.0005052290467828024
h0,290,4.722563198686705e-05,-0.005158367799172814,-0.0020298195594011946,0.0023748874537915716,0.0050022024327299065
h0,291,0.0024386916229398974,0.003919956180953616,0.003731025045640374,0.002216585864366783,-0.00011280059920118577
h0,292,0.001938512631013274,0.0023999848070583524,4.925977557263244e-05,-0.00042440528198130526,0.005729211223403416
h0,293,0.0020488452384907737,0.0025934551907359515,0.003708557083439765,0.0008594377232943873,0.0010339309564929907
h0,294,0.0021844509642154775,0.004543152893059261,0.0025407395927660105,-0.0007853795129246127,0.0024392908839612503
h0,295,0.0002375290076534843,-1.1661298539168263e-05,-0.004039589042383791,0.0029961091098252013,0.002005257261711695
h0,296,-0.0034500352672283013,-0.005574127625296463,-0.0003742997372146251,-0.007640522195643609,-0.00021119151075850722
h0,297,-0.0023704898225040327,0.0001325192620785301,-0.0044600254215954975,-0.0025467580478374997,-0.002607695082661664
h0,298,0.00040059236089004264,0.004602633975685342,0.003233202450536838,-0.0022883444987588813,-0.003945122483903128
h0,299,0.0009239144251760635,0.005375693530590372,-0.003078313838989761,0.001689265995973758,-0.00029098798687011545
h0,300,-0.000619193859725755,-0.0028294251420598266,0.004114351449015324,-0.003425844307157019,-0.00033585743870149815
h0,301,-0.004044328368857231,-0.011296344915720636,-0.003658234243651243,0.001212216029096231,-0.002434950345153275
h0,302,0.004247059013498736,0.008045220066564213,-0.002133164458193211,0.0019108852678191017,0.009165295177804839
h0,303,0.001324089980773804,0.0025797977743574536,-0.0023179320995537905,0.00020515271664471168,0.004829341531646841
h0,304,0.0014336528807618253,0.006253555688057428,0.002498309531349878,-0.0008456307200674986,-0.002171622976292506
h0,305,0.0030342642002979437,0.0034097733331756364,0.004900235960902314,0.0016560620092495437,0.002170985497864281
h0,306,0.004041746703583952,0.0016330117708102834,0.007255887391809175,-0.0007254681688150046,0.008003555820531357
h0,307,0.0011592489399079161,-0.0006419197910885069,0.0014753012269681294,-0.003011097473842508,0.00681471179759455
h0,308,0.0012318520440630703,0.0031239597254147013,-0.000973970776939041,0.00038398410698611645,0.002393435120790504
h0,309,0.0009675936841632511,0.0037848497950964052,-0.0039100526638638534,0.0008092335609929591,0.0031863440444274936
h0,310,-0.0005885121448760866,-0.0016859459770569032,-0.0001849039414032547,0.0029689488250875876,-0.0034521474861317764
h0,311,0.002997465252796771,0.004363586498731793,0.006265292568875599,-0.005528414557591859,0.006889396501171549
h0,312,0.0028746178040114255,-0.004180473766444534,0.005625885436764743,0.0034622692053738954,0.0065907903403515985
h0,313,0.0011910520588273678,0.00012822984107592055,0.005081596494608478,0.0020258499907663072,-0.0024714680911412344
h0,314,0.0028476164733209444,0.0030485447189360125,0.005843715256115155,0.0006990379156850606,0.0017991680025475497
h0,315,0.0031747749823278176,0.004988636424477135,0.007675185041773704,0.0014761056202154167,-0.0014408271571549856
h0,316,0.0027905270473356945,0.005748401385520592,0.006584509784014271,-0.0005029071926959542,-0.0006678957874961327
h0,317,0.0012398138933128332,0.0012470962519993268,0.00437865051696594,-8.361567248182987e-05,-0.000582875523232104
h0,318,-0.0009657162390461677,0.00010382814726076915,-0.0045352698280430965,-0.001060426609496332,0.0016290033340939885
h0,319,-0.0009654267494782042,-0.0075171377156482005,0.0008247437913459175,0.003491718225092749,-0.0006610312987032832
h0,320,-0.0014250882855810906,-0.0021981328383048155,0.00206503030793988,-0.006062979852704297,0.0004957292407448703
h0,321,-7.657918512343068e-05,-0.0052377862690677615,0.004996363570414502,-0.001006981873611238,0.0009420878317707744
h0,322,-0.0007769896363490212,0.001539498281009186,-0.00275929528154413,-0.0015508372817723672,-0.00033732426308877343
h0,323,-0.002710058791145699,-0.004056930627326637,-0.005289859997986814,0.0005675236702490842,-0.002060968209518429
h0,324,-0.0016456328478225946,-0.002478903453870847,0.0035709436688597176,-0.004959904672934108,-0.0027146669333451413
h0,325,-0.004041854562303205,-0.0009488704413875746,-0.005283427947194236,-0.008113293484938895,-0.0018218263756921138
h0,326,-0.0015032800046015887,0.0004785060282030526,0.0028150892854471236,-0.005204777752252093,-0.004101937579804438
h0,327,0.0010932995098281043,0.002547201408670332,-0.0015275231023413542,-0.0005302129987460336,0.0038837327317294726
h0,328,0.00046320846014863117,-0.004564844862233703,0.0022857653224874113,0.005226517837422827,-0.0010946044570820108
h0,329,-0.0012549996013480375,-0.0023354385739725505,0.0024778140563968465,-0.0010705820327305566,-0.004091791855085889
h0,330,0.002113601023477723,-0.000850280951376532,0.006384218523515956,-0.0031726228447723215,0.0060930893665437896
h0,331,0.0006234581056524326,0.0007660215139610664,0.0024281390021409677,-0.0021333138708559516,0.0014329857773636477
h0,332,-0.0018455013052271268,-0.0018838732834800544,-0.0014030319495061299,-0.003894734659243973,-0.00020036532867834939
h0,333,-0.0008145706692209321,0.003582896963243968,-0.00013288044386734115,-0.0010212222012961885,-0.005687076994964167
h0,334,-0.0033043985703677765,-0.0009469788939012192,-0.005820503602790214,-0.0025310688901238588,-0.003919042894655813
h0,335,-0.0023148555321561596,-0.011368758433399557,-0.0018964656092828058,-0.0010629536410480297,0.005068755555105754
h0,336,0.0012793810463635341,-0.0036617320062284427,0.0038486265434482525,-0.00013161162838664362,0.00506224127662097
h0,337,-0.0011499113536347617,0.0012199547276783543,0.002736000082196618,-0.004503703073725523,-0.004051897150688496
h0,338,-0.0030108372088237367,-0.004799037625644002,-0.004694551790229179,-0.0037621439230141416,0.001212384503592374
h0,339,-0.003553939028080659,-0.0003416852751796166,-0.007463621557554791,-0.005270723303481409,-0.001139725976106822
h0,340,0.002221032310608549,0.002254736023507925,0.006119525546911077,-0.0020516328060480858,0.00256150047806328
h0,341,-0.0031347080955103006,-0.008284602333742721,-0.0059285183149544625,-0.0009304109710912569,0.002604699237747239
h0,342,0.0027928366046265766,0.007004246307408653,-0.0021428695928236976,0.001363309152689791,0.004946660551231561
h0,343,0.0020919295738146553,0.0049035301706064766,0.0007111499540243531,0.0017847298857343566,0.0009683082848934342
h0,344,-0.00105872436718269,0.00424658579494063,-0.0018139568564235894,-0.0015594721369086993,-0.005108054270339101
h0,345,-0.0009928995067702345,-0.0046906655093618835,0.0016968165690702678,0.0016840934538875005,-0.002661842540676823
h0,346,0.0012201461904584301,0.008534522432534912,-0.004892638183844939,0.002525196196186859,-0.0012864956830431114
h0,347,-0.000682904512269064,-0.0060817061210889,0.0028678373784668497,-0.0012677477290176057,0.0017499984225634003
h0,348,0.0017667701812216197,0.004253782688701611,0.005844869643988677,-0.0003575877125058946,-0.0026739838952979152
h0,349,0.00042038681745463417,0.00012253073076593565,-0.0027536022541109805,0.005161430051752448,-0.0008488112585888661
h0,350,-0.0013636930608453472,-0.0008990213992168827,0.006151655804328169,-0.00679580233275454,-0.003911604315738135
h0,351,-0.001436999336201133,-0.0024586785666311202,-0.004209841270512141,0.0011729812356784924,-0.000252458743339763
h0,352,-0.0009693596963894237,-0.003612764264621481,-0.001719283145947269,0.0008620717729010015,0.0005925368521100536
h0,353,-0.0008334476820529119,0.0033627441951898517,-0.002644397567278502,-0.001680976589406523,-0.0023711607667164744
h0,354,0.0016309932573156526,0.007875302818375332,0.00375853543570379,-0.002105794435922623,-0.0030040707888938875
h0,355,-0.0001576934736706302,0.0004968633907522683,-0.0017274958345867334,0.0015338396555441146,-0.0009339811063921704
h0,356,-0.00018734540016892963,-0.003040894807308337,0.0019426365010161502,0.0004864920989885098,-0.0001376153933720415
h0,357,0.002693934453327354,0.0019703726600554623,-0.0006838943930714872,0.002471271658735363,0.0070179878875900785
h0,358,-0.0015381013089575517,-9.798242992671059e-06,-0.003926686694940421,-0.0014350450959592662,-0.0007808752019378488
h0,359,-0.003828793348313376,-0.0001343376497615609,-0.009365251095025957,-0.0019967056183432816,-0.0038188790301227032
h0,360,-0.0023360854354908763,-0.005059217993959234,0.002065966539489924,-0.002939761960235038,-0.0034113283272591576
h0,361,0.0005302084203960714,0.00431101133847812,-0.001140456928442332,-0.00014496467426143426,-0.0009047560541900677
h0,362,0.002275702803348171,0.004606030893751051,-0.001756003724971689,0.001998894648136122,0.0042538893964771994
h0,363,0.0016202150019100263,0.003600873399212623,-0.00420052021219144,0.0025076234448322848,0.004572883375786637
h0,364,0.0028640344691091973,-0.0001904436744608691,0.005729817355589636,0.003002250693506304,0.0029145135018017196
h0,365,0.0015168163434653333,-0.008674264954321272,0.005341473792739448,0.0033898912087687483,0.0060101653266744085
h0,366,0.0021461092700081432,-0.0006310622585602584,0.004981213588315342,0.003122573226945015,0.0011117125233324745
h0,367,-0.0008564454879503353,0.0003288304882414493,-0.0022517869379348526,-0.0035375377778813976,0.0020347122757734598
h0,368,0.0016411870844199312,0.004187304572745158,-0.004807383980520216,0.003207666309651369,0.003977161435803415
h0,369,-1.95991151147842e-05,0.0025394441435251966,-0.0051609787145270244,0.002206283070761361,0.00033685503978133003
h0,370,0.0018565553420978689,0.007880467590275005,0.0027419651513972748,-0.0028624056080785026,-0.00033380576520230187
h0,371,-0.0009556788403639932,-0.00048330245220771806,-0.001200501150815238,-0.0058475398054820375,0.0037086280470490203
h0,372,-0.000697693809033634,0.0012147258394168102,-0.00047539527158280267,-0.006043913078771317,0.002513807274802774
h0,373,-0.001754657036203402,-0.004617608636466288,0.0006501691742504741,0.0004615147145698027,-0.003512703397167597
h0,374,-0.0020677832948945195,-0.0036452868850804353,0.0009055750867982672,0.00010771575242720603,-0.005639137133723116
h0,375,-0.0011509490140621092,0.0014576285160479965,-0.0037910974705147914,0.0017532961473317905,-0.004023623249113433
h0,376,0.0021227800920577593,0.0066083743395883195,0.006732660697838996,-0.002529458941588511,-0.002320455727607769
h0,377,-0.0012138371882253818,-0.0014342076381100616,0.0018186338303902412,-0.004885958112974935,-0.0003538168322067722
h0,378,-0.0002301430048584699,-0.004036024387629165,-0.0003982182583423412,0.0023132174952998448,0.0012004531312377817
h0,379,0.00020588499334350975,-0.003445935842148336,0.0014769465583071256,0.0011783872339591543,0.0016141420232560952
h0,380,-0.0017149049523417245,-0.0011455312636513505,-0.003948907256760037,-0.005801659513177189,0.004036478224221678
h0,381,-0.0006734511525504473,0.004174066194957647,-0.0024471957294479813,-0.003615523462796366,-0.0008051516129150884
h0,382,-0.00199168183621194,-0.003039172670017063,-0.0036261000221999473,-0.0013749649935196572,7.351034088890873e-05
h0,383,-0.00022016225022737345,0.0004897865215200345,0.000314208159943729,-0.002219913352966863,0.0005352696705936058
h0,384,0.00024954377971910294,0.0037076829659750967,-8.530893534464226e-05,-0.0022058079070413766,-0.0004183910047126662
h0,385,0.000657575341121691,0.007212582807297073,-0.0035485236749544795,-0.003764975073143965,0.0027312173052881352
h0,386,0.0005731278940299073,-0.004449703720651794,0.004155223698463936,0.0007753392011175776,0.0018116523971899088
h0,387,0.0009034759269347737,-0.00271172954219951,0.005623247295106234,0.0019246743538922427,-0.001222288399059872
h0,388,0.002151622537084913,-0.00398629993135813,0.0017585695348360962,0.000856756405285036,0.00997746413957665
h0,389,-0.0020156305781377838,-0.0004957061952279769,-0.0017932411482272444,-0.0013540516718174682,-0.004419523297278446
h0,390,0.0001981382239625276,-0.0009072742662491078,0.0044625241532956425,-3.9187630361834226e-05,-0.00272350936083459
h0,391,0.002096636690503918,0.005166545089932163,0.003535881216411717,-0.002501111784466738,0.0021852322401385315
h0,392,0.0010356970436505677,0.003509932042126411,-0.0035730122336981853,-0.0011308826010830442,0.005336750967257089
h0,393,0.0008503317767336383,0.002551184883289872,-0.0038490522576498194,0.0036943372356196694,0.0010048572456748312
h0,394,0.00030242157723692794,0.0017984585619923166,0.0034869246653995815,-0.0013383235658517372,-0.0027373733525924487
h0,395,2.4105111860006704e-05,-0.00019571445507720188,-0.001978012594207244,0.0016238725743119653,0.0006462749224125072
h0,396,-0.0012473084413271798,0.0027248696506881865,0.0013410631904319558,-0.009003234088405324,-5.1932518023537616e-05
h0,397,-0.002441933861609197,-0.005455635353707515,0.0012998529353323621,-0.005004276516349085,-0.0006076765117125501
h0,398,-0.0005102773655999786,-0.0002868637595424087,-0.002345286643923139,-0.0007117768715324603,0.0013028178125980934
h0,399,0.0003334368592063003,0.0011641240053682674,-0.002263564706908936,-0.00262498997853162,0.00505817811689749
h0,400,0.00023179804788162712,-0.0015503991822526778,0.0008625369160248727,-0.0006995283755544342,0.002314582833308748
h0,401,0.00167554896908789,0.00021971927397965393,0.0059458891432016495,0.0034686923222163636,-0.0029321048630461064
h0,402,-0.0008784804254101718,2.4755052038036426e-05,-0.0019016161877560933,-0.0020153673686594603,0.00037830680273683004
h0,403,0.00016063727223193043,-0.00018931832506761414,0.0006322229244264828,-0.00011362561139271836,0.0003132701009615714
h0,404,-0.0013781949707251152,0.0025558612073976637,0.0017770438448519738,-0.009928714380324482,8.302944517438375e-05
h0,405,-0.0018532910720553616,0.0005966146280467176,-0.004256102953337458,-0.0016601073270816522,-0.002093568635849055
h0,406,0.00020050873987143805,-0.001437574132664409,0.003150450679713565,-0.00014327424760820682,-0.0007675673399551968
h0,407,-0.0031718765643612137,-0.006229512133589683,-0.001549369862777966,-0.003008229948272232,-0.001900394312804973
h0,408,0.002772800194647245,0.0017794824455885797,0.0067728025138363126,0.0001203690601401838,0.002418546759023905
h0,409,0.0016352594452292723,0.0022553665712314918,0.0006823359445605893,0.004382387682702503,-0.0007790524175774953
h0,410,0.0004297996784863947,0.0008574830438650769,-0.00034275443815963706,-0.0014289400741166044,0.0026334101823567435
h0,411,0.0006107643269916976,0.0016731526132251814,-0.00293529420922297,0.002556329233118917,0.0011488696708456616
h0,412,0.0012989513418897349,0.00552667338023268,0.0038125037153303454,-0.005854299783850202,0.0017109280558461164
h0,413,-0.00023521583082891333,0.0027710302724222153,-0.0032829829858042627,-0.0007349898063003938,0.00030607919636678786
h0,414,0.0010674529899543663,0.0007625334850795769,0.00038172354415168144,-0.00566689435758458,0.008792449288170787
h0,415,-0.0017737806260633854,0.0021634256723818677,-0.0028021143116155963,-0.004457695230298148,-0.001998738634721665
h0,416,0.0006364172841180895,-0.0016554771236651899,0.0049893134141363316,0.0014070379221017629,-0.0021952050761005464
h0,417,-0.002308496748423002,-0.006741170063378774,-0.0028495189751086124,-0.0025436865693755023,0.0029003886141708794
h0,418,-0.00011872359825554978,0.004827803144164095,-0.003163328714656241,-0.002297430394589207,0.00015806157205915355
h0,419,-0.003669096561259266,-0.0009862261232546211,-0.0017547042922363917,-0.007256973336472332,-0.0046784824930737184
h0,420,0.0015928830575766542,0.005825650973833041,-0.0024088381796418387,-0.0012742395468044653,0.00422895898291988
h0,421,0.0012057500457938156,0.0006095582437073962,0.007930369099113647,-0.002613515737309543,-0.0011034114223362373
h0,422,-0.004112584739598138,-0.000740765805050886,-0.0028368735775087094,-0.010494627557643146,-0.00237807201818981
h0,423,-0.0024130551112388227,-0.006378551856533805,0.0019521812324234345,-0.003260164375485358,-0.001965685445359561
h0,424,-0.00208406593859492,-0.0024321475754641607,-0.0004304728778767948,-0.0019028626041205838,-0.0035707806969181408
h0,425,-0.00029845451720710166,-0.0020591726766758653,-0.003532535511117119,-0.002436283725721853,0.00683417384468643
h0,426,0.0023301144368963007,0.004196934869096192,0.0034260594254705524,0.00012933696623503146,0.0015681264867834276
h0,427,0.0015646300715536287,0.002886293185024872,-0.003026421536143408,-0.0005011785486136787,0.006899827185946729
h0,428,0.003480041249651325,0.0004931437215723902,0.002968115368987942,0.0040535861385652345,0.006405319769479733
h0,429,-0.0036949493327731392,-0.004854448958225074,-0.005980072414005667,0.0003595255138983056,-0.004304801472760122
h0,430,-0.0018072366150893178,-0.0015222552425081031,-0.0016575288477851681,-0.00010942415222263246,-0.003939738217841367
h0,431,0.0011866581280202686,0.0049169995364605635,0.003043974720712845,0.00039636130057036614,-0.0036107030456627013
h0,432,0.0005999397062079134,0.0009487679069825623,0.004934356213947737,-0.001863382972289774,-0.0016199823238088717
h0,433,0.00037583651879582655,0.0004428080840383242,-0.003283660325422126,0.0009257983257954703,0.003418399990771638
h0,434,0.0015595492828308587,0.006870031814948644,0.0006018526011260256,-0.0013830439554556803,0.00014935667070444566
h0,435,-9.584513402564714e-05,-0.0007941539709671714,0.003707087768467461,-4.871705791589223e-05,-0.003247597275686986
h0,436,-0.0004974047158358385,-0.0027246080722535576,0.004157192641970123,-0.005966002308732504,0.0025437988756725842
h0,437,0.0013320942402326725,-0.0004927250351147254,-0.0012254069468251127,-0.003325545583845762,0.01037205452671629
h0,438,-0.003003721417282431,-0.004159868242451498,-0.0002716499932099905,-0.0014233303479486439,-0.006160037085519591
h0,439,0.0010811063744128248,0.002860741204660103,0.007855266396459979,-0.0021032212076752656,-0.004288360895793516
h0,440,-0.0035994958878299167,-0.0027053306010806897,-0.0022407612212388627,-0.008949405106855443,-0.0005024866221446709
h0,441,0.002029002906568982,0.005227787546674001,0.0023628653850711616,-0.005584261551753346,0.0061096202462841125
h0,442,-0.001531044700746803,-0.00684634163991372,0.0023989332880232947,-0.0034890982565328734,0.001812327805436085
h0,443,0.002334826660336009,0.000652810428518755,0.006180078217065255,0.0012523364817590486,0.0012540815140009765
h0,444,0.0003302478340648188,0.005563341950262427,-0.003191129201290496,-0.0027423674043875147,0.0016911459916748588
h0,445,-0.001992488460900093,-0.008683817594736552,0.0012185351505639474,-0.0001616816612401438,-0.0003429897381876247
h0,446,0.0009710668378467516,0.0012623412528134474,0.003579874135853335,0.0004241545458691053,-0.0013821025831488813
h0,447,-0.004069259155834586,-0.010915199697377066,-0.0022206393943309476,-0.0012005124600737928,-0.0019406850715565375
h0,448,-0.002606989263198903,-0.0020038689726601076,-0.006277315837520479,-0.0008356354727894191,-0.0013111367698256057
h0,449,0.0010978895769475326,0.0025401589782313213,-0.003855250117719168,0.0020208654237275606,0.0036857840235504165
h0,450,0.0027569743569324312,0.001280485238971182,0.006424572903718166,-0.0007361926143424546,0.004059031899382831
h0,451,0.000822700001569098,0.005940524047982624,-0.005002753908111488,-0.0012084605854733137,0.00356149045187857
h0,452,0.002755726041218105,0.0005869346685317329,0.0036790032895360333,0.0030592389266091407,0.0036977272801955127
h0,453,-0.0007480878661970216,-0.00360589198109997,0.0002228530115762925,0.0008052245053947102,-0.0004145370006591193
h0,454,-0.0029167048642907093,-0.005942448064058374,-0.007080133068745763,0.003476790368394541,-0.0021210286927532407
h0,455,-0.0029991101434815714,-0.003864917447813802,-0.0028903476827321956,-0.0011735656229347011,-0.004067609820445587
h0,456,0.00011516882856758392,0.006016969261432984,-0.003497947885463803,-0.0037120770258299548,0.001653730964131109
h0,457,-0.0011812616818537988,0.0007782589596509305,-0.0046920244842697054,0.00041410648366104006,-0.0012253876864574598
h0,458,-0.0029649819572488377,-0.007760938216726376,0.0001082247630911827,-0.0036368856946634295,-0.0005703286806967274
h0,459,0.004185605468720521,0.004851017496659529,0.004253935545567284,0.0030933688227109003,0.004544100009944369
h0,460,0.0006587386975410647,0.0014737942602831944,0.0008699844936610626,0.0035850804126917454,-0.003293904376471744
h0,461,-0.0019263272197179038,0.002139161044440506,-0.005423053200080562,-0.0012421373097333828,-0.0031792794134981764
h0,462,-0.0024477095449764344,-0.010130918572523233,-0.002656747010924341,-0.0011833536895583534,0.004180181093100189
h0,463,0.002565369924969234,0.00023104071418506093,0.0043594433900971275,0.00016030319583707755,0.005510692399757671
h0,464,0.001696285468847312,0.00020159240950277382,0.005821238970187343,-0.0010877406664965559,0.0018500511621956867
h0,465,0.00411597579038343,0.008475578902803274,-0.0025434664336466068,0.0033495174606250604,0.00718227323175199
h0,466,0.0037787767539072224,0.0076146190171586595,0.004471820553088188,0.004249045488922566,-0.0012203780435405239
h0,467,-0.0034849289340389633,-0.0016044669030858124,-0.0022818030244214802,-0.005290774942474934,-0.004762670866173625
h0,468,-0.0025211174198212657,-0.0025490722313132237,-0.0007597041291167077,-0.0068685786855991245,9.288536674399353e-05
h0,469,3.775998273215764e-05,-0.0060893436371519385,0.001949627332092271,0.0018733230137370212,0.002417433222251277
h0,470,-0.001085097881821622,0.006884636240017417,-0.003438900414000901,-0.007996728443492439,0.00021060109018943487
h0,471,0.00010687236390446542,0.0025224191266498097,-0.0034472249791472833,-0.0013589712251385812,0.0027112665332539162
h0,472,-0.0015902909216776292,-0.003134427674052398,-0.0028668542941332185,-0.006163119442014779,0.005803237723489879
h0,473,-0.002776380188034057,-0.00734868000590165,0.004276824612491991,-0.006549897972690364,-0.0014837673860362056
h0,474,0.0005599510152943584,0.000812238306491052,-0.002467523405220803,0.0018538094708521963,0.0020412796890549884
h0,475,-0.00029105169919566693,-0.0013336587255484633,0.0009285975250175876,0.0019555428923344704,-0.0027146884885862624
h0,476,0.0017846245536782472,0.006921731586047953,-0.004548762666483044,-0.0015688271358320573,0.006334356430980137
h0,477,4.006010646196925e-05,0.00036298084931987544,0.005078098829880535,-0.0046696108440430345,-0.0006112284093094985
h0,478,-0.002163169220822949,-0.008091713096603564,-0.0019445363216259485,0.00156510330209546,-0.00018153076715774364
h0,479,0.0003757695720733767,0.0029216111902448817,-0.005108413651408836,-0.0019321115565225488,0.00562199230598001
h0,480,-0.0020950855511150386,-0.0018374674900713734,-0.0058083078209527905,0.0009056833581840854,-0.001640250251620076
h0,481,0.0017875882967090405,0.00832683094431275,-0.0034353698667223534,0.003223840550760148,-0.0009649484415143817
h0,482,0.003598248663689554,0.0006687614145551434,0.007743487077802705,-0.0013278389260240248,0.007308585088424392
h0,483,0.0030444428423705753,0.006042593236402881,0.0019880013102282004,0.0028687532276272217,0.001278423595223998
h0,484,0.0007213596877546293,-0.0015243129220041261,0.0049501983747156164,0.0034721292629913752,-0.004012575964684349
h0,485,-0.002895908337249846,-0.0017191239726194478,-0.006593623207349278,-0.005653327202948454,0.0023824410339177947
h0,486,0.00027635996383329725,5.3516117664859715e-05,-0.0007006969663484584,0.0027426028578910566,-0.0009899821538742692
h0,487,-0.0004261464446105338,0.00010952975385448277,0.004951802016426282,-0.0017482042005757285,-0.005017713348147172
h0,488,-0.00024670125780819785,0.0016853418817130968,-0.004052166399307354,-0.001101010800785015,0.002481030287146481
h0,489,-0.002071890017330482,-0.005641773233035917,-0.0017051068682487915,-0.0022041577218557414,0.0012634777538185218
h0,490,-0.0007382543170063841,-0.001042052948489592,-0.0008027941951540731,-0.0004580908901307291,-0.0006500792342511424
h0,491,-0.0033901055205143426,-0.00046087596577465515,-0.0025726406962413547,-0.00833668193271614,-0.00219022348732522
h0,492,0.002229336851832376,0.004904100451058082,-0.0015548534958940109,0.00474595604303404,0.000822144409131394
h0,493,-0.0014620980210062972,-0.0027454958585185034,0.0014289975016825295,-0.001894011318497583,-0.0026378824086916316
h0,494,-0.0014669965091203992,0.003983119630808755,-0.005169330021026235,-0.0021960068056063728,-0.002485768840657744
h0,495,-0.0002998377952585557,-0.003805827737014138,0.004846829803180811,0.0001278939331705145,-0.0023682471803714105
h0,496,0.0016674854858054057,0.0026533332307867785,0.006725509701270348,-0.004931605247559749,0.0022227042587242445
h0,497,2.1372134509151672e-05,-0.003239681977996566,0.0028718101497606143,-2.0604868303954584e-05,0.00047396523457651296
h0,498,-5.3175664260255286e-05,-0.001504331736849948,-0.002862547207436879,0.0030620210278295276,0.0010921552594162782
h0,499,-0.0017533408634877786,-0.003430591895400887,-0.0027475542025257762,0.0008838127464788619,-0.0017190301025033128
h0,500,0.002525062219490367,0.004394111689772788,0.007623416899877208,-0.0005383096140787171,-0.001378970097609811
h0,501,-0.0031844288497993875,-0.00830522272573013,0.004527235566904133,-0.005409334059131771,-0.0035503941812397815
h0,502,-0.0004672409026143633,-0.00612680167778626,0.000644015690259539,-0.00031946571523727577,0.003933288092306543
h0,503,0.004041673593746593,0.00765717047295324,0.003775098209106556,0.004665337609438534,6.908808348804257e-05
h0,504,0.003107971351447118,0.007032626120265316,0.0018930830439557215,0.0018249564313501609,0.001681219810217272
h0,505,0.0012733077713649038,-0.007531554131659129,0.0035349966918500363,0.0037057323609239667,0.005384056164344742
h0,506,5.70793092849574e-05,0.0025968548267241995,0.0015275738441927753,-0.003317462303271226,-0.0005786491305059194
h0,507,-0.00039959854315679464,-0.001365103877498126,-0.004352023545088192,-0.000916359408794824,0.0050350926587539625
h0,508,-0.0010301355108241128,-0.004525552726249118,-0.0003104943391629689,-0.005385909923784174,0.006101414945899809
h0,509,-0.0007800032748678264,-0.0016496993965170515,0.007782586535755524,-0.0026555231679597606,-0.0065973770707500184
h0,510,-0.0007644589538435248,-0.003014810763390878,0.0024317551310592636,-0.0005556357411314973,-0.0019191444419109872
h0,511,0.0013538637504305923,0.003880411679953382,0.004688550720165522,-0.002894727414988611,-0.00025877998340792453
h0,512,-0.0001239931149863157,-0.0025855079946136756,0.0022782878947999715,0.0021529341435312698,-0.0023416865036628284
h0,513,0.0016955977789988147,0.0034879494472318676,0.004596351228401142,-0.0015830328485116063,0.0002811232888738549
h0,514,-0.0017078091669832393,-0.01058320807897899,0.004160853574098458,-0.0010830618280402585,0.0006741796649878331
h0,515,0.00039934129850790936,0.008808403785269018,-0.0005935772712937757,-0.006341895879721147,-0.00027556544022245806
h0,516,0.0015663001170851745,-0.0004575537097505154,0.004527444218348529,0.0010711212266477609,0.0011241887330949237
h0,517,-0.0007566618138181928,0.00034338937426196955,0.000773453761372354,-0.0029991310165247737,-0.001144359374382321
h0,518,0.0011675765078271133,0.00012595085978823328,0.007025667277991088,-0.0020938140476303747,-0.00038749805884049314
h0,519,-0.0029668763586969725,-0.0049593646681698736,-0.0037605429198922834,-0.002429411937960824,-0.0007181859087649099
h0,520,0.0009628362266262102,0.009050441472612131,-0.0018602454219066244,0.0002881595668347528,-0.0036270107110354184
h0,521,0.0027557983827350683,0.002822040276465739,0.006404349364188887,0.004668519925017243,-0.002871716034731594
h0,522,-0.0019714370507969226,0.0024418892272603425,-0.0021187486124694867,-0.009981842910241836,0.0017729540922632914
h0,523,5.085764112660674e-05,-0.0027535827180687846,-0.001095626186259228,-0.0021123872165620264,0.006165026685396466
h0,524,-0.0037027660721290455,-0.0005132899229951183,-0.003615780266037178,-0.006933004256294605,-0.003748989843189281
h0,525,0.0005185971634851119,-0.0012450017044751789,0.0034507715597128412,0.00012078297857993128,-0.0002521641798771463
h0,526,0.0020513228471033514,-0.0038760586174113446,0.001792281494280751,-0.00036807992693482945,0.01065714843847883
h0,527,0.002443559982026504,0.007699635774452416,0.005723667384895643,-0.001117172367598802,-0.0025318908636432417
h0,528,0.0014015734825354837,0.0009226462519567632,0.0046901867575507,8.883994373391988e-05,-9.537902309944888e-05
h0,529,-0.001492309776721732,0.003926315303269836,-0.005344702849573109,0.00011137341589026331,-0.004662224976473919
h0,530,0.0003215623449694422,0.005051546237053443,0.000792676696687386,-0.0010864979908976214,-0.003471475562965439
h0,531,-0.0013909860564751673,-0.000606590276554205,-0.0023002219317780834,-0.0012854651474371657,-0.0013716668701312155
h0,532,0.0007909131771204193,0.0004853802632389302,-0.003177495684515629,0.0015907174182271215,0.004265050711531254
h0,533,-0.001621862802105713,-0.006624496134217058,0.001872534302131305,-5.049510924137518e-05,-0.001684994267095724
h0,534,-0.0026334993949918653,0.001398158676010293,-0.00449042844575916,-0.007014295046923081,-0.00042743276329551387
h0,535,-0.00012362303626531476,0.007905154083945118,-0.0018167918667639713,-0.001234321278074127,-0.005348533084168278
h0,536,-0.00032818543096671765,-0.0033020624484093237,0.0009028811930679123,0.004577164642030724,-0.0034907251105561828
h0,537,0.002720365970706685,0.007994179325817752,0.0007630217628614512,-0.00019178588688833803,0.0023160486810358738
h0,538,0.0007138011766584681,0.007038749391413895,-0.0029946514268385308,0.0019032791764343213,-0.0030921724343758125
h0,539,-0.0021031959828102945,-0.0019170568202899257,-0.003230706861331416,-0.003187939227854394,-7.70810217654421e-05
h0,540,0.0007565162145105792,0.0015178672067222344,-0.00268253358771828,0.0014062471157025294,0.0027844841233358327
h0,541,0.001483271241911142,0.0047188857520748416,-0.0020379825090572545,-0.0032109771200979458,0.006463158844724926
h0,542,0.0006200432494589199,0.001332714902479523,0.006682305154175803,-0.0037221416965034964,-0.0018127053623161495
h0,543,0.00018295505793103407,-0.004960820224826478,0.004295925494454257,0.0023066594305347354,-0.000909944468438378
h0,544,0.0017325497067657454,0.0038662076599266923,-0.001230972479508233,0.00047833037889740353,0.003816633267747119
h0,545,0.0016196398354598029,0.0045384008010607305,0.005836428497678176,-0.00036448985209762007,-0.0035317801048020746
h0,546,0.0020022440530066228,0.004330881417565353,0.0008010654248890347,0.0017664547328504155,0.001110574636721688
h0,547,0.0016169341080893784,0.0028440986495752493,0.000376102836960748,0.0028296715021992763,0.00041786344362224005
h0,548,-0.002872613380831855,-0.005343159489652419,-0.0038315643544591825,0.00126086896511042,-0.0035765986443262393
h0,549,0.0005527348919028854,0.006157005118558635,-0.006661773619452813,-9.287537312224e-05,0.002808583441627959
h0,550,0.0010990250820552146,0.004507384389742757,0.007918274989182886,-0.004963606517104816,-0.0030659525335999687
h0,551,-0.002852822736907698,-0.005325414005992141,-0.0017943967677403216,0.000223083897804636,-0.004514564071702966
h0,552,0.0003594637935369913,0.002102971733036083,0.0027279575322234403,-0.0013536692117298139,-0.002039404879381745
h0,553,0.0015396175641511176,0.006695493095156331,0.0012208333642855355,-0.0032692960673519683,0.0015114398645145726
h0,554,0.0037646755381079778,0.0009807387567980052,0.004756742581977771,0.00104982936669432,0.008271391446961814
h0,555,-0.0012388584259969459,-0.0026536825193743062,0.0018038570663698626,3.41044743312947e-05,-0.004139712725314634
h0,556,0.0023642093171557647,0.0032795569626848696,0.0023042706765628194,0.002557087921888215,0.001315921707487155
h0,557,0.001941600510516121,0.0009734703480895376,0.006217677994229849,-0.0018961015797515385,0.002471355279496636
h0,558,0.0017041698861124477,0.0003729052025100118,0.00733502275821962,-0.002356914669056039,0.0014656662527761976
h0,559,-0.0017104515491664645,-0.002942015145201874,-0.0008118857658688246,-0.0007290461114359307,-0.0023588591741592283
h0,560,0.00015340476885125935,0.0037087150907415055,-0.0018788551405111863,-0.0038945009630062246,0.0026782600881809426
h0,561,0.0038179167419959466,0.009150708516991353,0.0039271843425854516,0.0012080030204075528,0.0009857710879994292
h0,562,0.002113493003249224,0.004334088667566671,-0.005715389054956254,0.0024864026178899007,0.007348869782496578
h0,563,0.0019467770917600308,0.006599441942629181,-0.0023816369347780717,0.002160849080777033,0.0014084542784119814
h0,564,0.0023494173154917845,0.004956696428419638,-0.0038448889175222356,0.0019233678647284174,0.0063624938863413175
h0,565,-0.0005227021427039577,-0.0006436535896625771,-0.002408846589260735,0.00027485434166535784,0.0006868372664421237
h0,566,0.001932762619587363,-0.0019371102004697555,0.00911340791922806,0.001152683280375606,-0.000597930520784459
h0,567,-0.002018872511186271,-0.012203426658909356,0.002027818670273114,-0.005596170464371398,0.007696288408262554
h0,568,0.001915115848212593,5.2072688861660435e-05,0.007470231875282771,-0.0032600860926985656,0.0033982449214045064
h0,569,0.002868528121354921,-0.00010328231647433413,0.005659049981460936,0.0008523314185735321,0.005066013401859549
h0,570,0.001561462024744182,0.006875279627283363,-0.004421724957876672,0.0021514006173396407,0.0016408928122303968
h0,571,0.0001088576386950456,0.002059269067897175,0.00042806594013044424,-0.0017887340039839845,-0.0002631704492634527
h0,572,-0.0009210463199059579,-0.009639828115097204,0.002396165854679258,0.0030471720999725926,0.0005123048808215217
h0,573,-0.0017009850540345578,0.0003784419324141092,-0.0007431105388013738,-0.00203915520819682,-0.004400116401554147
h0,574,0.0009621547272531961,-0.00045069780962698125,0.0004345244886210799,0.004511736822792281,-0.0006469445927735954
h0,575,-0.0025773721663849515,-0.004012700442963904,-0.0011093857641508481,-0.002638431874660229,-0.0025489705837648253
h0,576,-0.000808284962015772,0.001714495815673963,-0.004452896789182386,0.00175852042294071,-0.002253259297495375
h0,577,-0.0038518704193207416,-0.010613486387764529,0.00015514603097487945,-0.0009080954030434949,-0.004041045917449821
h0,578,0.003959816723788532,0.0006333070291814272,0.0076759514793529925,0.004503489162846123,0.0030265192237735852
h0,579,0.0006568311460436319,0.005104847595911118,0.0012983354393626713,-0.005528993057477855,0.0017531346063785931
h0,580,0.0005695861861392092,0.002072098444574175,-0.0034911072232071115,0.0024953039771422585,0.0012020495460475147
h0,581,-0.0016199102187403733,0.00044955005829975365,-0.0009844545939195776,-0.002797872360219631,-0.0031468639791220384
h0,582,-0.001519387817348552,-0.0035875256125631155,0.002540929566106241,-0.0007169049112779928,-0.0043140503116593405
h0,583,0.0009873140116649626,0.00023231184890493234,-0.001439278354963776,0.004451747320223448,0.0007044752324952459
h0,584,0.0010068313823381621,0.004374372223589021,-0.0019157008925645774,-0.0024697617943946425,0.004038415992722847
h0,585,0.0014498900470359239,0.002371765195623171,-0.0005140720875988674,0.0039698717410743154,-2.8004660954923752e-05
h0,586,-0.0005395819234300921,0.00013324659421799323,0.0005369161477177112,-0.0004677998949014039,-0.002360690540754669
h0,587,0.0008766166485772441,0.004446780180900337,0.005098552693201509,-0.0027180072398721184,-0.003320859039920752
h0,588,-0.0029242286684534836,-0.006861640908882733,-0.0018002103900277625,-0.0006339085689391051,-0.002401154805964335
h0,589,0.002424089087171946,-0.004262480607606938,0.005716946214573708,0.004289637015279419,0.003952253726441593
h0,590,-0.003019702548914108,-0.006519862177953157,0.003139683313844911,-0.003326056782578572,-0.005372574548969614
h0,591,-0.0011932127649143633,0.0002467695946199969,-0.0036091775326567216,-0.00013386449273811635,-0.0012765786288826124
h0,592,-0.0011702389022516678,-0.003443805604017944,0.0021804129384051696,-0.004232926146465542,0.0008153632030716446
h0,593,-0.002411320564860033,0.00454855969512137,-0.006446497207698127,-0.0073946308031012774,-0.00035271394376209966
h0,594,0.0012370135524298002,-0.002267329543412324,0.004074392028241575,-0.0013947161876214705,0.00453570791251142
h0,595,0.0002124823682319527,-0.0017493187713255092,0.005552704023989561,1.015303845517887e-05,-0.0029636088181914195
h0,596,-0.0016562490532265042,-0.005618229024325838,-0.0004509444775557007,-0.006065971762900733,0.005510149051876256
h0,597,0.0002633154743354998,-0.003538789440798237,0.008719318766475822,0.0010089564268367824,-0.005136223855172368
h0,598,0.0009574550930198794,0.002079943847047666,0.001989187532089493,-0.0003462354452834479,0.00010692443822580633
h0,599,0.0004525947279524525,0.0020845763365296647,0.0003491019244655897,-0.004030962560046896,0.0034076632108614516
h0,600,0.0018884246270890808,-0.0017470347222063188,0.004876588835040248,-0.00042022486210266234,0.004844369257625056
h0,601,0.0033241246858239743,0.0026763950745188514,0.0021554148147336083,0.001629348195358917,0.0068353406586845215
h0,602,-0.0008863256216013455,-0.0010289482622104155,-0.001596229807611359,0.0027858483983295886,-0.0037059728149131956
h0,603,-0.0030368664543819297,-0.00176192450361224,-0.005821171440150584,-9.997494191205409e-05,-0.004464394931852839
h0,604,0.001941315214794509,-2.647648547833461e-05,0.003990278150006942,0.0002468984418947753,0.0035545607527546546
h0,605,-0.0004805405946593773,0.0029979055497812465,-0.004245108166697728,-0.0011523607224844157,0.0004774009607633874
h0,606,-0.00016178961127128426,-1.4379087764031386e-05,4.1699242036030454e-05,-0.001017067933601228,0.00034258933424409195
h0,607,0.003210742829888023,0.006626174226719277,-0.003006306983617537,0.0011871325043299578,0.008035971572120392
h0,608,-0.002639172168743452,-0.006161340853341068,-0.0015664877600144603,-0.007769356808324469,0.00494049674670619
h0,609,-0.00011039916975764757,-0.0017226456035149829,0.004095999537638739,-0.00013113202084096595,-0.0026838185923133808
h0,610,-0.0024478942157795326,-0.0022688606341509116,-0.002381809773051465,-0.001103085948557216,-0.004037820507358538
h0,611,0.0011502505371019534,0.0025421614723445027,0.0014160475685305728,0.0011472962899630613,-0.0005045031824303229
h0,612,-0.003440242927407026,-0.004820993248802332,-0.004319317327155988,-0.005779295945496619,0.001158634811826834
h0,613,-0.001948018993506224,-0.003986692133782821,0.002647430332739809,-0.00296210630878767,-0.0034907078641942145
h0,614,-0.0020569762812374724,-0.006932142950555268,0.0013368701465086555,-0.0037090217636805566,0.0010763894427772795
h0,615,0.0005420443314108241,0.0003050297568951701,0.0063469336118857755,-0.0023127201310247274,-0.0021710659121129215
h0,616,0.0030787697169051354,-0.0031280273902839937,0.007867746283424614,-0.000694251666353067,0.008269611640832989
h0,617,-0.002051483344744416,-0.005813150369112213,-0.0022792611702350018,0.00334211612338332,-0.0034556379630137695
h0,618,-0.0018920420106160233,-0.0010205699927495018,-0.0053089342443509505,0.0009671924396049561,-0.0022058562449685975
h0,619,0.0015623228522779434,0.0027201368124856722,0.0004166415740240266,0.004346626451521751,-0.001234113428919676
h0,620,-0.0022458106655345567,-0.008333765635851292,0.0005797592575789621,-0.0007044192607075377,-0.0005248170231583589
h0,621,-0.0016233645742477392,0.001650193682006511,-0.002661223459491898,-0.001980972044382216,-0.003501456475123354
h0,622,0.00018816489787678724,0.006240288529754237,-0.005461762453223699,-0.008282171697783093,0.008256305212759704
h0,623,0.001166223889677885,-0.001877157842853572,0.003954223262066569,-0.0008176037892708547,0.003405433928769398
h0,624,0.002280585573193927,-1.5553053876366576e-05,0.003465634041895526,0.002619647439964788,0.0030526138647917612
h0,625,-0.00143533503763232,0.0001657790588486581,0.00363682871671518,-0.005981850672155846,-0.0035620972539372724
h0,626,0.000775584218413599,-0.00030624890365919366,-0.0018820914497469118,0.0005842603234944481,0.004706416903566053
h0,627,0.0017048791834070552,-0.0035103082990302114,0.005963377768414326,-0.0015358090695601074,0.005902256333804214
h0,628,-0.0050639843154235645,-0.006560453131038421,-0.007741993971989438,-0.002027726671445142,-0.003925763487221254
h0,629,-0.0019794261243258242,-0.0015717658376317091,-0.008194911654679074,-0.0006197345529114046,0.0024687075479188922
h0,630,0.0027306145616492776,0.0007655195217416127,-0.0003394214001656878,0.004476291115495942,0.006020069009525242
h0,631,-0.0037083628549010143,-0.005545063582884763,-0.003233365668560055,-0.004198278142398909,-0.0018567440257603286
h0,632,-0.0026647767947211598,-0.00549727014758342,0.0036132295291255723,-0.008831779631998197,5.671307157140525e-05
h0,633,-0.001624163622574038,-0.004187413671850666,-0.0053492770324843585,-0.0013179208463992018,0.004357957060438074
h0,634,0.0027428645298937585,0.005319631979010006,-0.0025695876837032562,0.0029667114734430525,0.0052547023508252326
h0,635,0.0006145116576227721,-0.0036307217345511265,0.0018896607160377938,-0.0024343705074626695,0.006633478156467091
h0,636,0.0008350193450713944,0.003725140182708848,-0.0012184485614641146,0.002405179032113122,-0.0015717932730722785
h0,637,-0.0019210024117496396,-0.007171151835368582,-0.00037299710095719624,-0.0029489476767501203,0.002809086966077341
h0,638,-0.001436470903114572,-0.007518165358998491,-0.001997474889226424,0.004092521435592883,-0.00032276479982625635
h0,639,-0.0007665881011677752,-0.0022036686815185254,0.0037845993504090516,-0.0035887270986027647,-0.0010585559749588624
h0,640,-0.000714691595564314,-0.002343865343460162,-0.001521233385134421,0.0007545338621033752,0.0002517984842339519
h0,641,0.0002669401031695194,-0.0007532150221283176,-0.005012468279657465,-0.0002570403497283648,0.007090484064192225
h0,642,-0.00187875409271834,0.0012555414819275296,-0.0016741999978252106,-0.006376893889145385,-0.0007194639658302944
h0,643,-0.00020827669484361426,-0.00561939537600565,-0.0001424074279592221,0.0022935624827202677,0.0026351335418701473
h0,644,-0.00029685249143623677,0.0010757855643309879,0.00497307467443808,-0.0017039874300200564,-0.005532282774493959
h0,645,-0.00021677243605646015,-0.005563417543032141,0.004173446012776482,-0.0007895733915397574,0.0013124551775695757
h0,646,0.00018241698333342437,0.004465933061840567,-0.0032722663636132925,0.0017211828519144861,-0.0021851816168080625
h0,647,-0.0013194952301012722,0.004777775958079109,-0.0013562934802337362,-0.0064689246141715695,-0.0022305387840788923
h0,648,0.0009520624051562374,0.003225405558138041,0.0033050480983604774,-0.002043651490716332,-0.000678552545157237
h0,649,-0.000701060898709365,-0.01036422198627916,0.007865702446063513,0.0038604182983457726,-0.004166142352967585
h0,650,-0.004621795524444498,-0.008219882339127144,-0.003385891666110676,-0.005294660863367991,-0.0015867472291721803
h0,651,-0.0017685702193109094,-0.00848698172921339,-0.0011055489389850245,-2.864094801384898e-05,0.002546890738968627
h0,652,0.0010021371966475014,0.005955673516355382,-0.004898393671543363,-0.005883840795158256,0.008835109736936242
h0,653,0.0005678604142179618,0.0034535766447589705,-0.00016282806614069162,-0.002368263748725288,0.0013489568269788566
h0,654,0.0008953391768786215,-0.002943869432484269,0.004745382398414094,0.002138289648670661,-0.00035844590708599983
h0,655,0.000896602600977201,0.0016856516853139035,0.0007051954257778015,0.0005028216672124173,0.0006927416256046813
h0,656,0.0007441441079309708,0.001997860956461392,0.001492252127308389,-0.003953779809274999,0.0034402431572291008
h0,657,0.0017230566926250206,0.002475596070595364,0.0053050717062616175,-0.007303930835348767,0.006415489828991868
h0,658,0.0023022006730511477,-0.0023634742700364367,0.008084985042115729,-0.0001682911942646657,0.0036555831143899654
h0,659,-0.00015481848111945377,0.002075300140353345,-0.0051729762230635756,0.003499889522366971,-0.0010214873641345552
h0,660,0.0018869035600038912,-0.004597490369096866,0.008971395485464473,-0.0005273933136349274,0.0037011024372828856
h0,661,-0.000386427046691926,0.00222725748989537,-0.003027570541165275,-0.0027531895613593874,0.0020077944258615884
h0,662,0.000983959146651791,-0.003995589793807652,0.00035489322588416386,5.474179706696817e-05,0.0075217913574636835
h0,663,0.0018051568046261223,0.005168290460980891,-0.0020682081506432724,0.000978110538307087,0.003142434369859783
h0,664,-0.0007644230137096347,-0.0032884884193293985,0.006323389598190661,-0.0004613812614602754,-0.0056312119722395255
h0,665,0.0013056505662494189,-0.0025925559014784907,0.005892143994576941,-0.0016157468988547757,0.0035387610707540013
h0,666,0.0010585216348699739,0.0020105390827851307,-0.0009194309056398177,0.002219671204958324,0.0009233071573762585
h0,667,-3.8814194680109596e-05,-0.0014501431812799202,0.0009778760493651692,0.0011735291859639103,-0.0008565188327695977
h0,668,0.000304987213910409,-0.002227923846572522,0.001977462858968476,-0.0010004134577042839,0.002470823300949966
h0,669,0.0010579394339221024,-0.0006068213234197231,0.0014852594444962584,-0.00025143104272322447,0.0036047506573350986
h0,670,0.002808241110075757,-0.002272013326888242,0.00914599369538206,-0.0007231508979053271,0.005082134969714537
h0,671,0.0005122803517612559,0.006181175912761648,-0.0016146178548475257,-0.0019507412741020117,-0.000566695376767087
h0,672,0.00120451854683153,0.00352490768734892,-0.002319112764296692,0.0027313169971608176,0.0008809622671130743
h0,673,-0.00036441159552589463,-0.0007531480526811825,-0.003274130055124776,0.0034839293401019845,-0.0009142976143996049
h0,674,-0.0011229430762083744,0.0023958842563539815,-0.0016043176822122577,-0.003519642847345679,-0.0017636960316295424
h0,675,-0.00046078565504674803,0.0025043152969727893,-0.00043252977959872723,-0.0029227144372592643,-0.00099221370030179
h0,676,0.00043889151158749726,-0.0004603311931966442,0.005570789992512577,0.00041561040007240637,-0.00377050315303835
h0,677,0.0007573386309901796,0.0062336125435177225,0.0022529271628345922,-0.002950637789899159,-0.0025065473924924375
h0,678,-0.0009122491566922386,0.003465577454822486,-0.0012310962986332886,-0.00401165775610355,-0.0018718200268546027
h0,679,-0.0013498398489121578,-0.00730785405702209,0.0004968999475079886,0.0020243163306662587,-0.0006127216168007872
h0,680,-0.0010609859332947288,-0.0063613236978067676,0.003092789396090843,-0.002536172738678488,0.0015607633072154971
h0,681,0.0015181969100160288,-0.0014533003339302396,0.0024729600940943735,9.343327891526629e-06,0.0050437845520084545
h0,682,0.00047992440645744784,0.006281101456729185,0.000802292378381296,-0.004829285350297004,-0.00033441085898368566
h0,683,-0.0019228093444630607,0.005398107375451544,-0.006643591674065539,-0.0026475403089901727,-0.003798212770248075
h0,684,0.0020519160858449717,0.0004069450806670992,-0.0005232285637026453,0.0008280035611412069,0.007495944265274226
h0,685,0.0012999114011804573,-0.0038538681092770773,0.0024659385347830702,0.004283481253020892,0.002304093926194944
h0,686,-0.0013404876133428023,0.0004840926323768321,-0.00431342725883572,-0.00286228961885739,0.001329673791945069
h0,687,-0.00011008447035900401,-7.210237116743185e-05,-0.004511841314103317,0.0019862314400017293,0.0021573743638330038
h0,688,-0.0025003181742937314,-0.002676889459574227,-0.00805771036306475,0.002414996792587947,-0.0016816696671238965
h0,689,-0.004198934621008274,-0.004807855639475798,-0.004987746743704334,-0.0023572614010033974,-0.004642874699849569
h0,690,0.000750401158562265,0.005397606522328556,0.008080199881666332,-0.006436027984867932,-0.0040401737848778955
h0,691,-0.002310662525297072,0.00019029825237691972,-0.004346408066182685,-0.000362960233178945,-0.004723580054203578
h0,692,-0.0020982890541729336,0.0006512370844930365,-0.009207183199129278,0.00018538907211102483,-2.2599174166518655e-05
h0,693,0.0011476231038904851,0.002421040472575843,-0.002617226005396366,0.004092109537350438,0.000694568411032026
h0,694,-3.38153084899059e-05,0.0010609899477870884,0.0019101800333295206,-0.004264501662379596,0.0011580704473033634
h0,695,-0.0010758305672327359,-0.007174473052728217,0.004620536150315299,0.0015372892417300356,-0.003286674608248061
h0,696,-0.002966597290817559,-0.005006346577689844,0.00208494467136492,-0.004968271295055363,-0.0039767159618899475
h0,697,0.00011129154550174259,0.0030805692306002763,0.00010584648034361725,-0.001578315627873368,-0.0011629339010635555
h0,698,-0.003196058139376925,-0.0029661775956839197,-0.006242527269211488,-0.002812792329986369,-0.0007627353626259234
h0,699,-0.0009727210920950789,0.002328491692833707,-0.003332825517839935,-0.0016436687164297044,-0.001242881826944383
h0,700,-0.0024833352743699744,-0.0035056997950953794,-0.007299609846572892,0.00061044336054454,0.0002615251836438357
h0,701,0.0011465211022245656,0.005251044807064868,0.0014686449321932669,0.0007068800787489516,-0.0028404854091088243
h0,702,-0.000271195421241318,0.0013731621831138598,-0.0019485609228491697,-0.0017842425246393059,0.001274859579409344
h0,703,0.0018546244603486741,-0.0036942282781849073,0.003980264286836938,0.0013303054127764692,0.0058021564199661965
h0,704,-0.0015676300732713761,-0.0016107502459001806,-0.004835837370487176,-0.000967764991533038,0.0011438323148348902
h0,705,-0.0003134157538637483,-0.0008175170926567705,-0.0019405377582926333,0.0039756069010895385,-0.0024712150655951276
h0,706,0.0009423814392423554,-0.00022761977737263816,0.0069010792748606135,0.0003408126572254859,-0.0032447463977440393
h0,707,-0.002846931258229593,-0.003772883729162596,-0.008618115090564586,-0.0041459939116780435,0.0051492676984868525
h0,708,-0.0011240507308869201,0.003915959805752759,-0.00286676324404623,-0.005795459893732448,0.00025006040847823775
h0,709,-0.0031848086408295465,-0.007976697362282485,0.006591315587023324,-0.007119502350471363,-0.004234350437587661
h0,710,0.0013687199901702694,0.0012914987763118098,-0.0003626530803666531,-0.00014463644951696593,0.004690670714252887
h0,711,-0.0004062105453615317,-0.000468950741117076,-0.0010283166464861208,-0.0050517642472476506,0.004924189453404721
h0,712,-0.0010221268972091828,-0.0011026317396968146,-0.00402629387697575,-0.005853627881297932,0.006894045909133766
h0,713,-0.0010860449786050583,-0.0030618719832225276,0.0032196068361677937,-0.004099235721929351,-0.0004026790454361485
h0,714,-0.003368999201828334,-0.008000664263155865,-0.0057050085587853116,0.0028529973589097963,-0.0026233213442819567
h0,715,0.0021799263674952413,0.0021099119146027073,0.0073546378258799085,-0.0005138896173468436,-0.00023095465315480608
h0,716,-0.0009267880504931351,-0.0004175319277409464,-0.0025668849611761428,-0.0035409390219439726,0.0028182037088885217
h0,717,0.0016771776942731886,0.0005324300167507081,0.001273093603290832,-0.0009587873741744227,0.005861974531225637
h0,718,0.001384973180231564,-0.000726937710781003,0.0050510123708065865,-0.0035923532192657158,0.004808171280166388
h0,719,0.0036812822238234183,0.009194274767598085,0.0018601391240752488,0.002625098200997437,0.001045616802622903
h0,720,-0.002651302046227255,-0.0034282972232430936,-0.004043568818739215,-0.006415846746036566,0.0032825046031098567
h0,721,0.003918553561904027,0.006631288673858963,0.003689348651346724,-0.0006673917694084258,0.006020968691818845
h0,722,0.0007676873303439681,4.542087899617756e-05,-6.444709013359961e-05,-0.00040500818899448163,0.003494783721507776
h0,723,0.0038276418410203884,0.004314086566264445,0.006254480762627797,-0.0005672329054400304,0.005309232940629344
h0,724,0.0005324834914338195,0.002266324550161404,-0.003471999950121917,0.0026852194942463296,0.0006503898714494613
h0,725,0.0011581368511800905,0.004075708784827204,0.0016475904025162326,0.000683504435257177,-0.0017742562178802517
h0,726,-0.00442784692525554,-0.002739041369468366,-0.006371175645408136,-0.00618228642782884,-0.002418884258316817
h0,727,0.0026734954287571666,0.0014487693787361257,-0.0019640744501610526,0.004812864127773837,0.006396422658679757
h0,728,0.0010100434185831592,-0.0013791970724327017,0.004247567726251912,0.00015003818065808627,0.0010217648398553403
h0,729,-0.003177199505037943,-0.002091768035618691,-0.0050833501413414806,-0.0011522768607198919,-0.004381402982471708
h0,730,0.0022876145067987613,0.0038333506570851035,0.002718827862449158,0.0015813996375511556,0.0010168798701096276
h0,731,-0.00014695170449955525,0.0023657294801254876,0.0019369699499945838,-0.0018655987678397557,-0.003024907480278537
h0,732,-0.0002204822596035093,0.003559623791158074,-0.0011627772660101486,-0.0033728453993019662,9.406983574000374e-05
h0,733,-0.000655057822871653,-0.004232052655135506,-0.0011865559404488208,0.004087191968214673,-0.0012888146641169581
h0,734,-0.0005054580650313938,-0.0010258604354447377,-0.0013228548081706966,0.003615428082510696,-0.0032885450990208366
h0,735,0.0005715050602212149,0.00427042402103612,-0.0029589037726341205,0.0029162048450922387,-0.001941704852609379
h0,736,-0.0033216989450468156,-0.0052623351573708,6.064017486669907e-05,-0.004366527331510961,-0.003718573466172201
h0,737,-0.0034242105999444648,0.003255586867948292,-0.004572074778090874,-0.008634758666865144,-0.003745595822770134
h0,738,0.0019116906449785091,0.0038352492920951716,0.006499114676550958,0.0003097091671588404,-0.0029973105558909335
h0,739,-0.0023378598798053994,-0.0023988262259208477,-0.0058841826937400974,6.375061483727506e-05,-0.0011321812143979255
h0,740,-0.002436010368987041,-0.008846059544477416,0.0024812390976288092,-0.0023432334534937383,-0.0010359875756058195
h0,741,-0.0016008996935473428,-0.0026370624147203725,-0.0031836169586392502,0.0005155787763282372,-0.001098498177157985
h0,742,0.0028781067894421506,0.0032580414957479203,0.003105382643476256,0.004533560548533905,0.0006154424700105211
h0,743,-0.002232190806535043,-0.005977208345815473,0.0021845804898435925,-0.0031623940042964406,-0.0019737413658718504
h0,744,0.0009385948330996491,0.003884395345964255,0.0008954279081088862,-0.0021627087634416052,0.00113726484176706
h0,745,-0.002909528153412216,-0.004686247796137595,-0.0021012905573663324,-0.0019328556570845055,-0.0029177186030604303
h0,746,0.00014023175331842727,0.00372104428368623,-0.0030816629526819236,-0.0025466288793447108,0.0024681745616141133
h0,747,-0.0013243707145075138,0.0038214224754081496,-0.0014435152140707035,-0.007349668171305416,-0.00032572194806208495
h0,748,0.002512913973377595,0.004326652324673706,0.003673270930753431,-0.004196968465962193,0.006248701104045435
h0,749,0.0012846028906717797,0.00032225740394673994,-0.0036537194208340236,0.00014624779676120536,0.008323625782813197
h0,750,0.0003343919019924385,0.004461176502757661,-0.003101697387894342,0.0034546903305733953,-0.0034766018374669597
h0,751,0.0006552400061458582,0.002504764901550303,-0.0027498176194206726,-0.003964164108822544,0.006830176851276347
h0,752,-0.002319636451223338,-0.0009101484638015067,-0.006831605165788789,-0.001630177695445002,9.338552014194436e-05
h0,753,-0.0002504582915905504,-0.0015049063005832578,-0.0016154650593300972,-0.0036153260968135666,0.00573386429036472
h0,754,0.0009025834064210957,0.002278385436865331,-0.002743072335548555,0.00021136190010912767,0.003863658624258479
h0,755,-0.00025618203910921693,3.608240887099756e-05,0.0009944854339701645,0.0011392993198878327,-0.0031945953191658627
h0,756,-0.00034982550430266083,-0.006346899946721212,0.004167012151971599,0.003314527426482294,-0.002533941648943324
h0,757,0.0009526425638672753,-0.0011120517852703075,0.0014514308190613865,0.0004046346382172145,0.0030665565834608077
h0,758,0.0005259223138724366,0.0032973599153407656,0.0004906714945409819,0.0023409488151624955,-0.0040252909695544965
h0,759,-0.0024106740409372434,-0.00301836981610159,-0.003345242321373551,-0.0014101638441438881,-0.0018689201821299448
h0,760,0.002422461618213556,0.003307652262446208,0.005683925845385436,-6.311356935754495e-05,0.000761381934380126
h0,761,0.0005250260466070658,0.0014081434655548871,0.005389226974817287,-0.001720845197888575,-0.002976421056055336
h0,762,0.004204557983530013,-0.0013894205983591608,0.005787730084167996,0.0037607125103656432,0.008659209937945573
h0,763,-0.0021893630817529084,0.0008719233253541127,-0.002309953268322624,-0.003254368169262672,-0.004065054214780451
h0,764,-0.0005317641620197961,-0.005442896129804576,-0.001276710296020721,0.006981783177501729,-0.002389233399755616
h0,765,0.002441381826706346,-0.0019293812589467134,0.006378179472904516,0.005502426014058336,-0.0001856969211907539
h0,766,0.0028056129148761135,0.0037490498039653873,0.004707033762994444,-0.005518695143560948,0.008285063236105571
h0,767,-0.0035565175040392044,-0.009559877306842731,-0.006398262807725997,-0.00047892228767368924,0.0022109923860856007
h0,768,-0.001551623813248239,-0.0012216951827962268,-0.0038754236674448943,-0.0013765096594245754,0.00026713325667274064
h0,769,0.001967090121778107,0.004468147931728124,-0.0047899763950949555,-0.00011248159598160933,0.00830267054646087
h0,770,-0.0027957149823113346,-0.004232679523884442,-0.007296006104325225,-0.0005986612542964512,0.0009444869532607802
h0,771,-0.00425786527974743,-0.002965186542849114,-0.006419077367321804,-0.006186941436437594,-0.0014602557723812047
h0,772,-0.0030669627210393215,-0.003965835181870016,-0.005052425874817088,-0.002866005801994636,-0.0003835840254755484
h0,773,0.00011401712732683799,-0.0001141074281051078,0.0037389458850689648,0.0014042982225527703,-0.004573068170209275
h0,774,0.0017523193606402807,0.005991723114192605,0.004954578749605833,-0.003784251602725988,-0.00015277281851132677
h0,775,-0.001133057016523276,-0.0027403921332709333,-0.0023532104136820818,0.0019739584007616457,-0.001412583919901735
h0,776,0.0008466394719213051,-0.00570708205705427,0.006604418247526854,-0.00206957638759163,0.004558798084804266
h0,777,0.001394711219547607,-0.0013800202812621664,0.00354694557103357,0.00041169414557688214,0.003000225442842142
h0,778,-0.001939065036239195,0.0018371406585424475,-0.006827463437795992,-0.0007801096284902023,-0.0019858277372130323
h0,779,-0.0013489580620163434,0.0012537059429828335,-0.005721221224003336,-0.0004678745805702909,-0.00046044238647458
h0,780,-0.0017433709330004804,-0.0060646027207287585,-0.0005164260955644452,0.00027447658405607516,-0.0006669314997647929
h0,781,0.004357541209352991,0.0076809408855425445,-0.002364246762802196,0.0029974927323266794,0.009115977982344937
h0,782,-0.0005140281655307103,0.00493996817177683,-0.0006334183332856769,-0.005824925878930691,-0.0005377366216833028
h0,783,-0.0013981328283453045,0.0009264459730907181,-0.0049967655986562,-0.000907102682850915,-0.0006151090049648206
h0,784,0.0024763492803985933,-0.002392786387699546,0.002912861096596382,0.0039976073712494455,0.005387715041448091
h0,785,0.0007301356884345401,0.00496035581553843,-0.0051984345621772015,0.0016072044459254818,0.0015514170544514505
h0,786,8.643787227383972e-05,0.000998102534638145,0.0008273404393419496,0.0033431912754227668,-0.004822882760307502
h0,787,0.001021652651402248,-7.17631860447861e-05,0.0031903102176638045,0.0012172207114861848,-0.000249157137496211
h0,788,-0.0011019634463817105,0.0036878874735706705,-0.004346891678105744,-0.0026086799235338306,-0.0011401696574579383
h0,789,-0.0007244568221477822,-0.001203501773418398,-0.0053493388261074415,0.0033670050177266866,0.000288008293208024
h0,790,0.0020009193163451544,0.0007355692741527969,0.004088399436647805,0.0003541548028455873,0.0028255537517344284
h0,791,0.0036456466349226984,0.0015117236041755052,0.0036935976700818484,0.001591601743947081,0.007785663521486358
h0,792,-0.0015001050699748825,-0.00281667983581366,0.0005192393218631036,-0.0006341914328483525,-0.0030687883331006215
h0,793,0.0024852878524341954,-0.003815244886662347,0.00795144191175318,0.0008877126528936963,0.004917241731752253
h0,794,-0.0015768370295553696,-0.0047900145052573225,-0.004061210536354636,0.004684620328366101,-0.002140743404975622
h0,795,-0.0013063783336099183,0.0023565346352940027,-0.004065193028263799,-0.001068141306117894,-0.0024487136353519828
h0,796,0.000260361341976363,-0.002691869397949067,0.004087419641486093,-0.0006372306877218734,0.0002831258120902995
h0,797,-0.00028038501896905877,0.0023804135168727443,-0.002453248373419052,-0.0020490054519501505,0.0010003002326202232
h0,798,-0.0002103601767137048,-0.004092507253722929,0.003638612173599884,-0.0021463555912195407,0.001758809964487767
h0,799,0.001994746649644857,0.0008302901233208017,-0.0015748553714168487,0.0011503161847533656,0.0075732356619221085
h0,800,-0.0030635121666698207,-0.005950309813021464,-0.003733285942828642,-6.730226118394718e-05,-0.0025031506496452295
h0,801,-0.002764847218157544,-0.0001196034828863903,-0.002909415801142617,-0.0034176062886508785,-0.00461276329995029
h0,802,0.00034065260645606363,-0.0008151844996283682,0.0031699897967230354,-0.0005290297641472075,-0.000463165107123205
h0,803,-0.0041846798055247166,-0.0022693746876375387,-0.005840470837631584,-0.001892105207205913,-0.006736768489623831
h0,804,-0.0017675227067228082,-0.005222571769993163,0.002433593538931385,-0.007652206598378697,0.003371094002549241
h0,805,-0.002875403190673197,-0.00920018049075838,-0.003909696402140389,0.004545122544891449,-0.002936858414685467
h0,806,-0.001715321789965044,-0.00495189012228962,-0.004232032903519723,0.002230746222907371,9.188964304179578e-05
h0,807,0.0011717251975305225,-0.0002901728082739806,-0.0035265414747916546,-0.0013688275663269486,0.009872442639514674
h0,808,-0.000506802271557001,-6.559282361789888e-05,0.000342973211955363,0.0016989106342995713,-0.0040035001088650395
h0,809,0.0017282699331668558,-0.003435208527876146,0.0032619843299504098,-0.0003085701664984156,0.007394874097091575
h0,810,-0.0014759823697783614,0.004151182184049063,-0.007293828995369465,-0.00023324006034725433,-0.0025280426074457893
h0,811,-0.002008670714710687,0.002609262610170799,-0.001960061043938058,-0.004937066339070723,-0.003746818086004766
h0,812,-0.0033538071143961916,-0.0072688175941108095,-0.0029368525456900368,-0.00021062782975748734,-0.0029989304880264317
h0,813,-0.001551858840314381,-0.006878795642780718,-0.00015870672044311998,0.0009291214555939,-9.905445362758605e-05
h0,814,0.0016358095549963846,0.0034771577739878636,0.0023719961432248915,-0.0027171213711669785,0.0034112056739397626
h0,815,-0.00048032282611210075,-0.0032001364549193107,-0.00047048513278407397,0.004524382524166114,-0.002775052240911132
h0,816,-0.0008201978397462107,0.00034988524724578236,-0.0006212370255084333,-0.0031098100874971586,0.00010037050677496684
h0,817,0.0009654864926103888,0.0035311461151943282,0.003912966115076137,-2.618998486167835e-05,-0.0035559762749672315
h0,818,0.00017916670061635256,-0.004497734255997789,0.003046089173244609,0.0008864975528453461,0.001281814332373244
h0,819,-0.0015316964346500576,0.00018833477992343388,-0.0033872105785651605,-0.0005041847938361563,-0.002423725146122347
h0,820,-3.760269629710599e-05,0.0031988504406949385,-0.003630095395347318,-0.004343279528229781,0.004624113697693737
h0,821,-0.002439696832456715,-0.011018218797471207,0.002445150063775612,-0.0008558628485207025,-0.00032985574761056313
h0,822,-0.0012448931357266055,-0.006113206118649448,0.002009132321636373,0.0006386123749371726,-0.0015141111208305197
h0,823,-0.0017657010438440223,-0.006130847412729837,0.005428787198058258,-0.004612203404958207,-0.0017485405557463025
h0,824,0.004090886390286225,0.008201503344455404,0.0032690459034338984,-0.0007760702369184215,0.0056690665501740204
h0,825,0.003288405640330378,0.005552167159202169,0.0031245451494044665,0.003031251355633824,0.0014456588970810532
h0,826,-0.0018888437400756376,0.0008079889181696334,-0.001903228670510201,-0.002946574449228496,-0.0035135607587334864
h0,827,-0.0002610278137802188,-0.005956231138341169,0.004234323883455701,-0.0046018120434109504,0.005279608043175543
h0,828,0.000980017859275303,-0.001746940317234573,0.0049347934023413345,-0.0020616392591636164,0.0027938576111580663
h0,829,0.0015243352484833948,-0.0021862838974942914,0.008679623172882314,-0.0007147389613867249,0.0003187406799322824
h0,830,-0.0018790282920596087,-0.0020770833855238554,-0.007930390711067135,-0.0009230953296253295,0.0034144562579778853
h0,831,0.0010026016148705053,-0.002440905966494624,-0.003301220792440429,0.001364826222766389,0.008387706995650685
h0,832,-0.0022767622258958384,-0.004605399451610176,-0.0017806434507717634,-0.00107261094264419,-0.0016483950585572237
h0,833,0.0013301523519842035,0.003793053190441219,0.00277673462166929,-0.00027544279235590987,-0.0009737356118177853
h0,834,0.000844251529061904,0.0031170018103974387,0.0024798323384991757,-0.002155435323542133,-6.439270910686516e-05
h0,835,0.0015144141865394171,0.002337941436252005,-0.0039092223728944,-8.605227981844739e-05,0.00771498996261851
h0,836,0.00269606785012381,0.00651002803020162,0.00027392577349818386,0.0008011889147142872,0.003199128682081149
h0,837,-0.0010927786181037335,-0.006798885252393081,-0.003710085623704249,0.0038415667481103088,0.002296289655572086
h0,838,0.0032418251767658383,0.005930582882670846,0.006910429224350756,0.000998001674487795,-0.000871713074446044
h0,839,-0.0007502339979784897,-0.007837929212299413,0.0012690733865974816,-0.002460713339499044,0.006028633173287017
h0,840,-0.0012918599037003383,-0.008384850704626664,-0.001870227952750062,-0.0025742940684250707,0.0076619331110004425
h0,841,0.00011137350207543408,-0.0033672793111470464,-0.0007278044024921652,-0.0018117770967619184,0.006352354818702866
h0,842,0.00187087821605626,0.0031670218570745987,0.003413856797716266,0.0012839307055571144,-0.0003812964961229393
h0,843,-6.296712997604461e-05,0.0002721657886954564,0.00570516227565553,-0.0041394217797111905,-0.002089774804543975
h0,844,-0.001574059379123393,-0.0052077603730131304,0.0025519313178200232,0.0003249405224878775,-0.003965348983788343
h0,845,-0.0017354127733049756,-0.012074824348953543,0.002211747000125879,-0.00191709888021565,0.004838525135823411
h0,846,-0.0006167949403837313,-0.00040001704876514537,0.000717311625536572,0.000813334692077039,-0.003597809030383391
h0,847,-0.0012757292074173554,0.0008651000378880532,-0.005069538229746288,0.0030279589563755333,-0.00392643759418672
h0,848,-0.001441620952914793,0.003537549652230154,-0.0028487655492850567,-0.006244065844066203,-0.00021120207053806678
h0,849,-0.0016995617112399411,-0.009447781068330349,0.005958228994918421,-0.001404111958430457,-0.0019045828131173804
h0,850,0.001632450550542824,0.00862285883363244,-0.0028292730589894012,0.00226627748659238,-0.0015300610590641235
h0,851,-0.00036708514699808413,0.0006950051498537174,-0.0036656447860864225,-0.0007562066349586528,0.0022585056831990213
h0,852,0.0007310620136951724,0.0033941545841421955,-0.004524039436175165,-0.002448903020172766,0.006503035926986425
h0,853,-0.001848010027351405,0.00014039686989357665,-0.005854509240759875,-0.0022368998195669357,0.0005589720810276136
h0,854,-0.001356729291291046,-0.0001901321884222202,-0.0029492374531434372,-0.0010751187274592399,-0.0012124287961392866
h0,855,-0.0022806521561538713,-0.003653306807946573,0.0012913172366857475,-0.0009340495488917864,-0.005826569504462873
h0,856,-0.001997011627975196,-0.0031402635836897935,-0.0017348648752176401,7.440642018761415e-05,-0.003187324473180964
h0,857,0.001575582651314412,0.005842659330807166,0.0012973884010482834,-0.0025804812159302554,0.0017427640893324541
h0,858,-0.0015144935746488793,-0.00374022288134602,-0.009554913575344735,-0.0003359215916047525,0.007573083749699991
h0,859,-0.0018648219267691645,0.0030422073204292685,-0.006175851443062617,-0.0020386592060921147,-0.002286984378351195
h0,860,0.0019298460814844984,0.004360310449166765,0.0025737174356375114,0.0048197112305573865,-0.004034354789423668
h0,861,0.0016904667103449975,0.0002111283077655026,0.00620160277332503,-0.0006799168266370102,0.0010290525869264665
h0,862,0.0005137830912324529,0.0016696537594737934,0.00047147697109267635,-0.005065991477558126,0.004979993111921467
h0,863,-0.0011522889067449682,0.0010723694337208436,-0.002205921986726701,-0.0015326189551087659,-0.00194298411886525
h0,864,0.0006564803655505465,0.00012658102793595407,0.004261945657933701,-0.004578868247235577,0.0028162630235681087
h0,865,-0.0006105617570255442,-0.002318429761433977,-0.0015764200610052016,0.003136744644253381,-0.0016841418499163791
h0,866,0.0028995408026106775,0.002050025313750096,0.0025913056940844214,0.0004521268766228551,0.006504705325985339
h0,867,-0.002923119298204059,-0.0014654782377206313,-0.0019202454319761733,-0.007884445888732815,-0.00042230763438661867
h0,868,-0.001306250780767622,-0.0035754334333859914,-0.0036032372996145845,0.0032765290960295955,-0.001322861486099507
h0,869,-0.0005053610445423608,-0.007755460373154544,0.0029278563012895293,-0.00033137684651728496,0.0031375367402128565
h0,870,-0.002651603462900697,0.0019115106328517224,-0.004680699672922031,-0.0065829913444510595,-0.0012542334670814215
h0,871,-0.0017932313562669016,-0.0030875819058178607,0.0019555784961316275,-0.007649953329902979,0.0016090313145216068
h0,872,-0.002026837614406362,0.0004944582759724362,-0.0015868862484320655,-0.007711202782302647,0.00069628029713683
h0,873,-0.0018059399454250968,-0.0007333190805833184,0.005093473631713945,-0.006335049555918361,-0.005248864776912653
h0,874,0.0018958457928615136,0.00041613153466282685,0.002792701783983295,0.0030314552040822283,0.0013430946487177037
h0,875,0.0016272310241284837,0.0037026326834521364,-0.00509696626767128,0.0026803178344081907,0.005222939846324887
h0,876,0.0021133354043308635,0.006275502316412897,-0.003682106004583142,0.0021433202352743094,0.0037166250702193896
h0,877,0.0005837897205092181,-0.004314631130730557,0.005635433552270659,0.00028899224931804187,0.0007253642111787278
h0,878,-0.0009956779114446306,0.00039424336821044777,-0.002991348581751663,-0.0015658307533373162,0.00018022432110000866
h0,879,-0.0028089328998399986,-0.005913960544251368,-0.001224957080727425,-0.0047581840291259095,0.000661370054744708
h0,880,0.0028185168913421985,0.007412097744167554,0.0011269015704222483,0.005036278876264974,-0.002301210625485982
h0,881,-0.00028109839501344727,0.0020108864532059918,-0.002643747982170083,0.0006532597582511392,-0.0011447918093408372
h0,882,-0.00035074028272062555,0.0013087630731725406,0.00522806031983299,-0.006186845655945974,-0.0017529388679420584
h0,883,-0.0013366472352044794,-0.0004246657571525828,-0.001566934392605561,-0.0016423572772313782,-0.001712631513828396
h0,884,0.00030879783667897315,0.003328618677607822,-0.00242515726158542,-0.0019794256284531874,0.002311155559146678
h0,885,0.0018967419485822808,0.0022318820416144074,0.005658460261706598,0.0005355485050883284,-0.0008389230140802113
h0,886,-0.0014542791918637256,0.0007122861823853461,-0.0026339276180273727,-0.0015510102055525793,-0.002344465126260297
h0,887,-0.0011453263120724247,0.0016041504393416216,0.00042193793513732635,-0.0019592439214717264,-0.0046481497012969206
h0,888,-0.003049724167077659,-0.002583167647187486,-0.00039452284478655344,-0.0038237475292217096,-0.005397458647114888
h0,889,-0.0009798257405558882,0.0024480500548325706,-0.0022896373208806053,-0.000370505680501344,-0.0037072100156741745
h0,890,0.000865151580424172,0.0013744996675471642,-0.0025515270521544006,0.004407240597413884,0.00023039310889004066
h0,891,-0.001089214264627082,0.0012319500945405305,-0.003347065013847781,0.0018566802897483393,-0.004098422428949417
h0,892,0.0009070626709755517,0.0034689722807314163,0.004086306717353822,-0.004407046190269005,0.00048001787608597374
h0,893,0.0007581806695443948,0.0023517160249558614,-4.901003138916074e-05,-0.0018423019661575845,0.0025723186507684626
h0,894,-0.0028273433036658867,-0.006453086467969471,0.0020132243759814154,-0.005643245826833121,-0.001226265295842371
h0,895,0.001023193005342983,0.008165412445568428,-4.166255639732647e-05,-0.0043979582491816115,0.0003669803813824426
h0,896,0.00160527182660119,-0.0032196424282146456,0.003016514997806189,0.0019315550292535611,0.004692659707559656
h0,897,-0.00047980121043925643,0.001688537327350646,-0.004143562321582382,-0.0002554466582681478,0.0007912668107428582
h0,898,-0.004133576966748518,-0.009139111086618195,-0.0038175448058218164,-0.0020946087475091245,-0.0014830432270449354
h0,899,-0.0004973659776077128,-0.003303804058334025,-0.003825000524313542,0.0043156048933845215,0.0008237357788321943
h0,900,0.001432940480833647,-4.9077213413898984e-06,0.006262485060168085,-0.002132824707050651,0.0016070092915585433
h0,901,-0.002089104760984036,-0.0010811942538933768,-0.0015556599119456059,-0.0007516502123839094,-0.004967914665713252
h0,902,0.0012081352206796561,-0.0009550684335665036,0.0034087482416989283,0.003271164000832008,-0.0008923029262458084
h0,903,0.0003623019575833301,-0.0068209106821612905,0.006219716142914852,-0.003914771615404887,0.005965173984984646
h0,904,-0.001263096683538328,-0.0013517068400161168,-0.0029879375112842332,-0.0026332947645382864,0.0019205523816853251
h0,905,0.0020287892572031785,0.003205068110584811,-0.0019905675740291167,0.0006229051461655133,0.006277751346091507
h0,906,-0.002007376231222162,-0.00723000694891583,-0.007344488309022309,0.0037742954728656065,0.002770694860183885
h0,907,0.0027080368288708253,0.006112472808856227,0.003942606731602884,-0.0002900629029941558,0.0010671306780183469
h0,908,-0.001288066359382644,-0.009719151697763682,0.006108601329069446,-0.00108085894101443,-0.00046085612782190935
h0,909,-0.00011321765263335945,-0.001411338794929936,0.004364647755686886,-0.00229239616373158,-0.0011137834075588076
h0,910,-0.0016711672672701408,-0.001068919708630762,-0.0010961109791138733,-0.0019619113374137976,-0.0025577270439221308
h0,911,0.0013359768789661865,-0.0035338260462231463,0.004462639716984133,-0.0018448626418663386,0.0062599564869700985
h0,912,0.0008924003181193046,0.002326986306942614,-0.0022669552835909513,-0.000931131720034932,0.004440701969160487
h0,913,-0.0006761292999627101,-0.0005544750395401504,0.0011912305781403953,-0.001415942132533945,-0.00192533060591714
h0,914,0.001960289837425047,0.0019028121597192285,-0.00032857589587977754,-0.0017490798388070704,0.008016002924667807
h0,915,0.0008002830460573358,0.0034219603030066674,-0.001611250846930368,-0.000314924341048326,0.0017053470692013697
h0,916,-0.0007370726062803851,0.00014640867059886225,0.0027361940356297335,-0.0015617792718796895,-0.004269113859470447
h0,917,0.003744094660665963,0.0010392485384483371,0.005085634137763689,-0.0008607644849815123,0.009712260451433337
h0,918,-0.0007966631031301024,0.0020950617633400176,-0.00303610570834466,-0.0019817688534047944,-0.0002638396141109726
h0,919,-0.004860262490994475,-0.007707034651542538,-0.000807246820087676,-0.004264952421549308,-0.006661816070798377
h0,920,0.0012458303248282401,0.0057315320108859615,-0.002287421424090963,-0.0029877311773013502,0.0045269418898193125
h0,921,0.0011953248716515294,0.003579662012830146,0.0035912170554280743,-0.0005236608497497775,-0.0018659187319023242
h0,922,-0.0007979210941060984,0.00430644332669186,-0.0029710889524610295,0.0004900229610439013,-0.005017061711699126
h0,923,-0.0020992408294773727,0.0009289999393319074,-0.004566516852003129,-0.00322494348382727,-0.0015345029214109997
h0,924,-0.0017924405675204833,-0.0034428938322443588,0.0002715652228856815,-0.005933051343482522,0.0019346176827592665
h0,925,-0.001872686291395002,-0.0030399253236430396,0.0050825691706171934,-0.006274095696648306,-0.003259293315905855
h0,926,0.0009195428961597623,-0.0006313076023574337,0.004930548128086666,0.0001306919298153637,-0.0007517608709055472
h0,927,0.00023069023011082783,0.005976536729510198,-0.0046970712869014945,0.0016321981055577284,-0.0019889026277231207
h0,928,9.911650090476006e-05,0.0015106870132466444,-0.002144517754307247,0.0011593155343102707,-0.00012901878963062765
h0,929,0.002704046503140326,0.0008166018891531441,0.007438312160263982,0.0008021601088803388,0.0017591118542638418
h0,930,-0.0009928791449253054,0.002401458642578815,-0.0006174512999711315,-0.0033000119908123482,-0.0024555119314965566
h0,931,-0.0006828819320260659,0.0004641416934436336,-0.0010733213350705916,-0.001713758593083728,-0.0004085894933935775
h0,932,-0.001911800493535391,-0.00028013536121690246,-0.003024591496449004,-0.0002074458701265434,-0.004135029246349114
h0,933,-0.0012876869028247706,0.001053841112742598,-0.005674199207984479,-0.0002886896779975116,-0.00024169983805968993
h0,934,8.005081047391164e-05,0.0025396857337261205,0.0007409283743334092,0.0017245921824968647,-0.004685003048660747
h0,935,-0.0015266357893960643,-0.006505366003961415,0.002671899277778682,-0.001872077551551787,-0.00040099887984973816
h0,936,-0.000720308703649829,0.0012144671832495849,7.098228848752015e-05,-0.0010640998460355034,-0.0031025844403009175
h0,937,0.00039172245087619353,0.0067407096526252005,-0.000758612590832125,-0.0006865714201133578,-0.0037286358381749436
h0,938,-0.0002059744201238244,0.0005514190529490059,-0.0008757067587195704,-0.00024729866742888166,-0.00025231130729585143
h0,939,0.004057847229317849,0.007551253066517433,0.0018627209695380865,0.0007065780657183717,0.006110836815497505
h0,940,-0.0002601497493854313,-0.003669677468532559,0.0023765461860953607,-0.00033782245967492534,0.0005903547445703987
h0,941,-0.00027062071708518556,-0.001687445373569502,0.0030281294591660997,0.0011189400507396821,-0.003542107004677022
h0,942,0.0026642788862914304,0.008311025020367634,0.0037051632423543927,-0.0033865902467904306,0.002027517529234125
h0,943,0.0004593373775371699,-0.003136636998115485,0.004480215934652097,0.0032308580035439608,-0.002737087429931893
h0,944,0.0026630705806267832,-0.00039618162459499585,0.005491188744093428,0.0045167182370924736,0.0010405569659162283
h0,945,-0.0025102041161729986,-0.008280266279811713,-0.001977306678437964,0.0024233583785599755,-0.0022066018850022922
h0,946,-0.002459632823249081,-0.006080134403105182,-0.005548663107814024,0.002521644407654301,-0.0007313781897314189
h0,947,0.0009195035871437272,0.007437630929326543,-0.0016745561007910348,0.0025167144643507963,-0.004601774944311396
h0,948,-0.0006332527286730846,-0.0002943565020269947,-0.0029970868806569457,0.00012126745890402821,0.000637165009087574
h0,949,-0.002301573332847093,-0.003702705109702006,-0.002406185983645478,-0.001303615760368374,-0.0017937864776725147
h0,950,0.0004965365164820793,0.005493061247804136,-0.0041637671013221335,0.00032051341562115384,0.00033633850382516056
h0,951,-0.0019456728632623078,-0.005560554213304713,-0.005232723765875465,0.003010485074304809,1.0145182613777431e-07
h0,952,0.0009452499040177216,0.00014072924409600976,-0.002510268359864223,-0.002171146465948991,0.00832168519778809
h0,953,-0.0035081989678380017,-0.0034665795651700236,-0.005535012073978373,-0.0012155682753595982,-0.0038156359568440115
h0,954,-0.0036139876381117877,-0.006438586620562024,-0.0002994426694294325,-0.0028550378524863293,-0.004862883409969364
h0,955,-0.0034538487629425813,-0.006939002731996945,-0.0005319048865477707,-0.004565984833495874,-0.0017785025997297363
h0,956,0.003496120705235599,0.004731685139815704,0.006068755859383795,-0.001182693897882495,0.004366735719625392
h0,957,0.00012171028798724329,0.005088661919689287,-0.004553494332917658,-0.0017761205594697847,0.0017277941246471287
h0,958,8.136134694072044e-05,0.0036050402633712435,-0.00331671311230017,0.00013551870475402234,-9.840046806221432e-05
h0,959,-0.0015293639048285824,-0.000892136896236926,-0.002034327952781794,-0.0035986634751658986,0.000407672704870288
h0,960,0.00029513690947583285,-0.0010826367334646036,0.004461846735920035,-0.0024739127850673857,0.0002752504205152858
h0,961,-0.0004517192886636604,0.00031764283172329005,0.00027505341899351825,0.002276926254782648,-0.004676499660154098
h0,962,0.0016206861185242083,-0.004183973322828978,-0.0027435943985507074,0.0029090910471107406,0.010501221148365778
h0,963,0.00047549008145236435,0.005806770192598064,-0.0035653133125563615,0.0013390413779758785,-0.001678537932208124
h0,964,-0.002896966933822253,-0.0033360365675055995,-0.0014132574668205306,-0.003628098122388339,-0.003210475578574544
h0,965,0.0006811453274866095,-0.0005883535393969687,-0.0029215556441209148,0.0014590310798358748,0.004775459413628447
h0,966,0.0029173454174410405,0.009374853233174753,-0.0031452325731807776,-0.0038224225920027847,0.009262183601772972
h0,967,0.0003939535543710139,0.005395095734826246,0.0018091371929966652,-0.0021257949110001784,-0.003502623799338677
h0,968,-0.0011989308973854237,-0.006226296501052798,0.004082749956816434,-0.0018945579994585106,-0.0007576190458468209
h0,969,-0.0007742811122504171,-0.007059941470347859,0.0008311489768960665,-3.725994215020615e-05,0.00316892798660033
h0,970,-0.001980879394865841,0.002133410877134506,0.0017898093311360446,-0.00745136328999994,-0.004395374497733976
h0,971,-0.0005489260045624715,0.0020623262698058194,0.0015963648669496773,-0.0002773961339856602,-0.0055769990210197224
h0,972,0.0010845730902538941,-0.0049194758916034295,0.002090427460688179,0.004055580564032051,0.003111760227898776
h0,973,0.002271076612480096,0.003800341490863707,0.0029149602962215077,-0.0024953470518689876,0.004864351714704157
h0,974,0.0009772772781811941,-0.0019618724063971307,0.0017110633066117803,0.0007667402856364114,0.003393177926873716
h0,975,-0.001116139822004794,-0.006823256772699501,0.0035777311712813075,0.0019265652811938404,-0.003145598967794823
h0,976,-0.0001993605130543169,0.004753758936201953,-0.0014465929454169175,-0.0013261101280370835,-0.0027784979149652195
h0,977,-0.0024023430834504513,-0.007505608395634728,0.0022432928032161655,-0.001632790852873914,-0.0027142658885093286
h0,978,0.0008797640714363863,-0.0025064426757405904,6.761401957369436e-05,0.00396381861133476,0.0019940663305776816
h0,979,0.0009058606620187055,0.000804251566485657,0.005667894981629631,0.0001961872301713675,-0.003044891130211833
h0,980,-0.0007692940022756068,0.0016807009233844857,-0.0029329107371330854,0.001875968946265401,-0.0037009351416192283
h0,981,-0.001471130274514921,0.003039477748986033,0.00017658847997259952,-0.0032950372401897346,-0.005805550086828581
h0,982,-0.0015940277226550803,-0.0005324271362525108,-0.006086796069156625,-0.0009010262748967196,0.0011441385896855342
h0,983,0.002621363099084186,0.0002869550178460215,0.008976280260152474,0.0012535121057751192,-3.1294987436871055e-05
h0,984,0.0018573898852285648,0.005213529451416201,0.0038446755951916994,0.000267188940247496,-0.0018958344459411379
h0,985,0.00012468511982160666,0.002483203839983297,0.0004493263089281915,0.001721883783869115,-0.0041556734534941775
h0,986,-0.004423716467886682,-0.0017852528862572765,-0.006885587708545249,-0.00857424701925069,-0.0004497782574935106
h0,987,-0.0033468494986943517,-0.0004351978218883994,-0.005666425871424407,-0.005670963212268428,-0.0016148110891961733
h0,988,0.0018245569705946298,0.0019191917586358464,0.0035925149977624688,0.001257784728525768,0.0005287363974544357
h0,989,-0.0018158703240613982,-0.008494915580130005,0.002270337688230262,-0.0036714372001635928,0.002632533795817744
h0,990,0.0037720068192542504,0.0002715948279679939,0.004401964543985119,0.00788953831447288,0.002524929590591011
h0,991,-0.0017357305091168953,-0.005720884584185856,-0.004410504994419443,-0.001148086473052705,0.004336554015190423
h0,992,0.0025665134250227695,0.008108272689507399,0.0006974289238173594,-0.003477054627223754,0.004937406713990074
h0,993,-0.00045065888475205834,-0.0017532039552331893,-0.0026686245315686585,0.004500272339493423,-0.0018810793916998088
h0,994,-0.002579653041004781,-0.0035931147210245384,-0.0070832822049867235,0.0004362491824328919,-7.84644204407537e-05
h0,995,0.00019423412955809575,-0.005537224411625967,0.0026874782841739215,-0.0013309112077715928,0.004957593853456022
h0,996,-0.002684440296373136,-0.00669602039502116,-0.00298611739671557,3.5499242683492856e-05,-0.0010911226364393048
h0,997,-0.0026331073888239227,-0.0014037589402406286,-0.002424444698189392,-0.003009491197611242,-0.003694734719254428
h0,998,0.001731674037290006,-0.0004968342236741029,0.005862478210759818,-0.0034811751279834264,0.0050422272900577355
h0,999,0.002569287843504902,-0.0009013161569128342,0.0010504536179522116,0.0038251136865330125,0.00630290022644722
h9,0,-0.03561090660269737,-0.04221601425429821,-0.04602015420511489,-0.016642165311860583,-0.037565292639515795
h9,1,-0.011602388703122402,-0.017188964765775323,0.023346416445937393,-0.024118021463434634,-0.02844898502921705
h9,2,-0.01612491181657233,-0.011764479171582996,-0.049037837709642505,-0.017902129544565697,0.014204799159501891
h9,3,-0.038700845292191366,-0.06352336610105283,-0.021386210807229952,-0.020480561890481426,-0.04941324237000125
h9,4,0.024673324376860206,0.0110123229881486,0.02137386428339552,-0.001919882343438489,0.0682269925793352
h9,5,-0.013742128499115104,-0.016834443653442763,-0.008279265450121049,-0.017904125625583696,-0.011950679267312907
h9,6,0.001508913274893314,-0.04181428083099777,0.026413846575562193,0.006458958816764243,0.014977128538244592
h9,7,-0.02588201350312298,-0.022041992251432836,-0.04227893690350145,-0.020010839605243774,-0.019196285252313858
h9,8,-0.005815346728068516,-0.037080176827409383,-0.02640824452620781,0.005526077561174294,0.03470095688016884
h9,9,0.01756797719434525,0.004514416922907813,0.014091904786517917,-0.003523898287387948,0.05518948535534322
h9,10,-0.03451975368992641,-0.0313157135447958,-0.068168876527587,-0.0009069195155672577,-0.03768750517175555
h9,11,0.011908736893650178,0.042446022122090525,0.030068993345277996,0.0010565780212987257,-0.025936645914066535
h9,12,-0.008399567598907025,-0.03842936173640992,0.03016131780948755,-0.016527291185298304,-0.008802935283407427
h9,13,-0.020525694610505983,-0.027412573361216826,-0.05064017780691983,-0.008174022992590017,0.0041239957187027415
h9,14,0.005065399228182609,0.050219688233232064,-0.03435923347646305,-0.004003154478204384,0.008404296634165809
h9,15,-0.011954573208907691,0.023650414444886254,-0.02972137637554545,0.016447939838362867,-0.058195270743334436
h9,16,-0.025898152185190627,-0.027583986782042814,-0.028863648923275777,-0.011933905133162045,-0.03521106790228187
h9,17,-0.000623926499294946,0.020635649865927336,0.021836073311595008,-0.02028142833152256,-0.02468600084317957
h9,18,-0.03570112275360589,-0.0438499667017791,-0.06319962019119102,-0.0040498401455937,-0.03170506397585973
h9,19,-0.0059387119789262865,-0.04704021958859221,-0.03258283418237403,0.006071932565491295,0.049796273289769794
h9,20,0.0155041803891955,0.11708087849360162,-0.03566683491263942,0.011698151107043121,-0.03109547313122333
h9,21,-0.012562938675837156,-0.01877607028086832,-0.02064180252547117,-0.026022712473607382,0.01518883057659824
h9,22,-0.02230580989762881,-0.052992359181311316,-0.031762021995704236,0.015907386550036005,-0.020376244963535694
h9,23,-0.03451424005866621,-0.034433642122260286,-0.053892948429159176,-0.034264457839916135,-0.015465911843329256
h9,24,-0.01576567733939118,0.005741842102168898,-0.012862896896944021,-0.02038298498175687,-0.03555866958103274
h9,25,0.009702571248711583,-0.02493560972399594,0.03668338233307063,-0.02031327804890582,0.04737579043467747
h9,26,-0.025142232505490737,-0.04815080725286609,-0.022243156451935985,0.0035450634930645707,-0.03372002981022544
h9,27,-0.0017406546285982172,0.021630201449246392,-0.006650989201687601,-0.018544221007531548,-0.0033976097544201125
h9,28,-0.000184849154298645,0.08660042934035081,-0.058300447185961175,-0.005115338652213344,-0.02392404011937087
h9,29,0.010049793422599047,0.05661612542693778,-0.039204893193304224,0.02550561150109435,-0.0027176700443317194
h9,30,-0.02771015874007379,-0.021871753213129105,-0.048384069078757364,-0.008630325498732697,-0.031954487169675985
h9,31,-0.01967968493551263,-0.03130460964221211,-0.016989337363097518,-0.010122193736609731,-0.020302599000131157
h9,32,0.012971918838263466,-0.01628739725271564,-0.006791859080967036,0.056934832712326036,0.0180320989744105
h9,33,-0.00939099414436801,-0.028285635539898553,-0.030995896171165944,-0.011851018609944145,0.0335685737435366
h9,34,-0.039930715295589586,-0.05922898156949686,-0.037307484931390626,-0.015996032704126657,-0.047190361977344206
h9,35,0.0018099446424222686,0.021728899042684206,0.003306500433084704,-0.020534202370315485,0.002738581464235649
h9,36,-0.00854863816344271,-0.052003831231970304,0.011600775615803995,0.024291226211126764,-0.018082723248731298
h9,37,-0.034017862023043674,-0.05216023080995247,-0.05509691376258477,-0.010999459591742568,-0.017814843927894893
h9,38,-0.0037655385646213502,-0.04520720738086567,-0.02982215524368129,0.02314207287795163,0.03682513548810993
h9,39,-0.02021946309419995,-0.02011112038174544,0.002893325123515783,-0.02339167437521101,-0.04026838274335913
h9,40,-0.008665037532976228,-0.02433313179265957,-0.01923035647720893,0.01074495517525379,-0.0018416170372902024
h9,41,-0.023024599986802653,0.011543754474853908,-0.054234034664035376,-0.009885420061949573,-0.03952269969607957
h9,42,0.005718492710741164,0.09196359279738504,0.005322714228428655,-0.023437742738029694,-0.050974593444819354
h9,43,-0.020298896696606995,-0.04628117892403649,-0.03183971824312792,0.006187782480287463,-0.009262472099551023
h9,44,-0.02191040634396781,-0.04630547595276119,-0.04654029096097004,-0.029838554106422232,0.035042695644282223
h9,45,-0.019080842617144916,-0.05395065729576783,-0.006131020960084151,-0.0013202039196458272,-0.014921488293081845
h9,46,-0.014911624906769672,-0.030332315857579603,-0.04492090298243595,-0.005085618109620545,0.020692337322557416
h9,47,-0.0172144712762212,-0.04386494834272339,-0.007516648210591928,0.013568014496418847,-0.03104430304798833
h9,48,-0.02067597574337541,-0.03478932099068613,-0.010522686286521213,0.0011196265803836373,-0.03851152227667794
h9,49,-0.03055417613581865,-0.06588832785869299,-0.033359156643031,0.02834432527438741,-0.051313545315938014
h9,50,-0.015480754054125946,0.034637848354476156,-0.0576596902070764,0.009756600722999074,-0.04865777508690262
h9,51,-0.03003378538325969,-0.033514663494242425,-0.003309833886681485,-0.026528382605825337,-0.05678226154628953
h9,52,-0.02579465491533986,-0.011745209037626395,-0.0416669681405194,0.0012073888335955452,-0.05097383131680919
h9,53,0.005527348789473033,-0.007818806300897376,-0.023503591605660724,0.03196147461008209,0.02147031845436814
h9,54,0.00033434121535642295,-0.01785028720170396,0.014948934813814247,0.020872115830698874,-0.016633398581383473
h9,55,-0.016977019530298378,-0.04938065456684538,0.005873057657852621,0.009230397216604586,-0.03363087842880534
h9,56,-0.03200999837085865,-0.027081469111348032,-0.051584685487880054,0.013119328288343588,-0.06249316717255009
h9,57,-0.010374209497017329,0.006376284018337515,-0.040660199428266944,0.024477508034257526,-0.03169043061239741
h9,58,-0.016366611043568142,-0.04574568010603777,-0.019647283578331787,-0.005204900827660935,0.005131420337757934
h9,59,-0.006805408534935784,0.00018561929169357352,-0.0366976708910062,0.013936008407880878,-0.004645590948311382
h9,60,-0.018758674575293073,-0.0244472099466096,-0.04303840722238815,-0.03169505521134264,0.024145974079168103
h9,61,-0.035109046246476115,-0.017790824394847658,-0.0405720243978662,-0.03448097984206484,-0.04759235635112575
h9,62,-0.04349632389091105,-0.06822487921857441,-0.032453226736856744,-0.02206546507643266,-0.051241724531780386
h9,63,-0.02548299721893449,-0.006254145789518903,-0.025944249275469428,-0.011128712837693103,-0.05860488097305652
h9,64,0.008322372215480245,0.08626576903265842,-0.02906416324049925,0.02296936453448811,-0.04688148146472631
h9,65,0.0049175891129398346,0.1079807759088119,-0.029160096125341782,0.004983819872399017,-0.0641341432041098
h9,66,-0.009928686210848362,-0.017088223485973397,-0.04085488027632299,-0.011787619746115589,0.03001597866501852
h9,67,-0.024779866947348204,-0.0438674114678078,-0.029529709414161553,-0.01861141926221617,-0.007110927645207286
h9,68,-0.013781225145041171,-0.02588810592462883,0.016033428668185315,0.0051160766245626375,-0.05038629994828381
h9,69,-0.004073230787472161,0.04206250470302745,-0.02322669178695995,-0.009659310235487963,-0.02546942583046818
h9,70,-0.011181632651512993,-0.013370738851799338,-0.06504829708206003,0.025900859936830972,0.007791645390976421
h9,71,0.009013354987910588,0.08289662774587796,-0.036645509661160106,0.006001515166395035,-0.016199213299470532
h9,72,-0.005806868499500583,-0.025567264737339213,0.03685538272866216,0.017192508479430626,-0.0517081004687559
h9,73,-0.01099161468402632,-0.01390697646736319,-0.024551089858496508,-0.0003127856767308817,-0.005195606733514697
h9,74,-0.026502838781576037,-0.017948012179564488,-0.05277466844174575,0.005903442241915066,-0.04119211674690898
h9,75,0.014384271438398545,0.048849383376521484,-0.026480037183384614,0.035255081305115774,-8.734174465845589e-05
h9,76,-0.015596386779002689,-0.03226006698800581,-0.031352631537213474,0.03065369365484709,-0.02942654224563857
h9,77,-0.00987944752840476,0.023916980553133148,-0.018261410869645667,-0.02200519758784784,-0.02316816220925868
h9,78,0.004687779150644417,-0.0019578209498601565,0.00669678306382742,0.004117734970262217,0.009894419518348185
h9,79,-0.016131961639216468,-0.049480057152160424,-0.02223471415769439,0.010040733839862906,-0.0028538090868739634
h9,80,-0.01974679949011013,-0.025227133413163676,-0.046911522597764266,0.0018818805466977537,-0.008730422496210328
h9,81,-0.012714998023237865,0.05793931217808884,-0.04246472176114563,-0.030739450754165037,-0.035595131755729634
h9,82,-0.005224567108842525,0.012707617416544787,-0.03594917862485249,-0.023731283307404507,0.02607457608034211
h9,83,-0.016844888861085892,-0.05228105470639557,0.007770967190007256,0.0003064620864421854,-0.023175930014397453
h9,84,-0.012980810441928076,-0.02706907174523242,0.03648188572348166,-0.014079334988765256,-0.047256720757196294
h9,85,-0.03104020305282402,-0.03430512598523937,-0.04910145611659116,-0.013897002109105447,-0.0268572280003601
h9,86,8.177968108218255e-05,0.043300385587555376,0.015323855435766108,-0.01646056544127305,-0.041836556857719705
h9,87,-0.016015252392920374,-0.0162291798472301,0.011318860517501838,-0.013739723754689398,-0.04541096648726384
h9,88,-0.02594786406127305,-0.019557901775094033,-0.060526521115260634,9.31379153575572e-05,-0.0238001712700951
h9,89,-0.018540981496087305,-0.027905634294427308,-0.04891278451128703,-0.015835613575027316,0.01849010639639242
h9,90,0.013710164035835038,0.10872185329997242,-0.0177213263211645,0.0019815083544492793,-0.03814137918991705
h9,91,-0.016331076351946524,-0.047367781753375165,-0.007352685234002464,-0.012598990452864809,0.0019951520324563467
h9,92,-0.013336086918248911,-0.01722887770124521,-0.004828933813767198,-0.0011620444609139907,-0.030124491697069246
h9,93,-0.024777524521630297,-0.032343781665705264,-0.031833074682487965,-0.022373138817832604,-0.012560102920495347
h9,94,-0.02928856549776171,-0.052855063307256575,-0.019952238728832443,-0.015264000016046938,-0.029082959938910878
h9,95,-0.019781176772159063,-0.01820778443599902,-0.04715922300219376,-0.003406929545178306,-0.01035077010526517
h9,96,0.011399799529518707,0.0014939011260502533,-0.0222669287579951,-0.0035111069072119193,0.0698833326572316
h9,97,-0.037730524108501924,-0.0538143431540921,-0.02219494560623968,-0.01994544789176975,-0.054967359781906165
h9,98,-0.017572579307865974,0.001025477368905247,-0.010544024715171737,-0.006422342639537538,-0.05434942724565987
h9,99,-0.014653339448146296,-0.026774030994316883,0.02141426006673674,-0.004332087605631424,-0.04892149925937361
h9,100,0.002332004045444744,0.04639811214777988,0.0121055498857351,-0.008523883032673454,-0.04065176281906255
h9,101,-0.0001148770597804976,-0.030392595829032847,-0.019056656804061583,0.016691811189351053,0.03229793320462138
h9,102,-0.01283403876067691,0.01573981079735657,-0.026392508171909336,-0.018504818266757532,-0.022178639401397336
h9,103,-0.018215507787219285,-0.04082638483262981,-0.02300117278144951,-0.008182928123045809,-0.0008515454117520214
h9,104,-0.01869209087050676,-0.06617888117314986,0.038498225473053635,0.004690094710172017,-0.05177780249210283
h9,105,-0.005253962904079538,-0.026778088341686802,-0.008857484101412882,-0.02707667937961546,0.04169640020639699
h9,106,-0.007601492670595095,0.003991611646737564,-0.0168677046145661,-0.0165816293077708,-0.0009482484067810434
h9,107,-0.01901754396698039,-0.036638454017234,0.018896803718817128,-0.00896504358562314,-0.04936348198388154
h9,108,0.00019455256378256552,-0.013312084054674857,0.006077690440378032,0.036167362563234134,-0.02815475869380705
h9,109,-0.008689095735755159,-0.027107459508729947,-0.0012435211818814925,-0.008806587984379846,0.002401185731970648
h9,110,-0.023237830536163212,-0.0333314851785733,-0.04332174117733368,-0.003877370714176852,-0.01242072507456901
h9,111,-0.011931118823367927,-0.036245943514855355,0.01107857115340002,-0.008523712929181242,-0.014033390002835131
h9,112,-0.02116930461332804,-0.011826578059513655,-0.030241463536427628,-0.011745787277692621,-0.030863389579678262
h9,113,0.015200496139293307,0.011867490445397543,-0.00043231937124554864,-0.010524941534050272,0.0598917550170715
h9,114,-0.021253666719574318,-0.07266215174476516,-0.023574764567662467,0.026544407125048144,-0.015322157690917784
h9,115,-0.032672361011225205,-0.07690404299785544,-0.025474543950518118,0.01362455934766291,-0.04193541644419016
h9,116,-0.003827389704919093,-0.0003534749771502395,-0.033739254897115364,0.001116765609534906,0.017666405445054326
h9,117,-0.031133228431504335,-0.040984938858686745,-0.04077443094495214,-0.025303748086688907,-0.017469795835689552
h9,118,-0.0012684089307765014,-0.04556366597244415,0.01810712082941795,-0.006070158977649937,0.028453068397570135
h9,119,0.0030554663110956446,0.005234677286407068,0.014531469229858202,-0.014999802206742857,0.0074555209348601634
h9,120,-0.013427368695986028,-0.0167332409942757,-0.05580475350118346,-0.013374814314216122,0.03220333402573118
h9,121,-0.030485801005824244,-0.022716582603502948,-0.027949207184883335,-0.01860385135510616,-0.052673562879804535
h9,122,-0.004514924343231341,-0.04187460701704489,-0.022688564601199803,0.027834225550613184,0.018669248694706146
h9,123,0.010208973032685215,0.05187611204231953,0.020084401512699603,0.010586216684031606,-0.041710838108309875
h9,124,0.0025756149956527525,0.05641688364846889,-0.021489504573699685,-0.017117973412546235,-0.0075069456796119614
h9,125,-0.03550691473089932,-0.038024840501110185,-0.014860621747402682,-0.0380512205986875,-0.051090976076396906
h9,126,0.003024608395078931,-0.03642984377362134,-0.0046872425987297146,-0.002417664346135615,0.05563318429880239
h9,127,-0.015492890251669961,-0.024966715786987236,-0.0504839128451095,-0.010521884081230268,0.024000951706647164
h9,128,-0.0036823660979767594,0.08614013072308077,-0.05748719333710723,-0.014691818235679789,-0.02869058354220079
h9,129,-0.028050063758287672,-0.03652678680263023,-0.02120328463376585,0.004684210305893512,-0.05915439390264812
h9,130,0.017198683976660255,0.1321461352693477,-0.03097222747442178,-0.026256290036936726,-0.006122881851348164
h9,131,-0.03237240299047179,-0.04106178795573593,-0.04458593867515098,4.846764215804718e-05,-0.04389035297315829
h9,132,-0.01678853631124317,-0.03771368561254091,-0.046766678195592354,0.020500703028169642,-0.0031744844650090677
h9,133,-0.0300382925016425,-0.030353456388490557,-0.03552499364700849,-0.011980300561666135,-0.042294419409404815
h9,134,-0.01966197064535821,-0.01877379282073445,-0.061965003142048315,-0.010883383990876312,0.012974297372226247
h9,135,-0.0070894067461388256,-0.036647727297867944,-0.03912665833787444,0.00023427425352636356,0.047182484397660714
h9,136,-0.03676735709145516,-0.04047801741966405,-0.04080979150668084,-0.022800499804613086,-0.04298111963486268
h9,137,-0.008498054108526477,0.026174506663918493,-0.024066170121341622,-0.02059384560771549,-0.015506707368967292
h9,138,-0.023036786029704492,-0.029769430239214786,-0.031246340787777785,-0.028473647162329807,-0.0026577259294955947
h9,139,-0.01800509875239998,-0.037782075588484273,-0.020531323135034966,-0.025536454182539883,0.011829457896459204
h9,140,-0.011889195659638063,-0.045635326906693155,-0.018614513617664707,0.011831123935054297,0.004861933950751317
h9,141,-0.015192586391675648,-0.020536123495533486,-0.006020020728801846,-0.02519383816399049,-0.009020363178376768
h9,142,-0.01769218949967233,-0.06780622018422228,-0.00845764966672577,-0.015051340504961194,0.02054645235721992
h9,143,-0.0024311617805415804,0.024881363310504216,0.03446584506970018,-0.017753665926484793,-0.05131818957588592
h9,144,-0.029770327815359748,-0.0578564055171018,-0.01824198559460299,-0.027837811659824126,-0.015145108489910073
h9,145,-0.028640937404565574,-0.031298628650626256,-0.033274999918418514,-0.0016328267758423014,-0.04835729427337522
h9,146,-0.01453039003345505,-0.03426722743184061,0.014279825687171038,0.014730574962512961,-0.05286473335166359
h9,147,-0.022594766522062944,-0.0400319507847234,-0.05752374262545213,-0.008709941326478468,0.015886568648402224
h9,148,-0.005637931055092513,0.02924932417453334,-0.03898064209418402,0.01017984829941352,-0.023000254600132893
h9,149,-0.02304436052270162,-0.04325128919344503,-0.0116186529407511,-0.028811687006274813,-0.008495812950335536
h9,150,-0.027498143225628935,-0.043554429523056076,-0.016433612284737404,-0.005411502396000692,-0.04459302869872157
h9,151,-0.0154117140314347,-0.03116459281879866,-0.0334253884571175,-0.02013671755098706,0.023079842701164414
h9,152,-0.014182441879155568,-0.0413439337058719,0.006903657883453988,-0.023674578922504044,0.0013850872282996918
h9,153,-0.01265106790952884,-0.05440552130228231,-0.025111618428386325,0.0247677095695083,0.00414515852304498
h9,154,-0.01642129007930891,-0.02216051402426971,-0.00041953713620086677,-0.008899049970991127,-0.03420605918577395
h9,155,-0.009927136584862224,0.0025932614170572493,-0.013642797642788973,0.02723053391243321,-0.05588954402615038
h9,156,-0.01839608067234475,-0.016151262590618602,-0.0314158739972244,0.006839506798744159,-0.03285669290028016
h9,157,-0.017097754538244324,-0.05571118780773908,0.01714364179798309,-0.0046683557215181585,-0.025155116421703143
h9,158,-0.016685056220734358,-0.039932957556934844,0.004865501378172911,0.0049652438438020615,-0.036638012547977564
h9,159,-0.022698887840335913,-0.030134205506523733,-0.014539804653255672,-0.002939311738824486,-0.04318222946273976
h9,160,-0.016723383586986683,-0.025846727322987848,-0.041055540106107374,-0.016494777667219296,0.016503510748367783
h9,161,-0.0243617116056031,-0.03798652140546551,-0.022573133289369857,0.008161052984879371,-0.0450482447124564
h9,162,-0.015410910704569085,-0.05970305137123855,-0.016856104024851173,-0.0033522930109025173,0.0182678055887159
h9,163,-0.02778717223692213,-0.0446756138135348,-0.049497938867035435,0.0077670419743936904,-0.02474217824151198
h9,164,-0.006796044078364416,-0.018788770541689617,-0.03033384541894271,0.01923370543739602,0.002704734209778642
h9,165,-0.02552009756381559,-0.04217041156268182,-0.04255439433792799,0.003063892793588813,-0.02041947714824137
h9,166,-0.03099367028305732,-0.03155529376174998,-0.0245041789752036,-0.01995538844019001,-0.04795981995508569
h9,167,0.02017557803543159,0.11626959369400483,-0.006130077351731364,-0.01085819263249212,-0.018579011568054984
h9,168,-0.013660422908322525,-0.04690263247990142,0.018810715098956113,-0.0017453527467516054,-0.024804421505593192
h9,169,-0.025465504484344006,-0.002421934734428079,-0.03650630616457927,-0.03653007047603014,-0.02640370656233854
h9,170,-0.006091987454637576,-2.3275157038319533e-06,-0.01894654616298402,-0.02461635091342366,0.01919727477356121
h9,171,-0.011601494784885253,-0.002930340604756208,0.022164285534049262,-0.025060239123032443,-0.04057968494580162
h9,172,-0.016110075541422363,-0.02582312793786526,-0.03411814240264995,0.0014502408746495422,-0.0059492726998237894
h9,173,-0.028773352781870785,-0.022646334744977188,-0.018476636940177513,-0.02314319113800837,-0.050827248304320054
h9,174,-0.0006648852153921811,-0.020323156427685733,-0.0200863198124977,0.020801913682023398,0.016948021696591306
h9,175,-0.034446093594393185,-0.04808474563929789,-0.047510125920089186,-0.020075005140846005,-0.022114497677339667
h9,176,-0.033863302675389,-0.04897089868260468,-0.04570086679532684,-0.02464836766177676,-0.016133077561847717
h9,177,-0.0190778521068816,-0.02561855197316714,-0.021767706588772855,-0.022199577350929495,-0.006725572514656911
h9,178,-0.024368473197021075,-0.035226463447898974,-0.03403577609333486,0.0005196005337381249,-0.02873125378058857
h9,179,-0.03978620769432077,-0.04718866565605572,-0.02831787587453787,-0.033980512019996204,-0.04965777722669328
h9,180,-0.027658025885375755,-0.02536427143802831,-0.0408324472919039,-0.007935403554149985,-0.03649998125742082
h9,181,-0.030130580260408945,0.004607122160769336,-0.04632834761846158,-0.02628364855255544,-0.052517447031388095
h9,182,0.004468010847606523,0.01672855082533088,-0.028352282685761492,-0.019415325211880843,0.04891110046273755
h9,183,0.007956353747276192,-0.027615704098928377,0.0064225474459590585,0.003066099916677689,0.049952471725396394
h9,184,-0.010761526272362175,-0.0211537395754671,-0.005042305967453645,0.0017818437601527862,-0.01863190330668074
h9,185,-0.025528975118917434,-0.06294153748749534,-0.05739963176650416,0.018616593118109023,-0.00039132433977926047
h9,186,-0.03198102993317949,-0.02620112157819672,-0.07025437448758684,-0.030685627542396003,-0.0007829961245384067
h9,187,-0.027419329199806473,-0.016596536262331506,-0.017354153510995098,-0.013665799984978631,-0.062060827040920655
h9,188,-0.005461358499642806,-0.028372367392080152,-0.01552780750578063,0.018998909844082826,0.003055831055206737
h9,189,-0.02106593217683057,-0.048909991643667786,-0.004897767291882691,0.018840460620669,-0.049296430392440804
h9,190,-0.021811989865803627,-0.03952705859131055,-0.040974386705949634,0.005244647141863566,-0.011991161307817879
h9,191,-0.031499947238513334,-0.008094467337140487,-0.05727997451606297,-0.011679606729712412,-0.04894574037113747
h9,192,-0.008648417985317583,-0.03212491102611326,-0.023308662822566495,0.00841816342881858,0.012421738478590849
h9,193,-0.024537711028399772,-0.043965882287628204,-0.02297967294230545,-0.017552212670435878,-0.01365307621322956
h9,194,0.0014960273903043397,-0.004838385905486051,0.007215008641379712,-0.028165483417235203,0.0317729702425589
h9,195,-0.040693650102413124,-0.06627564702239153,-0.016435700019855514,-0.027597465931928127,-0.05246578743547733
h9,196,-0.03251677860529826,-0.050114245714958566,-0.010364584248299717,-0.025328317863196254,-0.04425996659473849
h9,197,-0.025347735479535297,-0.002261402328815821,-0.07312926952529339,-0.012984964629191345,-0.013015305434840635
h9,198,0.002777883554108412,-0.016559370801937052,0.0502971492158409,-0.0011181699051685623,-0.021508074292301643
h9,199,-0.009153325323114985,-0.03179187831476782,0.00881736822257443,-0.028231950933460308,0.014593159733193759
h9,200,-0.01248261516059671,-0.06630431899792581,0.008326017802617151,-0.015758569619645654,0.023806410172567467
h9,201,-0.011897206227504568,-0.04365157981530651,-0.008789383385500955,-0.007430797498090037,0.012282935788879235
h9,202,-0.0014555109916546353,0.02832864605297878,0.004472919194111129,-0.011401091788485656,-0.027222517425222796
h9,203,-0.028478337365739948,-0.04432799895382987,-0.024664326407907847,-0.03220096583962673,-0.012720058261595352
h9,204,-0.018810212342219114,-0.037028618788791885,0.002195739199474248,-0.009519265646531506,-0.030888704133027307
h9,205,-0.0211191773194528,-0.026548816473197137,-0.02904197514847623,0.00647984341195992,-0.03536576106809775
h9,206,-0.006229569058639856,-0.011289212858443497,-0.04204304139366483,0.014833061222844673,0.013580916794704231
h9,207,0.0028728495135675654,-0.020743020072919872,0.014183750629909082,0.001759625144776798,0.016291042352504254
h9,208,-0.013284165526536622,-0.05123973077918111,-0.00653512730427977,0.014724240026355391,-0.010086044049040996
h9,209,-0.016701171259744206,0.0063807725844823105,-0.03586541206523776,0.014340949137768233,-0.051660994695989615
h9,210,0.020542045048000047,0.07293106104872894,0.04578555629751326,-0.03414155614388734,-0.0024068810103546707
h9,211,0.0021520528359499054,-0.030896293031594756,0.05686922841289085,-0.01600632285886831,-0.0013584011786281595
h9,212,-0.021553624636937413,-0.03325098568354463,-0.032497968042754205,0.02073841005382123,-0.041203954875272064
h9,213,0.03086843387662655,0.10655453088825587,-0.018436216704646336,-0.014948164531947672,0.05030358585484434
h9,214,-0.022846714657853602,-0.04709304796377317,-0.037389995809568984,-0.015528044516796808,0.00862422965872454
h9,215,0.01478446850706833,0.10226932445364241,-0.04479138959100609,-0.005378093415255657,0.007038032580892661
h9,216,-0.02333108147821346,-0.050017574051403876,-0.012616322682250691,-0.011461731304352817,-0.01922869787484647
h9,217,0.002527912647014562,0.02702038390968305,-0.0382854728676241,0.002941460347951997,0.0184352791980473
h9,218,-0.0029169898782157155,-0.019565197821444252,-0.0036673065644548045,-0.0187060082011964,0.03027055307423259
h9,219,-0.008103213908946489,0.06341005831362559,-0.026232617294275784,-0.01931234484822106,-0.0502779518069147
h9,220,-0.03230213451165545,-0.03603969278635049,-0.04579566252242891,-0.016770520781566642,-0.030602661956275784
h9,221,-0.004139448451156101,0.004390252050018093,-0.05459760257447853,-0.007867968373621888,0.04151752509345792
h9,222,-0.02800971229104106,-0.02621404267384818,-0.021801275816501934,-0.008112223492131079,-0.055911307181683044
h9,223,-0.0357654969458876,-0.030101307908414688,-0.03812678624760961,-0.02908381723967278,-0.045750076387853306
h9,224,0.001948706629725315,0.11798883577910035,-0.05458961823934283,-0.018253119351907723,-0.03735127166894854
h9,225,-0.010837347898404822,0.005745951203606679,-0.018315560365894087,-0.015704265258169415,-0.015075517173162462
h9,226,0.011040781616160917,0.1013064541756918,-0.021303841847932038,-0.01973033175492153,-0.016109154108194565
h9,227,-0.028912805435696003,-0.06706129964718642,-0.002753597511844291,-0.002929674776224046,-0.04290664980752926
h9,228,-0.03952987554543708,-0.016939000205696268,-0.06455717973442313,-0.026562414540049935,-0.050060907701579005
h9,229,-0.012107843184289318,-0.03473801952128559,-0.002698824142585012,0.011430911281993436,-0.022425440355280102
h9,230,0.0012826793924249208,-0.005753628898938581,-0.0014153329286277078,0.0004934834853033641,0.011806195911962608
h9,231,-0.005530005175453306,-0.013133053591257014,-0.03572993537202364,-0.0028718679750639057,0.029614836236531335
h9,232,-0.04018709512171497,-0.051064639052358946,-0.04597433679323619,-0.020980463649801818,-0.04272894099146293
h9,233,-0.02146965909434147,-0.0613076098892893,-0.04721108372186173,-0.0018115085053050563,0.024451565739090197
h9,234,-0.01474804398835316,-0.032164715233242026,-0.003019837254053641,-0.0003643074248648471,-0.023443316041252125
h9,235,-0.021205731562279107,-0.024642984035599495,-0.017265770980860573,-0.00855683067794265,-0.03435734055471371
h9,236,0.03032718976980239,0.0859678089248282,-0.038089254794572744,0.023251157402314464,0.05017904754663963
h9,237,0.025516409783451696,0.10655423251553657,-0.017576681544814694,-0.004741532595148882,0.01782962075823378
h9,238,-0.0038841168683471077,-0.024248519076310766,-0.002497542236956418,-0.002188657995667495,0.01339825183554625
h9,239,-0.03531702214427696,-0.03131355137190055,-0.03938103556447549,-0.0115148665430333,-0.05905863509769852
h9,240,-0.02121372414147783,-0.05566742640893187,-0.03151954782942121,-0.018064131169544126,0.020396208841985883
h9,241,0.017312409497280842,0.06895379475933201,-0.021663237894503112,-0.001671160534500532,0.023630241658795008
h9,242,0.028057487669148614,0.13446624457458006,0.028455327480536828,-0.028595965140467902,-0.022095656238054553
h9,243,-0.01362191114364783,-0.024113879815280195,-0.004344267592646919,0.02256402909222773,-0.048593526258891934
h9,244,-0.03811162229336535,-0.016000315131272723,-0.05660969592394525,-0.02880024322542131,-0.051036234892822115
h9,245,-0.0014800134717466032,0.06210217229957557,-0.02923007378292984,-0.0018875358906274042,-0.03690461651300474
h9,246,-0.03036824311403172,-0.04521947320298224,-0.017925402793662056,-4.257888154422318e-05,-0.05828551757793836
h9,247,-0.016405034699934526,0.03903982169605571,-0.06311711227488002,0.017809389725166932,-0.059352237946080716
h9,248,-0.014297448829067307,-0.02628643467686176,-0.03773914575767091,-0.007241681310649293,0.014077466428912727
h9,249,0.019688267488943607,0.09811585544436492,-0.0016428292681782315,0.004300010666551881,-0.02201996688696414
h9,250,-0.02790069085008893,-0.014347470568404564,-0.029189659731656513,-0.013342663303775069,-0.05472296979651957
h9,251,0.01767613872216317,0.03560719952378029,-0.009774806066352,0.02008214387435034,0.02479001755687406
h9,252,-0.032014623574318855,-0.07832793986480967,-0.04931758217527539,0.007945682879106257,-0.008358655136296621
h9,253,-0.029053392711894877,-0.04714603220449043,-0.025197839317801726,-0.017829962519942684,-0.026039736805344677
h9,254,0.00475534580911953,-0.00665223963570276,-0.018952831091192876,0.034953280239497994,0.009673173723875762
h9,255,-0.016126304724323963,-0.041864122556485674,-0.027324171672435796,0.022722421564588122,-0.0180393462329625
h9,256,-0.005622436890832248,-0.015440487663310796,-0.0008382603398954438,-0.010153657754432003,0.003942658194309249
h9,257,-0.017717419637842808,-0.02954951657812661,-0.029758256954335198,-0.023652104750017992,0.012090199731108569
h9,258,-0.032161348179549645,-0.0077542710621938534,-0.03883582332082646,-0.02174693242149614,-0.060308365913682146
h9,259,-0.001495654325638248,0.020004596491505593,-0.03496847865833109,-0.006961094169101128,0.015942359033373633
h9,260,-0.017753207792301984,-0.05478080835908418,-0.041925242925846144,-0.007860548920841941,0.03355376903656432
h9,261,-0.005673446077625914,-0.01567886149118912,-0.02863346798338162,0.003206881446767968,0.01841166371729912
h9,262,-0.012536814109559934,-0.007715490750318892,0.015393889368146048,-0.02666635973572978,-0.031159295320337118
h9,263,-0.028911045715686576,-0.02006470423161572,-0.0563253063572197,-0.029055778993631036,-0.010198393280279858
h9,264,-0.02955724800352271,-0.03862414365702909,-0.041727824041922705,-0.03054968810303149,-0.007327336212107564
h9,265,-0.03042607419199271,-0.025534195116802945,-0.05487012866621101,0.005206380117952444,-0.046506353102909334
h9,266,0.009997895937665629,0.03275994811905878,-0.0055826228375084296,-0.019620532575516984,0.03243479104462915
h9,267,0.029144943460672614,0.09822676717008248,0.018453985303928444,0.007425354564948172,-0.007526333196268638
h9,268,-0.030021462977937223,-0.06116815496740219,-0.011416503078312339,-0.019801867836087443,-0.027699326029946927
h9,269,-0.023847002366355338,-0.06211519451072155,-0.06691686932463188,0.012543194019568667,0.02110086035036342
h9,270,0.002465137516643313,-0.02587922372025301,0.007687780347392223,0.02205507837154401,0.005996915067890027
h9,271,0.02293438854361066,0.11403779520020961,0.0274138831247703,-0.013936803061380107,-0.03577732108915714
h9,272,-0.029784012524891795,-0.04793342084477398,-0.046989216530973765,-0.00522676880354363,-0.018986643920275815
h9,273,-0.012590799828269434,0.0420677807726797,-0.021033980084560894,-0.035203256444422334,-0.036193743556774204
h9,274,-0.008585964415187781,-0.0007571013054980397,-0.024132710832891216,0.03310329328736667,-0.04255733880972854
h9,275,-0.02884790948957648,-0.030631308126515624,-0.04926756279110428,-0.013395645658802786,-0.022097121381883234
h9,276,-0.027251944897466705,-0.0173648131467596,-0.04187855478279941,-0.007216501244738532,-0.042547910415569275
h9,277,-0.010931731983832392,-0.005801064172089112,-0.04005647766495836,0.0031829978914497473,-0.001052383989731842
h9,278,-0.014420061033032044,-0.01805134632487554,-0.030134934507693494,-0.01065866369411721,0.0011647003945580684
h9,279,0.009309670848439892,0.02349563970887593,-0.015892605086795415,-0.013304712279040115,0.04294036105071917
h9,280,-0.02188868133570554,-0.05644639437660422,-0.03456158641313279,-0.015732832990073282,0.01918608843698813
h9,281,-0.02355551713889561,-0.05538367285475551,0.01084281808026474,0.01187748558570457,-0.06155869936679624
h9,282,0.028889476333107348,0.07640338007436728,0.01872954138855724,-0.008701915423079937,0.029126899292584798
h9,283,-0.011580983034598064,0.021018510352023234,-0.031168467743117396,-0.02409839549572854,-0.012075579251569553
h9,284,-0.014052496987703358,-0.0063927598374437025,-0.03231590142798527,0.007260389515540037,-0.02476171620092449
h9,285,-0.011542013245539478,-0.03326099554007641,-0.030950489051900357,-0.003979899115465272,0.02202333072528412
h9,286,-0.0159140556019665,-0.029873716981839212,-0.0003842825039892528,-0.013356983259200669,-0.020041239662836864
h9,287,-0.040263135514620615,-0.03532474018205465,-0.04742069954517744,-0.020227738282242346,-0.05807936404900804
h9,288,-0.013112565619032835,-0.04025796173157594,-0.018849293670093276,0.011744475308758023,-0.005087482383220145
h9,289,-0.03664043623418423,-0.04498033242518424,-0.04429184775556798,-0.009465468312395123,-0.047824096443589585
h9,290,-0.024024597497279396,-0.06351217505057771,-0.045902365945665796,-0.01451279292758117,0.027828943934707098
h9,291,-0.0348280734836362,-0.04066399701966209,-0.05616330788944974,-0.00583749435760344,-0.03664749466782952
h9,292,-0.020065510394172325,0.00016608207310737054,-0.05639169511352668,0.0021384847927071603,-0.026174913328977156
h9,293,-0.04490513981404601,-0.05069296977105635,-0.06845570721093724,-0.003428406675983466,-0.057043475598206966
h9,294,0.003086346168662763,0.0281406533344424,0.029063369794174634,-0.012680180234895476,-0.032178458219070505
h9,295,-0.009988409626520067,0.03294302323764206,-0.03729634254257265,0.023625705306053048,-0.059226024507202726
h9,296,-0.015605897426609262,-0.07174410733004426,0.06123056202760427,0.004867601677943513,-0.05677764608194057
h9,297,-0.007795879074512979,-0.010214273861436094,-0.030153597699903556,-0.00443781471339676,0.013622169976684497
h9,298,-0.007821532597113101,-0.022229370929143823,-0.029331524388304504,-0.004111793282758113,0.02438655821175403
h9,299,-0.03618972250083073,-0.05624135802149042,-0.05208912039516405,-0.021492168147878264,-0.014936243438790173
h9,300,-0.009609289790349099,-0.030773179725753386,-0.02711516656484219,-0.023183985308031663,0.04263517243723085
h9,301,-0.03871838256704522,-0.04966527672776647,-0.05618018881297128,0.004084122372517136,-0.05311218709996026
h9,302,-0.008786283040667022,-0.03741817199601929,0.05195525668749513,-0.028890804350471158,-0.020791412503672772
h9,303,0.00568123574157044,0.03174537578571194,0.012356033227515863,-0.020534353215837756,-0.0008421128311082854
h9,304,0.0067520953306558175,-0.044531634441167076,0.05804826053611166,0.005934575173668496,0.007557180054010189
h9,305,-0.01804739098313888,0.011296116098148287,-0.058263352061658,-0.016796365095364616,-0.008425962873681197
h9,306,-0.03145325821576352,-0.04039079580044971,-0.033094918220915585,-0.016568418178118948,-0.03575890066356985
h9,307,-0.03151627293015839,-0.061428733888280074,-0.02297374398900707,-0.004165192233586456,-0.03749742160975997
h9,308,0.004982009596397113,-0.027030879616618892,0.040927805163336696,0.001985382359552687,0.004045730479317963
h9,309,-0.02921450842825903,-0.04494231640380658,-0.0578997086131182,-0.01049630774311812,-0.0035197009529932093
h9,310,-0.03259171318106926,-0.030263122932611686,-0.01603951076636464,-0.03648873833457719,-0.04757548069072351
h9,311,-0.009544178720614142,0.011486134365359654,-0.02183484939979948,-0.02714264547890258,-0.0006853543691141524
h9,312,0.0023702187004562437,-0.011604870221099212,-0.047310773570068625,0.006509342922019789,0.06188717567097302
h9,313,-0.018183397697912686,0.027124576461470845,-0.03616178096677844,-0.018758624886078847,-0.0449377614002643
h9,314,-0.01595213235167864,-0.04665090588732397,-0.04479294686077378,0.0011530274301199965,0.026482295911263196
h9,315,-0.04414604707856557,-0.037640299814393104,-0.07440473966817646,-0.02973879006356943,-0.034800358768123284
h9,316,-0.0352578311482651,-0.04492426184920531,-0.029906788240224667,-0.025107309859187604,-0.041092964644442814
h9,317,-0.01619563088035044,-0.027721322167972233,-0.02948056119091969,-0.01808788639033278,0.010507246227822935
h9,318,-0.02535837046444429,-0.02506063128839917,-0.06373165133734424,0.010307154395516008,-0.022948353627549767
h9,319,-0.020331555024431413,-0.019708331015931585,-0.04877683616556479,-0.008085865108342612,-0.004755187807886674
h9,320,-0.012194707024730009,-0.0016150471911920451,-0.05815787894916016,0.005150548292009575,0.005843549749422598
h9,321,-0.021248666389787268,-0.03298691162528102,-0.02070876785980596,-0.008998462811435178,-0.022300523262626906
h9,322,-0.030020212619960806,-0.03987432948705996,-0.07030663581067609,0.0007548039139828539,-0.010654689096090028
h9,323,-0.018048927768956263,0.0187582431266258,-0.03002131506840717,-0.03006591001007103,-0.03086672912397265
h9,324,-0.01756030928644295,-0.030600456237683663,-0.047619323457917,-0.030602861697722996,0.03858140424755187
h9,325,-0.020995117984819282,-0.02773794780905022,-0.04181817797900948,0.031017199868575377,-0.04544154601979281
h9,326,-0.0097122952958868,-0.011466028053895601,-0.009806620721254463,-0.02364589047966405,0.00606935807126691
h9,327,-0.0013060092652377314,0.020103888408603037,-0.020665327457232742,0.018991871635913544,-0.023654469648234765
h9,328,-0.0036901673048957053,0.023859945415906532,-0.007173732196053802,0.0009292186333533427,-0.0323761010727889
h9,329,-0.0008904392140436992,-0.005438543958476247,-0.018894622498430862,0.011536863530821527,0.009234546069910785
h9,330,-0.03257128270919929,-0.07373258238649255,-0.051829591526202375,-0.018931150087083907,0.01420819316298167
h9,331,-0.02491519921842248,-0.029991165897218054,-0.019770141165840232,0.013238472919396789,-0.06313796273002843
h9,332,-0.01909807191486163,-0.016142781324328597,-0.026938861557342986,-0.021235902962629324,-0.012074741815145609
h9,333,-0.03830690259169342,-0.047987098890569985,-0.021472020721071156,-0.026839380419955608,-0.056929110335176926
h9,334,0.008444655519160203,0.10742473548911256,-0.060584221572650435,-0.021502701574593608,0.008440809734772292
h9,335,0.005000199541568908,0.07068403498871184,-0.028421395407477623,0.005853593293398731,-0.02811543470835732
h9,336,-0.03600051462752242,-0.05321864925700925,-0.04594335190617416,-0.024325821253675963,-0.020514236093230293
h9,337,-0.031066451108170395,-0.006327379975493671,-0.03458570728260466,-0.028369537536824314,-0.054983179637758936
h9,338,-0.023690596240376158,-0.025921000941395392,-0.03450872635869881,-0.004250249356392461,-0.030082408305017974
h9,339,-0.013416824324787257,-0.018473336628734502,-0.04796310481793823,-0.013487370379251415,0.02625651452677513
h9,340,-0.01795043722128157,-0.03398889092336664,-0.02093848129444857,-0.012326324193038304,-0.004548052474272753
h9,341,-0.024092270239872645,-0.020713363248861718,-0.04734951747031962,0.01043211005943686,-0.03873831029974611
h9,342,-0.00877386925281535,-0.017690495958784344,-0.03634385856321147,0.013990996225346159,0.004947881285388254
h9,343,-0.019296589270273858,-0.043170572341756315,-0.002482788049416717,-0.019585346984542777,-0.011947649705379636
h9,344,0.004116057601550632,-0.03795723492037066,0.026320426112200576,-0.011120230490574467,0.039221269704947076
h9,345,-0.026589695972571284,-0.01468500603116528,-0.030966124762521963,-0.026959832218155216,-0.033747820878442684
h9,346,-0.033799199184401114,-0.03645459964824318,-0.06060056310929849,0.007741628052260678,-0.04588326203232348
h9,347,0.0031760595621683797,0.03032045000571027,0.01753897561836214,-0.006213674145881686,-0.028941513229517213
h9,348,-0.024303864168731627,-0.05774068696620326,0.007061482927102279,-0.008181567577953894,-0.038354685057871624
h9,349,-0.030729502475402105,-0.05798321243510036,-0.021573862826038986,-0.016577067933809655,-0.026783866706659425
h9,350,-0.03033097296635935,-0.04132425647699922,-0.035611817869280527,0.0006227340061498226,-0.045010551525307474
h9,351,-0.0052696590899086355,-0.010036882404834536,-0.022805689755447354,-0.017419708968495658,0.029183644769143008
h9,352,-0.02680763691646288,-0.053192574815295046,-0.03296734838201855,-0.0008095037252010455,-0.02026112074333689
h9,353,-0.003269610842536022,0.0036924764434899584,-0.012142715059831524,-0.022765508196246533,0.01813730344244401
h9,354,-0.026954379316529886,-0.03483888752272071,-0.037256361185167536,-0.024655116476629536,-0.011067152081601762
h9,355,-0.01564404414680836,-0.03950498940732166,-0.025397521387228894,0.012328277273040034,-0.010001943065722907
h9,356,0.013877300231549445,-0.00842854788673273,-0.000720657015481619,0.021637266399435456,0.043021139428976674
h9,357,-0.02290041433025075,-0.024238007602929868,-0.020451370896968406,0.005299225213096167,-0.0522115040342009
h9,358,0.009307601507734258,-0.031357074778122065,0.04410165076715661,0.0018353434261495307,0.02265048661575296
h9,359,-0.01592904520288242,-0.005564200913179792,-0.0164711102738229,0.010319556675163388,-0.05200042629969037
h9,360,-0.02673665749592207,-0.029911749942988924,-0.04378707777372634,0.0235902980291912,-0.05683810029616422
h9,361,-0.017443766188894465,-0.0059908493749712445,0.0017378929680439623,-0.02591857257640865,-0.03960353577224193
h9,362,-0.01535687280367996,-0.037405989482780996,0.02189239664512954,-0.013713683549580965,-0.032200214827487424
h9,363,-0.03319081779722062,-0.0467989952048779,-0.02846336995324447,-0.006415054467562357,-0.051085851563197754
h9,364,-0.022909938978520172,-0.03470505771591442,-0.019053141239981277,-0.011079814108667678,-0.026801742849517307
h9,365,0.021363827580010618,0.11129364678538288,-0.03524431489772981,-0.0033305086207202415,0.012736487053109641
h9,366,0.004769634018184379,-0.03154587612945927,0.017407203757697526,0.01964538840105284,0.013571820043446424
h9,367,-0.020759496799561638,-0.05252325301968012,-0.04059283076537437,-0.010757884286668445,0.02083598087347638
h9,368,-0.021007911039036032,-0.017189541759246127,-0.0389906728614434,-0.00563878159994775,-0.022212647935506858
h9,369,-0.023261698521185273,-0.06001342764824395,-0.00835539536697043,-0.012239831665823323,-0.012438139403703394
h9,370,0.0019145128909494524,-0.020747032967262616,0.018536694208745052,-0.012469764524211478,0.02233815484652685
h9,371,-0.04007172406714214,-0.05771604759488443,-0.04807931790624462,-0.01424163708253337,-0.04024989368490613
h9,372,-0.024932957416045412,-0.01794229958950447,-0.04280816361617984,-0.003623956427337379,-0.035357410031159955
h9,373,-0.027136040863690335,-0.0421704386392412,-0.006020225512957,-0.011202552408651242,-0.0491509468939119
h9,374,-0.018918992270653048,-0.011326911112656417,-0.046973857499790106,-0.011223680906999314,-0.00615151956316636
h9,375,0.002949132169482376,-0.01663369615547279,-0.02604889658973019,0.008998552953559353,0.04548056846957313
h9,376,-0.017801951133731286,-0.03944817385161925,-0.0414327508807085,-0.016264658213200344,0.025937778410602956
h9,377,-0.029848703394325805,-0.016515111619495572,-0.02308442099963229,-0.01485582089933114,-0.06493946005884421
h9,378,-0.015498945232401636,-0.054997417367687505,-0.03618802862510177,-0.007318770863895997,0.036508435927078725
h9,379,-0.017919138001558792,-0.03981528318298827,-0.03575580986228607,-0.007786257742506091,0.011680798781545262
h9,380,-0.005371116760190892,-0.041634435878240623,-0.04453929792439161,0.018139973554936323,0.04654929320693235
h9,381,0.009807634252913817,0.09455451161448539,-0.04013444685256028,-0.016344348236381034,0.0011548204861111973
h9,382,0.003117818086801968,0.08167680871358508,-0.03612311767804781,-0.007041821479175512,-0.026040597209153894
h9,383,-0.03402341536447728,-0.02663889565202239,-0.025374311882468935,-0.027261912502513173,-0.05681854142090462
h9,384,-0.021684331734373306,-0.07392170196208225,0.005820451985920867,-0.014044235753705921,-0.004591841207625909
h9,385,-0.023931702135832372,-0.034255120949145415,-0.031148446249271444,0.007391454817200446,-0.03771469616211308
h9,386,-0.005210269077449495,-0.04349870534802638,-0.03619181486244873,-0.010044088931503681,0.06889353283218082
h9,387,-0.027779666913214575,-0.02154220543920924,-0.061388254305100406,0.012016474051990394,-0.040204681960539036
h9,388,-0.015692465649225808,-0.005029818702126761,-0.013998869666527015,-0.018485367014579993,-0.025255807213669462
h9,389,-0.03942199282946505,-0.03551977778252647,-0.06726220110316897,-0.006950786306295134,-0.047955206125869634
h9,390,0.014935325893283665,0.09630227004581994,-0.006194326372690965,0.022720865973032505,-0.05308750607302683
h9,391,-0.030125456872571024,-0.01882648398332066,-0.05570454986376677,-0.014993105625447515,-0.03097768801774916
h9,392,0.00714307921159033,-0.007756360835712155,0.0008021636419911346,0.009522096016653332,0.02600441802342901
h9,393,-0.02343888320393728,-0.026276737789384982,-0.049463990344143,0.01125871508148636,-0.029273519763707512
h9,394,-0.022938380900005474,0.0005930129512314898,-0.036994928241353836,-0.013042864912233732,-0.04230874339766581
h9,395,-0.03333712406638413,-0.031627111415508655,-0.024440501959954578,-0.015841919853454907,-0.06143896303661839
h9,396,0.00568505715882404,-0.03947855128646911,0.07037318300376069,-0.009070649683190718,0.0009162466011953018
h9,397,0.003380929996459354,0.050803912849351034,0.0380347132664454,-0.03310115091419594,-0.04221375521576308
h9,398,-0.017127337946231704,-0.03319126466287398,-0.07047629205209505,0.009337332532789787,0.025820872397252413
h9,399,-0.016469385913953,-0.051908668311655554,-0.017656644286883454,-0.015248978635874592,0.01893674757860162
h9,400,-0.010727660580644494,-0.048045045101385755,-0.02906214396475882,-0.0039293031800723835,0.03812584992363899
h9,401,-0.01821457521351664,-0.010282891842672063,-0.033342531791842836,-0.013785446540365743,-0.015447430679185914
h9,402,-0.02921112174227193,-0.053360296957570844,-0.05270828395730125,0.00696587639225944,-0.017741782446475073
h9,403,-0.01105459923187118,-0.009530985306570205,-0.0654219977549487,0.006775413080505423,0.023959173053528765
h9,404,-0.029884898937113043,-0.01954291484117671,-0.0548682347831998,0.00028101632637928344,-0.04540946245045495
h9,405,-0.01787662744912799,-0.017006160295331103,-0.05198390751765966,-0.009073227440489141,0.006556785456967945
h9,406,-0.028313773767319212,-0.04006022761633765,-0.023833390599570424,-0.01912025783123228,-0.030241219022136487
h9,407,-0.020502585392347884,-0.03716826029712012,-0.0107927604619593,-0.00013695067467102933,-0.033912370135641086
h9,408,-0.01871378214758118,-0.001132191298534398,-0.04274860677732283,0.008951007285556124,-0.039925337800023615
h9,409,0.008620737630106614,-0.029339420283392682,0.003883181898668456,0.013612371418921463,0.04632681748622922
h9,410,-0.011554747103970465,-0.059823223773484216,0.0368293693142754,0.005513261248761107,-0.028738395205434152
h9,411,-0.02663353147514484,-0.013228786868727107,-0.033416253785242406,-0.019110949016038388,-0.04077813623057146
h9,412,-0.00013542891540080024,-0.02569159692058803,-0.004925974405976516,0.011805713847536932,0.018270141817424413
h9,413,-0.01964868203307315,0.026863895847575352,-0.03850131298697365,-0.007358425250765004,-0.05959888574212929
h9,414,-0.025090675384526882,-0.034160539560922104,-0.027807076081011555,-0.01597491229166848,-0.02242017360450539
h9,415,-0.023092838649018878,-0.03326379660151782,-0.016410955261804073,-0.007839530383730704,-0.034857072349022925
h9,416,-0.0023178242972347564,0.11348848397612585,-0.06932205426805563,-0.015551770559107104,-0.03788595633790214
h9,417,-0.012704489902559365,-0.009729770184547456,-0.05438212532058399,-0.015192634478969238,0.028486570373863228
h9,418,-0.02769841684703568,-0.0024906158075985786,-0.022288572854428455,-0.025942392566165814,-0.06007208615994987
h9,419,-0.03699438784319973,-0.038859008962164744,-0.046202304347560785,-0.0080649030591619,-0.054851335003911504
h9,420,-0.04255133012700662,-0.08181930856697,-0.04466242340688789,-0.03051184962449476,-0.013211738909673814
h9,421,0.0007770042619035609,0.08646784628266212,-0.012773342495653404,-0.013446427109048496,-0.05714005963034598
h9,422,-0.019811020344546355,-0.02119611690247203,-0.020795072853262254,0.0044770212178704485,-0.0417299128403216
h9,423,-0.017446313617349038,-0.01309839628372454,-0.04655672844156662,0.007898310510395325,-0.018028440254500323
h9,424,-0.014320153692454474,-0.01679137636288131,-0.02761820301599966,-0.008902395173767688,-0.003968640217169233
h9,425,0.0098343240105426,-0.012956611867064094,0.03979019927073835,-0.019751995155742958,0.03225570379423911
h9,426,-0.016775257938475834,-0.038641133065745265,0.005828349457672524,0.022098122863904432,-0.056386371009735016
h9,427,-0.011191974501008044,-0.009772784369073275,-0.034999886046530974,0.00759370054878373,-0.0075889281372116596
h9,428,-0.0422241016937014,-0.017520069888589923,-0.05521933329815582,-0.030053183604196496,-0.06610381998386339
h9,429,-0.022962027709099116,-0.005774481794325221,-0.026702727675492074,-0.01083214761233025,-0.048538753754248924
h9,430,-0.014248835413914931,0.0067362293040558715,-0.037609568857163364,-0.02209945997221014,-0.0040225421303420866
h9,431,-0.009923966601322613,-0.020190797515308168,-0.02224700416539518,0.0006006503600292695,0.002141284915383632
h9,432,-0.028385823265735105,-0.024096624419503835,-0.035626153403924145,-0.031754489017975215,-0.02206602622153723
h9,433,-0.028977295863394748,-0.03294704461959011,-0.030270109695340486,-0.0084245930768306,-0.044267436061817794
h9,434,-0.01592809781964602,-0.04622483568715975,-0.03115741604061793,0.0019366508353737613,0.011733209613819849
h9,435,-0.007407208420952488,-0.04359473442780028,0.006989797512196742,-0.02745873550609762,0.03443483873789121
h9,436,-0.016579053505336307,-0.011436709650121975,-0.032377391097308056,-0.024829164497815037,0.002327051223899838
h9,437,-0.03200066489264526,-0.013403927592818728,-0.0583541684425669,0.00516428401554824,-0.06140884755074366
h9,438,-0.03953167414357808,-0.05613532454535746,-0.03928790805362545,-0.026795474957913717,-0.03590798901741571
h9,439,-0.020049308989385187,-0.005878883340215581,-0.04551055725104861,-0.02455122827629186,-0.004256567089984707
h9,440,-0.030042844537258678,-0.05438995051525893,-0.029642796716752066,-0.015166753253302558,-0.020971877663721147
h9,441,-0.03471859101528743,-0.0695145359711767,-0.02159777212273537,0.0009069531034050981,-0.04866900907064275
h9,442,-0.030472480235202826,-0.013949630014245235,-0.04506069430610662,-0.020542856505532364,-0.04233674011492708
h9,443,-0.03494115292192762,-0.04454708246417788,-0.01751641090841094,-0.019251117888542016,-0.05845000042657966
h9,444,-0.02260805335222149,-0.02463240422513069,-0.04079654411283748,0.014827459588673752,-0.03983072465959155
h9,445,-0.026234305748410125,-0.06241057836222362,-0.0019192838383723654,-0.011148935802183346,-0.029458424990861168
h9,446,-0.014878572775652452,-0.022113249893210916,-0.016800593842564507,-0.006148772424352851,-0.014451674942481531
h9,447,-0.015178149526902779,0.011091950490268686,-0.03364516365496601,-0.00946342522721286,-0.02869595971570093
h9,448,-0.02173960796158402,-0.02083301591506172,-0.0237865067050124,-0.023611318004950463,-0.018727591221311485
h9,449,1.9796167672641706e-05,0.028139344477227806,-0.053424628553503134,0.02381384769368999,0.0015506210532759048
h9,450,-0.010788221863661634,-0.013763106277827222,-0.03663459356128641,-0.012665480819018589,0.01991029320348569
h9,451,0.010604352348526913,0.06034287237278789,-0.004485436409291792,0.006812931579210158,-0.020252958148598607
h9,452,-0.016002900466286732,-0.013951940193410159,-0.014733007314560592,-0.0189900965519287,-0.01633655780524748
h9,453,-0.017980654006136725,-0.024172261215347192,-0.03918876877933921,0.009599286491513965,-0.018160872521374462
h9,454,-0.0004238103597859911,0.08337727808311085,-0.04684643418151388,-0.013334364723764487,-0.024891720616976448
h9,455,-0.011007843256690781,-0.03045655767159132,-0.04129816879767807,0.010630009557626037,0.01709334388488023
h9,456,-0.020509101549050363,-0.06464947437883936,-0.019544070250871792,0.023625267602561954,-0.02146812916905225
h9,457,-0.02123638029508597,-0.04675455447300558,-0.03979558366602423,-0.012120612591033045,0.013725229549718984
h9,458,-0.01674199240576453,-0.04532205602090653,-0.039418769726555,-0.00524918649440435,0.02302204261880776
h9,459,-0.0371741866555211,-0.043229373526952004,-0.03880983839145621,-0.0021202785235639823,-0.0645372561801122
h9,460,0.003275565557115656,-0.03075808961450737,0.013353961515133687,0.020072935980494647,0.01043345434734166
h9,461,-0.01630099400253792,-0.0007779532020013927,-0.012140237385218147,-0.011709077861594731,-0.04057670756133741
h9,462,-0.03656920413762815,-0.054886597980871796,-0.03238497064154535,-0.01849352629515534,-0.040511721632940145
h9,463,-0.00813515773973922,-0.0318192574886515,-0.007552014963723154,-0.008709780041844424,0.015540421535262194
h9,464,-0.010125433819187329,-0.06735996802547677,-0.013880194766547074,0.025999169417949403,0.014739258097325122
h9,465,-0.018533863182155236,-0.041036812036511806,-0.020628439964354865,0.003547341921667934,-0.016017542649422206
h9,466,0.0016662916775738446,-0.021908747224656716,-0.021146121754905274,-0.004025278431054011,0.05374531412091138
h9,467,-0.02556306755692058,-0.030778126311726425,-0.01749103034433288,-0.0047634034475101256,-0.0492197101241129
h9,468,-0.020627208327080607,-0.01614133813045648,-0.057398817569779326,-0.008900914758688601,-6.77628493980292e-05
h9,469,-0.008754883995399542,-0.06332512779874673,0.058753336368809035,0.011711767315277986,-0.04215951186693846
h9,470,-0.017157093737809923,-0.06797460326768154,0.031167138381312364,-0.009588030115651363,-0.02223287994921916
h9,471,-0.001971136489464677,0.015064318873472949,-0.043660784305010705,-0.002585176014873006,0.023297095488552057
h9,472,-0.02033820365191253,-0.019752863279976135,-0.014984952142444911,-0.021930884066092046,-0.024684115119137033
h9,473,-0.027066032072020837,-0.03224087706925221,-0.028993418016919837,-0.009547614545859288,-0.03748221865605201
h9,474,-0.03311537670995765,-0.02763700428342584,-0.0516063580158606,0.0017484742319147173,-0.05496661877245888
h9,475,-8.105372722678892e-05,-0.03400246053753027,0.03461270049837201,-0.0009218667149885876,-1.2588154760306142e-05
h9,476,0.02254951389826225,0.08065303042088848,0.013217876625112396,-0.010277932551460553,0.0066050810985086705
h9,477,-0.013840064386646606,-0.024396035352599515,-0.0030583071461940566,0.025992705826632642,-0.0538986208744255
h9,478,-0.03438891268825157,-0.04852066496104878,-0.03384271488953222,-0.03344608308787951,-0.02174618781454575
h9,479,-0.03057607965161526,-0.051370871193546164,-0.05990786545713979,-0.004404515383878762,-0.006621066571896324
h9,480,-0.0007970888519670425,-0.027519611523218683,0.004592371655788083,0.011124080278645126,0.008614804180917306
h9,481,0.006023140822310882,-0.01982413179434618,0.0049443692720339116,0.018860234837787964,0.020112090973767836
h9,482,-0.024320896434369008,-0.02899737584467791,-0.04392793640262681,0.0004526003921372805,-0.024810873882308578
h9,483,0.005629175250073838,0.08074079516794992,-0.042572246852271164,-0.020075096690994124,0.004423249375610718
h9,484,0.0010987729928228253,-0.027074098521694435,0.057373627873299235,-0.016385615362652303,-0.009518822017661195
h9,485,-0.020567946652083325,-0.03543180994531447,-0.02635079942394008,-0.019759298168688568,-0.0007298790703901843
h9,486,-0.0221490603483129,-0.03523804024746657,-0.04300987446632655,-0.011641841790261046,0.0012935151108025653
h9,487,0.011253645655020135,0.0238606146358352,-0.040742295053777175,-0.018262974386237207,0.08015923742425972
h9,488,0.03707316705522918,0.10810919974874357,0.05750368578879669,-0.02919964472056778,0.011879427403944204
h9,489,-0.026987548472448462,-0.04759815374804761,-0.0035275806545636106,-0.019065682684987033,-0.03775877680219561
h9,490,-0.029172685090680085,-0.014127162980240868,-0.05054143105536438,-0.004508632782546217,-0.04751351354456887
h9,491,-0.035457413337897994,-0.03417132155358965,-0.05327402998255621,-0.029006478526424084,-0.025377823289022022
h9,492,-0.012190084187437361,-0.02312337419964071,-0.06903497797479652,0.007183442423668122,0.036214573001019656
h9,493,-0.001500595707996997,-0.04425834607433585,0.036819797078628126,0.006606588729526144,-0.005170422565806411
h9,494,0.00041770029006734863,-0.03295515269359738,-0.02295405025090208,0.015269551015122746,0.04231045308964611
h9,495,0.008726068168970915,-0.005281685754128582,0.017875763221705584,-0.0036774596027140723,0.025987654811020732
h9,496,-0.004598488268159975,-0.02921647825349858,-0.0626866545680621,0.02201444120486378,0.05149473854405699
h9,497,0.03791252214948089,0.11902267870207647,0.04115251796134311,-0.010076871504041823,0.0015517634385458015
h9,498,-0.02476247127740048,-0.040933399420691005,-0.01878288148793081,-0.014991854983264021,-0.024341749217716084
h9,499,-0.007971063409978833,0.02500353334570147,-0.04296365882777867,0.0009431643433032272,-0.014867292501141357
h9,500,-0.014053455458628784,-0.011547714476254018,-0.04350894107157738,0.0015208245480988597,-0.002677990834782599
h9,501,-0.022921251295453686,-0.01660738784461021,-0.04431603051914994,-0.0043017105967651246,-0.026459876221289466
h9,502,-0.012192863052260645,-0.03298211627467694,-0.033992477641245605,0.0030443003017873354,0.015158841405092629
h9,503,-0.04245493966451072,-0.06511966589366289,-0.04826072194383313,-0.02256963351121847,-0.033869737309328414
h9,504,-0.023394099914864373,-0.03681285926753006,-0.059359071255008236,-0.0013667613079057163,0.003962292170986526
h9,505,-0.0013514426537479616,0.10579731071276124,-0.04841115157299637,-0.01047345232021119,-0.05231847743454553
h9,506,-0.01027014654475552,0.007360891135323948,-0.013682245328975755,-0.015935847547957536,-0.018823384437412737
h9,507,-0.015408374355843371,-0.026700251914602086,-0.028146524503305077,-0.030802722431886302,0.024016001426419988
h9,508,-0.02582272273699325,-0.037328682191860765,-0.019783287891041775,0.00032084234152393283,-0.04649976320659439
h9,509,0.003149934682940946,-0.030550844052113113,0.019422149661583336,0.041939325772692715,-0.018210892650399154
h9,510,0.01611453160595183,0.11672908682785808,-0.02012214574339103,-0.024747311338281366,-0.007401503322378367
h9,511,-0.001690902283502535,0.0025837957632267343,0.031053030308271397,-0.007248194669295214,-0.03315224053621305
h9,512,-0.024560951488010466,-0.024104633609301138,-0.044911990169467675,-0.002131047484439619,-0.02709613468883343
h9,513,-0.02276314022511128,-0.03484461296072683,-0.06715348958225685,0.0016761625139932262,0.009269379128545318
h9,514,0.02484399952307032,0.09400808620882299,0.009440080823472353,-0.01084565840455413,0.006773489464540074
h9,515,-0.019593707437959865,-0.053208217674531974,-0.04302184629865554,-0.02203427592624011,0.03988951014758816
h9,516,0.013335729063078668,0.03696572431993707,0.02962520858304038,0.008706881668091717,-0.0219548983187545
h9,517,-0.03414063811018529,-0.025504271057245675,-0.042883086726282646,-0.01987887028345976,-0.04829632437375307
h9,518,-0.019781998127405047,-0.008736141532873333,-0.010395827123647495,-0.021064199221275545,-0.03893182463182382
h9,519,0.005134905733016562,0.023603946302698266,-0.013225617001236617,-0.005863683742299599,0.016024977372904196
h9,520,-0.009836705544214687,-0.0007371362272050176,0.008103998492310178,-0.01068552836490749,-0.036028156077056415
h9,521,-0.013666480259869149,-0.04018941445304479,-0.031106244689925126,-0.021724595757762838,0.038354333861256154
h9,522,-0.017577348240422404,-0.012593086849194371,-0.028904741476432853,-0.023815838065728116,-0.004995726570334287
h9,523,-0.027446275952026637,-0.04027172022712951,-0.03321510223893431,-0.020727273000004653,-0.015571008342038069
h9,524,-0.03503927531756411,-0.030180633099706537,-0.037755129278996206,-0.027352309882459874,-0.04486902900909381
h9,525,-0.013266757904400642,-0.06586134446428613,-0.03688715424628455,-0.0030979859596584084,0.05277945305262652
h9,526,-0.017194558941001113,-0.03143369302475196,0.003139075485000236,-0.019913837512001955,-0.02056978071225077
h9,527,-0.018813211064433528,-0.03197592270050473,0.030491815587885013,-0.027622664278263882,-0.04614607286685052
h9,528,-0.03400762925329309,-0.03744150801005093,-0.05149511730424973,-0.022227467049405855,-0.024866424649465854
h9,529,-0.006977350538249253,-0.03133709949321047,-0.004241164881993141,0.007507005113068241,0.0001618571091383655
h9,530,-0.03168051794919986,-0.04385940015165133,-0.009862148311492106,-0.020097758923338985,-0.05290276441031705
h9,531,-0.01932084957462757,-0.03577753038223901,-0.014003000946105768,-0.019432536487729475,-0.008070330482436026
h9,532,-0.021461157991548453,-0.022590444729981063,-0.03612067711484798,-0.005355463331830899,-0.021778046789533868
h9,533,-0.02126388497668121,-0.04210690492337175,0.008131980199906222,-0.006704867100463939,-0.04437574808279537
h9,534,-0.005268425309541561,0.001555403008287,-0.020924037204366742,0.01683990177177485,-0.018544968813861352
h9,535,-0.011170903143213205,-0.033767612062272356,0.0069537656192864734,-0.022884294386461064,0.005014528256594125
h9,536,-0.024267511496402876,-0.07008311604684317,-0.025326420642614304,-0.02516467443579098,0.023504165139636962
h9,537,-0.02182959080349195,-0.05730720209359758,0.001615018398255015,-0.02183305709397496,-0.00979312242465027
h9,538,-0.01873163369308112,-0.059038829091829684,-0.023807353109410692,-0.017222384966240123,0.02514203239515601
h9,539,-0.033923854332356576,-0.04897727419804235,-0.012466747972245302,-0.027352436359557197,-0.04689895879958146
h9,540,-0.014071797255301364,0.006376237553991783,-0.057069198557925964,-0.017294652660322974,0.0117004246430517
h9,541,-0.019394510991496992,0.03039517015133781,-0.02968831671413734,-0.024946761892877804,-0.05333813551031064
h9,542,-0.010702706746351941,-0.03837137014202437,-0.016813812275011976,-0.004982378940661936,0.017356734372290513
h9,543,-0.027255372190434682,-0.04132118247473694,-0.03125643012465794,-0.013978625269154908,-0.02246525089318893
h9,544,-0.03780829956776069,-0.053305265917298277,-0.016125418429517986,-0.03326043445748178,-0.04854207946674473
h9,545,-0.009081303844591083,-0.018877296486021107,0.029090950033985638,-0.008649297638416455,-0.03788957128791241
h9,546,-0.03282247302220492,-0.04591893705271213,-0.03889447899199962,-0.00939561355070945,-0.0370808624933985
h9,547,-0.02719346809984686,-0.015908000523138524,-0.06036915300052539,-0.012748943543124676,-0.019747775332598857
h9,548,-0.02486046417077177,-0.010739504944949206,-0.04675591734667552,-0.030502985386365172,-0.011443449005097186
h9,549,-0.006366556192768118,0.007554226815975927,-0.02070838515395607,0.019231515092795033,-0.03154358152588736
h9,550,-0.015328540374600434,-0.04652037856873751,0.004993429421802692,0.0070756869705338975,-0.026862899322000817
h9,551,-0.016228062911870053,-0.0031970180576293417,-0.01886834307440168,0.009117089730820094,-0.05196398024626929
h9,552,-0.03134658525006658,-0.006636405568495499,-0.03964036422899048,-0.02363645724373718,-0.05547311395904316
h9,553,-0.019519622931127092,-0.0045683328612946515,-0.03498173567771683,0.0008160648042350354,-0.03934448798973192
h9,554,-0.036503552902341425,-0.021435487285478498,-0.06551233479439852,-0.021676351158923204,-0.03739003837056547
h9,555,-0.019783603194817534,-0.029451526152530307,-0.03301070906065185,0.01920728052867028,-0.03587945809475827
h9,556,0.006426150073349558,-0.012510223057559645,0.018824800013766546,-0.01824031559767364,0.03763033893486497
h9,557,-0.02604832581906058,-0.01641477477195409,-0.04417392664387926,-0.00946702261815631,-0.03413757924225266
h9,558,0.03434279253828318,0.09228634849704044,-0.00763029046038035,-0.008661132906995477,0.06137624502346811
h9,559,-0.010012825350170066,0.01754318673482851,-0.06385581366517402,-0.030047690829038735,0.036309016358704
h9,560,-0.009102904043242321,0.001145638790663909,-0.0332054488357943,-0.020724719532099797,0.016372913404260905
h9,561,0.01861795511152179,0.06609781484469222,-0.028718989199135483,-0.01154515375956886,0.048638148560099286
h9,562,-0.01825492625100479,-0.011011845469243138,-0.04129487531148751,-0.007085409047705355,-0.013627575175583159
h9,563,-0.008659610416749433,-0.035680366157148605,0.03789751439703062,-0.013460527888834653,-0.02339506201804509
h9,564,-0.007797974432616844,-0.03669610386950897,-0.0378871224170448,0.0028122851600327634,0.04057904339605363
h9,565,-0.00012561432160440762,-0.01565814624764295,-0.040455133444134796,0.0029596738480078292,0.05265114855735229
h9,566,-0.005723436821684058,-0.002505245854114206,-0.01094433844613608,-0.011745335443804029,0.002301172457318082
h9,567,-0.009252292160630416,-0.0033350775904006785,0.004060723109250423,-0.015150831835042313,-0.022583982326329095
h9,568,-0.03540453976506247,-0.03430329145794082,-0.044801279115414955,-0.020760366744300058,-0.04175322174259407
h9,569,-0.01960300131787326,-0.007742119292964859,-0.018721777940495662,-0.025453521231189342,-0.026494586806843176
h9,570,-0.008427534972885061,-0.026524332889444443,-0.03559313515013349,-0.015249423860258366,0.04365675200829605
h9,571,-0.01053140453396085,0.040184140026455054,-0.048600659672238075,-0.017018664021230888,-0.016690434468829493
h9,572,0.0013816430849561048,0.02780812970635848,-0.01955006489083737,0.01792510740064023,-0.020656599876336917
h9,573,-0.0008389280476381513,-0.03857842290721368,0.0036244248798974286,-0.009868387746941047,0.0414666735837047
h9,574,-0.007699235216105309,-0.016007459190738947,0.022649571108661275,-0.006215676237889473,-0.03122337654445409
h9,575,-0.03580924845834055,-0.04671137700644198,-0.013134701232737776,-0.016462049078407325,-0.06692886651577512
h9,576,-0.02611358136592052,-0.03997606784468655,-0.04153748064465555,-0.020822830510127757,-0.002117946464212226
h9,577,-0.019898841181289116,-0.041693237982998746,-0.004834106431213752,-0.009049488540460242,-0.024018531770483728
h9,578,-0.02980191374561044,-0.011023004035070914,-0.04851108661484217,-0.010922705311581812,-0.04875085902094686
h9,579,-0.02257297811849452,-0.07238097107000913,-0.02250360201186664,-0.019171972899955276,0.023764633507852954
h9,580,-0.0263097931634289,-0.03260590092628772,-0.04282329205729797,0.0223143058797931,-0.052124285549923
h9,581,-0.018407263755026094,0.008496556507147687,-0.05745611233922776,-0.014518452521120405,-0.010151046666903907
h9,582,-0.015080607934864858,-0.01965133607577566,-0.037916688672115874,0.0020677797037068285,-0.004822186695274722
h9,583,-0.0058106724303347325,-0.011403416820489013,-0.034757803726961634,-0.017965542079738717,0.04088407290585043
h9,584,-0.011471174834239276,0.0001724039745089126,-0.03812449137897758,0.009575553461952761,-0.017508165394441198
h9,585,-0.015185360467713127,0.007841729393043707,-0.025202030045817066,-0.001867675965866105,-0.04151346525221304
h9,586,-0.011924956436140687,-0.026133962493839417,0.002824177655676257,-0.027633847869338875,0.003243806962939283
h9,587,0.008884161231011609,0.05878193878163234,0.0006232225226717684,-0.012142428571439105,-0.01172608780881857
h9,588,-0.00387598731918701,-0.020859453303285223,0.017098341958789762,-0.00805746948420514,-0.003685368448047439
h9,589,-0.00866611361948657,-0.013604622029435715,-0.029447182304638914,-0.00997461602610173,0.018361965882230078
h9,590,-0.02450911308574057,-0.019065398013200938,-0.05003151996761107,0.004247644268617265,-0.03318717863076753
h9,591,-0.02268786381991348,-0.03894844670756994,-0.05310866105917815,0.01102482512568415,-0.009719172638589992
h9,592,-0.02387442739991534,-0.037538389433971864,-0.05396736188772404,0.02848232931386127,-0.03247428759182674
h9,593,-0.023075301146877295,-0.019758745688576655,-0.03591136777950149,0.024906685200173098,-0.06153777631960412
h9,594,-0.010335515152532788,-0.021312808551850783,-0.014632153522793262,-0.020523844504029276,0.01512674596854217
h9,595,-0.0385105476857637,-0.05929921980921321,-0.029489654106874038,-0.018536559094139038,-0.04671675773282853
h9,596,-0.01993089967772451,-0.03276192303943257,-0.03737573054882221,-0.009169448955269307,-0.000416496167373959
h9,597,-0.013240710581664272,0.03158819531559137,-0.03703292524311497,-0.00035976078911721405,-0.047158351610016275
h9,598,-0.03420057745441623,-0.042740442275724065,-0.05879630172367886,-0.03360688024316933,-0.0016586855750926593
h9,599,-0.007156205841359361,-0.022119190506254518,-0.012287061754021075,0.042633119379893364,-0.03685169048505522
h9,600,-0.030993009482427707,-0.04755135952734171,-0.05134491467759466,-0.007023626079673161,-0.01805213764510129
h9,601,0.005048620685686718,0.08373154705711895,-0.02571562780013678,-0.0246304402609,-0.013190996253335299
h9,602,-0.006337361346781128,-0.03978069969696965,0.03240994325391122,-0.009649480900829222,-0.008329208043236861
h9,603,-0.032193609841561346,-0.04575415142800027,-0.012521415702105743,-0.02820071400120925,-0.04229815823493014
h9,604,-0.026423414033786025,-0.0397314169926431,-0.03770889282039614,-0.027351769732380193,-0.0009015765897246696
h9,605,-0.004786971665649838,0.020655779851828614,0.0015435204766644627,0.007094829792527879,-0.04844201678362031
h9,606,-0.029344248741124214,-0.05337244501146776,-0.0434672704475334,0.014073314042262908,-0.03461059354775859
h9,607,0.007858775925349826,0.11382708318927012,-0.04901943388724092,-0.011778031246586836,-0.021594514354043064
h9,608,0.006116126279084494,0.10187143670108453,-0.056978488371350555,-0.010262113800382187,-0.010166329413013816
h9,609,-0.02945207820657331,-0.005377455961558815,-0.051183636520028705,-0.022878872278342396,-0.03836834806636333
h9,610,-0.015803406588848892,-0.025813000477092743,0.01993061010301246,-0.025147743354888438,-0.03218349262642685
h9,611,-0.009689435264790085,-0.04132242530277653,0.003565292324091053,-0.00693877799938533,0.005938169918910465
h9,612,-0.03057417355723819,-0.04413210631007334,-0.05922931105420576,-0.01722993730049405,-0.0017053395641796225
h9,613,-0.03250215205107579,-0.040361686559158796,-0.0332612928157602,-0.013851170904461191,-0.04253445792492298
h9,614,-0.004595612531134174,-0.02959245371359307,0.011071879988083549,0.023870669846810473,-0.023732546245837646
h9,615,4.398997704811898e-05,0.05193363606845617,0.013242799822194886,-0.02805408048925389,-0.03694639549320469
h9,616,-0.01647466280442483,-0.0004686516388758841,-0.007730037096009239,-0.014079117322800264,-0.04362084516001393
h9,617,0.0021571316252410487,-0.015996919913224824,0.009152797054861826,-0.009657066001252946,0.02512971536058014
h9,618,-0.022559363838667967,-0.03951986140615976,-0.03691307783758623,-0.0037990213379015905,-0.010005494773024278
h9,619,-0.018587284462384567,-0.01012661051332503,-0.03793024001383774,-0.02638824867992512,9.596135754961783e-05
h9,620,-0.01066124817515,0.0087354201681874,-0.0574957505529567,0.014150378078104358,-0.008035040393935062
h9,621,-0.03996855200892821,-0.028301862480574695,-0.055785069967889726,-0.016997585957265707,-0.05878968962998272
h9,622,0.003469062993790458,0.10784646323971747,-0.022811091610679943,-0.02847687053780333,-0.042682249116072365
h9,623,-0.028515186432914525,-0.06749966343208402,-0.016789382068207223,-0.014536626528090848,-0.015235073703276009
h9,624,-0.03649154863270068,-0.057589688769459704,-0.049935376633925166,0.007322061061729618,-0.04576319018914748
h9,625,-0.034771809544590346,-0.02273573917556202,-0.05693394886809644,-0.013765341000387,-0.045652209134315946
h9,626,-0.004054081560943515,-0.016900068136139125,0.01529576015329698,-0.011803943277834454,-0.00280807498309746
h9,627,0.00120554131895401,-0.03702441475614293,0.05111011096121861,0.0018829419600191047,-0.011146472889278745
h9,628,0.016752783199708157,0.10821487658460086,0.025609162420230022,-0.027826059419488666,-0.03898684678650957
h9,629,0.005850056211584452,0.04594639838976543,-0.019329361485499366,-0.016724564711944587,0.013507752654016337
h9,630,-0.014424857918525335,-0.012678203250417365,-0.0031986363972930556,-0.020018440325143393,-0.021804151701247526
h9,631,0.006909097791054839,0.07523375996422126,0.009754016981430122,-0.022990887958146574,-0.034360497823285444
h9,632,-0.010770689279338493,-0.02561471507500126,-0.024411307640401746,0.00037925168415369,0.006564013913895344
h9,633,-0.0023464461115866404,0.03790006742804889,-0.008251641411392105,-0.0038457209156884846,-0.03518848954731486
h9,634,-0.029265620791136898,-0.03646815083955833,-0.03936657770144571,-0.004525507064914622,-0.03670224755862893
h9,635,-0.019873372537230382,0.0005814136653860043,-0.0366638234997633,-0.020232438562709055,-0.023178641751835174
h9,636,-0.0171122630013761,-0.015298545937061966,-0.0287768399448703,0.012722997518807242,-0.037096663642379374
h9,637,-0.014043142340362419,-0.02277382422087569,-0.038511457784624996,0.0011872668982777323,0.003925445745773284
h9,638,-0.036223205896196604,-0.04234887686807478,-0.03990462593576412,-0.03190417658098572,-0.03073514419996181
h9,639,-0.028900256806183335,-0.04506009155459089,-0.03135178037301594,-0.0032499752078514617,-0.03593918008927504
h9,640,-0.017507815316626416,-0.03752370237583577,-0.02731976815008977,0.011733760035794447,-0.016921550776374576
h9,641,0.007629043961346301,-0.029968950984718294,0.05952801744266338,-0.006210040569069066,0.007167149956509183
h9,642,-0.02039158077373933,-0.02903707084359712,0.026780412367148988,-0.02957076546411509,-0.0497388991543941
h9,643,-0.037763614990036456,-0.05385017452372397,-0.025505844877716916,-0.01609059164415871,-0.055607848914546225
h9,644,-0.018792654702802128,-0.010013144038791555,-0.047055089111825876,0.019704904094163676,-0.037807289754754746
h9,645,-0.02191033538222179,-0.03406886927909668,-0.01681618401004721,-0.034643635421234636,-0.0021126528185086255
h9,646,-0.00987728576638607,-0.04667319835848284,0.017166772153649264,-0.01693093946916088,0.006928222608450167
h9,647,-0.014759330230144453,-0.05988866247995629,0.008092128009584748,0.007637715282724064,-0.014878501732930332
h9,648,-0.019308039583100945,-0.013398925663130563,-0.019297489491067257,-0.0299549496008096,-0.014580793577396365
h9,649,3.245096864912776e-05,-0.018869435520539785,0.0326215135202687,-0.016159448964553378,0.0025371748394209734
h9,650,-0.02137236987342767,-0.02170723362646137,-0.0506776604068686,0.004334717000852106,-0.01743930246123282
h9,651,-0.008739026046152973,0.07850260990042889,-0.034107775123037275,-0.030667472592874542,-0.04868346636912896
h9,652,0.01495928371722901,0.03233177218949004,0.011782647941182098,0.015098321411343235,0.0006243933269006671
h9,653,-0.017187951491553537,-0.06694649518577363,0.040224689216543145,-0.011069097817687688,-0.03096090217929598
h9,654,-0.019964587478508645,-0.0376752934037876,-0.003922757564340375,-0.0061527431393822935,-0.032107555806524316
h9,655,-0.0276925755333368,-0.039165256682114645,-0.010343113675238299,0.004035869257963887,-0.06529780103395814
h9,656,-0.003312582422355565,-0.009785053519725799,0.009168285444527465,-0.016220315873400705,0.003586754259176779
h9,657,-0.0017311422794520552,-0.026940018383275526,0.03981871256031385,-0.027302930944708054,0.007499667649861509
h9,658,-0.0160621469772491,-0.050504554858920706,-0.025783395129393705,-0.019009887347953454,0.031049249427271473
h9,659,0.02645409469666188,0.0828344893093655,-0.03118059956555268,-0.010710768288345255,0.06487325733117993
h9,660,-0.013005913173221133,-0.03579816961576318,0.012874268089028959,-0.01355097560953179,-0.015548775556618518
h9,661,0.009791360857233398,0.10292354575359876,0.008088198630610855,-0.018650715386237138,-0.05319558556903889
h9,662,-0.03234029720557724,-0.037879923363958144,-0.05822399466100768,-0.013006915932754808,-0.020250354864588323
h9,663,-0.004291874468726345,-0.04878963520896829,0.047985731063455085,0.021273628944812654,-0.03763722267420483
h9,664,-0.018346055779045155,-0.011010542417343009,-0.031420345803043745,0.003595742731238115,-0.03454907762703199
h9,665,0.0038120199538121424,-0.02424073775945452,0.022557509089314323,0.008626703872813292,0.008304604612575473
h9,666,-0.03563436044415505,-0.04371879058128262,-0.03467076404853241,-0.025904496330236032,-0.038243390816569134
h9,667,0.020932047475390656,0.09663423193826155,0.02065597166437012,-0.012008877158364965,-0.021553136542704087
h9,668,-0.008893806752958073,-0.02803772473860714,0.000885228459768933,-0.018115085829624292,0.009692355096630209
h9,669,-0.017060455508234297,-0.017659312221938332,-0.012084969404199532,0.0018310046783826066,-0.04032854508518193
h9,670,-0.01996678410130008,0.020804723984092725,-0.053040315268806426,-0.0069150305543675145,-0.04071651456611911
h9,671,-0.015156177576143402,-0.015410878538488802,-0.04446127670427453,-0.005013111822646191,0.004260556760835916
h9,672,0.026105488509653742,0.08691902795919401,0.008917257860356366,0.02386632123239844,-0.015280653013333855
h9,673,-0.013419302796315636,-0.06621876039879164,-0.016140468776706045,0.03864045685549514,-0.009958438865260006
h9,674,-0.00875660757897877,-0.015419331296197705,-0.05206884721172983,-0.017327485688772716,0.04978923388078517
h9,675,-0.005222112064183824,-0.0023177076500569584,-0.043210679665986206,0.003602359469819616,0.021037579589488258
h9,676,-0.015622572950730773,-0.042310846221270515,-0.021868965115666862,-0.0011622445515350889,0.002851764085549365
h9,677,-0.00844868640849526,-0.020431550687121942,-0.014500850582274984,0.011290053617841784,-0.010152397982425905
h9,678,-0.026011694912357948,-0.006796712770511372,-0.019349928634022167,-0.029168000418989603,-0.048732137825908656
h9,679,-0.02112392846834865,-0.02247159205505781,-0.013988462722994413,0.0015614763981570984,-0.04959713549349948
h9,680,-0.02674981884368368,-0.01863429675287346,-0.053954226392413436,-0.01187151366027378,-0.022539238569174048
h9,681,-0.02618805134000816,-0.06108546681692538,-0.035557299065459076,-0.00853528980959791,0.0004258503319497266
h9,682,-0.016125221525255837,-0.01893618892058334,-0.050631628168658856,-0.010160923821295308,0.01522785480951416
h9,683,-0.028873698418053956,-0.02658902017716894,-0.045680298371342284,-0.009369640078018038,-0.033855835045686566
h9,684,-0.03904313957218243,-0.07525315139739944,-0.05433924520949365,0.02299845661372711,-0.04957861829556376
h9,685,-0.026190637038152137,-0.05948999443188819,-0.04785060570958065,0.011120034856103357,-0.008541982867243055
h9,686,-0.0003679471539205356,0.008015965989745901,-0.04086579084546187,0.01563867358683318,0.015739362653200646
h9,687,-0.020014118368339124,-0.04361692237243119,-0.006545630044507398,-0.024348538122596484,-0.005545382933821414
h9,688,-0.025782335572124445,-0.03213824041198719,-0.03715979556674746,0.010714938632051415,-0.04454624494181454
h9,689,-0.021916455039689756,-0.011438939334418058,-0.03981573810439739,-0.006562793901226728,-0.02984834881871685
h9,690,-0.013307425270456984,0.014217195679946226,-0.04161392180112189,-0.023964182508951652,-0.0018687924517006259
h9,691,-0.027883256357441648,-0.052192502945991884,-0.0651439478036988,-0.011496704332745553,0.017300129652669645
h9,692,-0.02677303503442218,-0.047724862258567195,-0.03729258997796066,-0.023948853100914817,0.001874165199753943
h9,693,-0.010437477819053768,0.003887337523352557,-0.04383545786380347,-0.005903752101702775,0.004101961165938609
h9,694,-0.016347402656172322,-0.053210333784409536,-0.050312668701881516,0.020841562451457307,0.01729182941014446
h9,695,-0.009701110248894206,-0.045935560840020304,-0.003193187380964595,-0.012799135794375577,0.023123443019783647
h9,696,-0.02216376019117332,-0.07143118253741976,0.01751812039358215,-0.0024906831118206942,-0.03225129550903499
h9,697,-0.029513108697577863,-0.04313261998034371,-0.04177786846036572,-0.009915148912763372,-0.023226797436838642
h9,698,-0.017224529226113443,-0.039989011718764324,-0.013119058202445178,0.012479526187592474,-0.02826957317083674
h9,699,-0.019169408088872734,-0.030784182205208163,-0.042419587167766046,-0.0014013776031718333,-0.002072485379344898
h9,700,-0.028507087104912298,-0.045814580327820736,-0.038121073061891816,-0.004978672549878345,-0.0251140224800583
h9,701,-0.027057157115981084,-0.02918776566619414,-0.0456605621329101,0.014444888492293998,-0.04782518915711408
h9,702,-0.016976198727383693,-0.020192965594394378,-0.030749489838352566,0.011347365205569417,-0.02830970468235724
h9,703,-0.02365221293403291,-0.015439603869539045,-0.032433267038657065,-0.016763059730425762,-0.02997292109750976
h9,704,-0.019438040311207893,-0.04720596839828733,-0.017679926007733174,-0.019221918280508343,0.006355651441697268
h9,705,-0.021165424796156917,-0.01709008892256768,-0.03642021513896459,-0.015463096465452374,-0.015688298657643023
h9,706,-0.010809919628053912,-0.006619673883753518,-0.01928063618952841,0.028501439152985693,-0.045840807591919414
h9,707,-0.012747148637557052,-0.000930521112725834,0.007706085097560366,-0.02136716048211397,-0.03639699805294877
h9,708,-0.04263103087750349,-0.05711100539476456,-0.04883009426114402,-0.0015804185967296202,-0.06300260525737575
h9,709,-0.028227948216103478,-0.04526751527463148,0.002135273375664628,-0.025394070646917205,-0.04438548031852986
h9,710,-0.028762327770449223,-0.047936602548222705,-0.05064498259271887,-0.015868112458641906,-0.0005996134822134128
h9,711,-0.021499297192916413,-0.02206616383350405,-0.03841554040988571,-0.012429664901500794,-0.01308581962677511
h9,712,-0.03007562725036874,-0.04548077935686749,-0.03984895405796515,-0.00763209971411587,-0.027340675872526442
h9,713,-0.02614401501743465,-0.04682279118653231,0.0060546326199865715,-0.0223912323895782,-0.04141666911361467
h9,714,-0.007642771869315461,-0.050873979780842515,0.04329252340459625,-0.011334822013224142,-0.01165480908779144
h9,715,0.0017269284963109133,-0.00510914312707976,0.04474307072060523,-0.015383840123397718,-0.0173423734848841
h9,716,-0.01545717751340224,-0.032133368245086016,-0.016096362186302074,0.00851220855895651,-0.022111188181177386
h9,717,0.028670138120384856,0.12441996968028282,-0.03333731070732289,-0.011490553368100932,0.03508844687668043
h9,718,-0.014315765994771863,-0.054464863185490084,0.010383200218704734,0.020125358891852813,-0.03330675990415491
h9,719,-0.026869489735727302,-0.030578979897198953,-0.018103864646194602,-0.0010254389992132434,-0.0577696754003024
h9,720,0.00528760292797013,-0.046739841818191324,0.01703102223913757,-0.018075686473725486,0.06893491776465976
h9,721,0.007264863298255777,0.038445531625737696,-0.009559909609270192,0.010935069823067287,-0.010761238646511687
h9,722,-0.022111281238105407,-0.02666545858266934,-0.03781920417948342,0.018683872011957103,-0.042644334202225985
h9,723,0.005791875244189369,-0.04013801784783376,0.013904993029082269,0.017066845410978703,0.032333680384530265
h9,724,-0.028058970338177322,-0.036316316888719904,-0.024205759668058754,-0.020459684372757525,-0.03125412042317311
h9,725,-0.00746540519144586,-0.0015656609543172662,-0.027293477952504218,-0.00694959812475239,0.005947116265790437
h9,726,-0.04259510207407935,-0.04116159770608356,-0.05030196072045288,-0.034624350267589234,-0.044292499602191726
h9,727,-0.03718134868998558,-0.035775655837212414,-0.05274470139001532,-0.030150676847849348,-0.03005436068486523
h9,728,0.001747844838687423,0.07428581635972573,-0.03587915613335732,-0.027477019367635788,-0.003938261503982925
h9,729,-0.017979270017283187,-0.03513093598539123,0.028389636082420736,-0.024213686937529125,-0.04096209322863313
h9,730,-0.015470028827160183,-0.0249815453153391,0.008553812957099073,0.001703378334658155,-0.047155761285058856
h9,731,-0.005587260433542875,-0.019765637760810056,0.028040906851542292,-0.032013751455707604,0.001389440630803865
h9,732,0.005666675842803523,0.0401371698300734,-0.04338318952630872,0.03131002754893397,-0.00539730448148456
h9,733,-0.00938319128537411,-0.026592550321616927,0.016005850589916375,-0.021435535525544114,-0.005510529884251775
h9,734,-0.018235706925182754,-0.01118521856791258,-0.026306313242216217,-0.012773844827984188,-0.02267745106261803
h9,735,-0.03484344648757265,-0.04488242557047027,-0.02526144744234185,-0.03144933043551825,-0.037780582501960217
h9,736,-0.009449769223664911,-0.03570654346889059,-0.05274695754191504,0.012143276003276337,0.038511148112869646
h9,737,-0.025385903155398085,-0.044714335096261874,-0.03139596160903334,-0.011531310860820754,-0.013902005055476386
h9,738,-0.022031247430937005,-0.03928027036905502,-0.014992957155176158,-0.017784557322185004,-0.016067204877331837
h9,739,0.045603390700279446,0.13048468312526945,0.045171380116564214,-0.0029638902462638013,0.009721389805547924
h9,740,-0.002958016812448306,-0.04739463708298915,0.07417102132431108,-0.025291545633042214,-0.013316905858072945
h9,741,-0.0137187829018992,-0.01278645380491878,0.009178510756325309,-0.027397943756064195,-0.023869244802939137
h9,742,-0.022176490179221124,-0.012741157199435154,-0.0487732202259521,-0.007187072519404398,-0.02000451077209284
h9,743,0.005509877151631971,-0.045144971609197504,-0.016257665834714122,0.0144439960061164,0.06899815004432311
h9,744,-0.028229788276187273,0.0006588234477171856,-0.06270288521940941,-0.012435170859009487,-0.03843992047404739
h9,745,-0.015861656174772143,-0.023136711366060183,-0.054087900659010486,0.009206319064659846,0.004571668261322244
h9,746,-0.01650776658437962,-0.050283850711987585,-0.03654416848205081,-0.008774391971041889,0.029571344827561803
h9,747,-0.011470758266673186,-0.04054029011573938,-0.018730307522962807,-0.0014452289086667692,0.014832793480676211
h9,748,-0.025717831593704575,-0.035428325439793164,-0.01869603230097888,0.0034094117443228726,-0.05215638037836913
h9,749,-0.027897122854976888,-0.04514082974080677,-0.017413119839382526,-0.021506897927582203,-0.02752764391213605
h9,750,-0.011418638853286537,-0.004526234488411437,-0.026349597124771612,0.006964536993129249,-0.02176326079309235
h9,751,-0.02106883390693412,-0.03928565481343041,-0.05284651372896987,0.0016881646529686672,0.006168668261695132
h9,752,-0.01393574088901113,-0.03938040291183473,0.01952380789127499,-0.001348816316977454,-0.03453755221850733
h9,753,-0.013459930828335343,-0.04085762120304841,0.02979568483587037,0.00797674172066699,-0.05075452866683032
h9,754,0.034837696573198615,0.12622363420335855,-0.04064481535974514,-0.012758663804461608,0.06653063125364264
h9,755,-0.020365277920107182,-0.030154499556468428,-0.041915287749127596,-0.0013601236056452275,-0.008031200769187485
h9,756,-0.016105413039072577,0.0027056522051406243,-0.026154602237943234,-0.011948555850155926,-0.029024146273331778
h9,757,0.0056446931936072,-0.02500754089050572,-0.003405610908091253,0.025285952577370558,0.025705971995655212
h9,758,0.01247152559315483,0.08343395518647857,0.03605719602628446,-0.017606731748469235,-0.05199831709167448
h9,759,-0.026983527616447275,-0.04175303536827772,-0.028227463468895264,-0.013962855944978134,-0.02399075568363799
h9,760,-0.03080838189921983,-0.020466674104523998,-0.0424668860728646,-0.004605695705855263,-0.05569427171363546
h9,761,-0.014679084719237375,-0.024183028746851708,-0.0006803491764574045,-0.004153825329993106,-0.02969913562364728
h9,762,-0.0354529439710688,-0.050546564932894014,-0.04813884047105684,-0.010506576788739435,-0.03261979369158493
h9,763,0.008113770678450833,-0.015330701857599407,0.04739558671287401,0.005916781522445212,-0.005526583663916489
h9,764,-0.00966948068018813,-0.01228794484296061,-0.01764674961902383,-0.021266945739494964,0.012523717480726886
h9,765,-0.03522271549895617,-0.03190192380148005,-0.04233721057527093,-0.015232826980316567,-0.05141890063875714
h9,766,-0.012289958391670406,-0.003149872959782268,-0.041599750713409614,-3.846897987075035e-05,-0.004371740913618994
h9,767,-0.025437784424265274,-0.03465936497742042,-0.0376976126712612,-0.013207434066529673,-0.01618672598184979
h9,768,-0.005337965040133904,-0.0006564836503432994,-0.04994747428895469,0.017176386735664316,0.01207571104309806
h9,769,-0.013735905695259506,-0.04821542302166996,-0.03422506792389025,0.0006227361877340727,0.0268741319767881
h9,770,0.01372134864891994,-0.049298860622025764,0.07355288210182148,-0.014672058117979649,0.04530343123386369
h9,771,-0.016883037994891572,-0.03306861463926259,-0.015233953637665732,-0.021560556248505842,0.0023309725458678767
h9,772,-0.007021043484611016,-0.060437881449428583,-0.012371962957589407,-0.03592643968618429,0.0806521101547582
h9,773,0.0029750941157411,0.02392517445095313,-0.0018609923312842593,0.012996454397991488,-0.023160260054695958
h9,774,-0.02150564017242232,0.003686120856050667,-0.03841762465941219,-0.026254243525572433,-0.02503681336075532
h9,775,-0.023856999055993033,-0.04872553286586929,-0.056193672249472894,0.008226964203365529,0.001264244688004514
h9,776,-0.013880316139202428,0.0012771169341712178,-0.03366316868647104,0.011639907014274437,-0.034775119818784325
h9,777,-0.018855340021325113,-0.027177916430959913,-0.01259461070776701,-0.020627903674713656,-0.015020929271859884
h9,778,-0.0005165679534766265,-0.02550487803418299,-0.017552291205668615,-0.007626242481440212,0.04861713990738531
h9,779,-0.029814784960496943,-0.051187713912979965,-0.035172968356229455,-0.01435725537700777,-0.018541202195770573
h9,780,0.011640152175604226,0.11526441938154507,-0.005262417948002963,-0.010707080099255358,-0.05273431263186984
h9,781,-0.023296600478474046,-0.0460914683180886,-0.06456781680509874,-0.008415382310653138,0.025888265519944297
h9,782,-0.02944556091328914,-0.04234450652928825,-0.045826796648595125,0.0183005423792517,-0.04791148285452489
h9,783,-0.01979892946736258,-0.04059369689811616,0.024447237301834505,-0.0182778035710164,-0.044771454702152255
h9,784,-0.017382214210163564,-0.03020967100334296,-0.005341963872546576,-0.005196976763367525,-0.028780245201397197
h9,785,-0.028955256443144707,-0.027424257129958083,-0.036097478942992874,-0.02404991871867282,-0.028249370980955042
h9,786,-0.015073790720076086,-0.02850329876228544,-0.021905489843244003,-0.01850111732181375,0.008614743047038855
h9,787,-0.016989538050077496,-0.018613329159736663,-0.05301764869999167,-0.013234737725804944,0.016907563385223277
h9,788,-0.01933620193454108,-0.05858540897152378,-0.06101956411880161,0.0009179039452798347,0.04134226140688123
h9,789,-0.001123151473401281,-0.012119013683238136,0.019969733701162333,-0.015991567721928543,0.0036482418103992217
h9,790,-0.009281252336013962,0.013710434755962128,-0.03510686471453922,0.037565535982352606,-0.05329411536783136
h9,791,-0.018137800302496482,-0.003240362984073996,-0.022389733791848918,0.005662313859885507,-0.05258341829394851
h9,792,-0.014044625207611669,-0.009887086983106754,-0.03525752265130243,-0.01752553305122178,0.0064916418551842735
h9,793,0.0012216141310657782,0.040420540976044,-0.04161400235766681,-0.017105642663827286,0.023185560569713208
h9,794,-0.026197206024675304,-0.011421243493865745,-0.019844160916658065,-0.029854144802399087,-0.04366927488577832
h9,795,-0.03798516089101292,-0.04990844672120281,-0.05302135931668567,-0.01590882523843889,-0.0331020122877243
h9,796,0.02223755754610031,0.1285658682503106,0.0023685888774226532,-0.01417576099679593,-0.027808465946536097
h9,797,-0.00989578467211251,-0.03431096697722253,-0.031268078913035034,-0.0032105920424849287,0.02920649924429246
h9,798,-0.008648971358441697,0.007747347186573104,0.0039681866256447654,-0.019700940927249125,-0.02661047831873553
h9,799,-0.018886268919484455,-0.042792663983064264,-0.02221460970146356,-0.028930615432603484,0.018392813439193495
h9,800,-0.030843824428810184,-0.0032054091654858848,-0.03885070382243144,-0.023406408382028614,-0.057912776345294806
h9,801,-0.029259995129094857,-0.023638767571077864,-0.03893505276205041,-0.015908288944384598,-0.03855787123886656
h9,802,-0.011969853853353682,-0.0026950238515448133,-0.04042893765449124,-0.019897989660828973,0.015142535753450287
h9,803,-0.010050413458233733,-0.011118794233924516,-0.022129881291731383,-0.012197536034625313,0.005244557727346274
h9,804,-0.013321785694948199,-0.02920286576287636,-0.010090570261363854,0.012266853188530345,-0.02626055994408293
h9,805,-0.028963039220421677,-0.04854619063197954,-0.02724394157081445,-0.009249899310308096,-0.030812125368584624
h9,806,-0.03800223805251902,-0.06225733954195466,-0.023400037155356348,-0.0296383560434885,-0.03671321946927656
h9,807,-0.012545412091067428,0.023344378738084506,-0.0368344702448229,0.018365259030682198,-0.05505681588821352
h9,808,-0.029967228271988854,-0.018744439460531205,-0.04470675822792901,-0.012408782650519822,-0.04400893274897537
h9,809,-0.02653219249539332,-0.0465681083918685,-0.02886866640683971,-0.016500478513186742,-0.014191516669678333
h9,810,-0.017986975002753786,0.019074034275077145,-0.04262177514853717,-0.012934070151092597,-0.03546608898646253
h9,811,-0.03251131955428179,-0.046279491349885814,-0.056997393883688185,-0.0018565668179155027,-0.024911826165637654
h9,812,0.01814613747961763,0.07777856254988531,0.0428796492150424,4.61058177073201e-05,-0.048119767664164516
h9,813,-0.01730838270837486,-0.012679450252286867,-0.01959032226335342,-0.03452602956435729,-0.002437728753501854
h9,814,-0.014671459119955267,-0.02348910123414855,-0.013352826857498471,-0.016534568057531077,-0.005309340330642972
h9,815,-0.0138578931827365,0.03381972583810153,-0.030821559952684957,-0.002427882473466477,-0.05600185614289609
h9,816,-0.0017291721250273142,0.003475042116981719,0.029764516811661427,0.0015162527238681,-0.0416725001526205
h9,817,0.0015975581821527634,-0.00618317870928653,0.028091177991503097,-0.01877140938552329,0.003253642831917776
h9,818,-0.03318351670837945,-0.025751970472961058,-0.04077623072941474,-0.024914232384328976,-0.04129163324681303
h9,819,0.01745895092975175,0.09938784783719284,0.019831258767102018,-0.0067146095580629325,-0.04266869332722493
h9,820,-0.011862787973136729,-0.044243114184051954,0.031652091960559896,-0.02989264644771571,-0.004967483221339144
h9,821,0.008205521655422664,-0.0216639421434558,-0.015448951866955992,0.006325140775246475,0.06360983985685598
h9,822,0.004558242917685773,0.11996272090011592,-0.021147529081111373,-0.028470876481839692,-0.052111343666421776
h9,823,0.011593431096165353,-0.013114627785408249,0.04835131943527692,-0.017868166742956677,0.029005199477749415
h9,824,-0.033517151013598964,-0.045399069057361796,-0.03246809625396599,-0.007886483875997578,-0.048314954867070506
h9,825,-0.023699896590436097,-0.014262017381124956,-0.03133468686778296,-0.02238066655088646,-0.026822215561950028
h9,826,-0.019096078937746685,-0.02297229969252234,-0.0635086219636781,0.020873404586247285,-0.010776798681033579
h9,827,-0.013111293116690867,-0.02781161079929288,-0.03253051801482243,0.0076487536182124425,0.00024820272913940607
h9,828,-0.011362299974387487,0.012478318095027023,-0.035614600699925454,0.0009846475723224468,-0.02329756486497396
h9,829,-0.005261661524672449,0.04282928541885657,-0.04989338004619093,-0.009710309391180172,-0.0042722420801752665
h9,830,-0.03443117022231718,-0.037329493050800217,-0.06274106210386633,-0.02339847952947863,-0.014255646205123556
h9,831,-0.0037875545254591556,-0.03539964954529636,0.09441790446805717,-0.026741163692100875,-0.04742730933249656
h9,832,0.00900000903708878,0.07096605023491177,0.0057249113771867515,0.0021069309741302356,-0.04279785643787365
h9,833,-0.016009709386008156,-0.03317507792031785,-0.021341782182345923,-0.02617015292910379,0.016648175487734937
h9,834,-0.032078672914472584,-0.03227141390542035,-0.023291775431220588,-0.013787851257950873,-0.05896365106329853
h9,835,-0.008437171385782942,-0.03997734300043292,0.05536661194107877,-0.01387811036719614,-0.03525984411658147
h9,836,-0.017858970232699126,-0.024218879376452326,-0.029207753932425324,0.029051613140559204,-0.047060860762478056
h9,837,0.000642421063922826,0.05190727102499535,-0.06347895298470525,-0.018663407333447707,0.03280477354884891
h9,838,0.005351241696848747,-0.03476080162920643,0.02379046392078408,-0.008371842896025826,0.040747147391843166
h9,839,-0.021455496330366742,-0.008105942788286413,-0.05879144226150061,-0.027017975783500906,0.00809337551182096
h9,840,-0.0303348234384136,-0.025221228513102708,-0.04388257967374701,-0.01735020975192471,-0.034885275814879976
h9,841,0.007577714556107734,0.13632750189729537,-0.04500556093419293,-0.01711259687985458,-0.04389848585881693
h9,842,-0.023452017781508516,-0.048985453342417794,-0.01240594010125088,-0.005892501125661928,-0.026524176556703458
h9,843,-0.01974712870109669,-0.06121059993515152,-0.01852678442003009,0.01679892565557506,-0.016050056104780205
h9,844,-0.039787720936908876,-0.057023088290819555,-0.04046590908434833,-0.00900811028346403,-0.05265377608900358
h9,845,-0.027047573928896174,-0.026931026064097592,-0.05806603579683997,-0.021283331687234217,-0.0019099021674129218
h9,846,-0.04071950672542009,-0.06971352547428468,-0.0400933706744135,-0.03484580842637861,-0.01822532232660358
h9,847,-0.04492568842680221,-0.038893575772594904,-0.0629332720054341,-0.027827949770012326,-0.05004795615916753
h9,848,-0.015449027983084946,0.010875755368729263,-0.039063423461949597,0.005287541380609962,-0.03889598521972941
h9,849,-0.019172307317479445,-0.01868775070351926,-0.011023882323511383,0.012861876302413125,-0.05983947254530027
h9,850,-0.0026622189793342726,0.02965183169515018,-0.05234973243210121,-0.029610745695199746,0.041659770514813683
h9,851,-0.00560231058224162,-0.022235935340468808,0.014313801443056356,-0.0016045986893646657,-0.012882509742189362
h9,852,-0.02952255098446485,-0.03897921560496085,-0.02774974337337968,-0.01703288177098996,-0.034328363188528915
h9,853,-0.016130462601281554,0.02472967788233856,-0.01655639381271305,-0.016721371029922206,-0.055973763444829516
h9,854,-0.02980504135106465,-0.04497281638905321,-0.06297473709396106,-0.011548606910038133,0.00027599498879380194
h9,855,-0.005163427218126054,-0.01668834391152489,0.01705249099603818,-0.018391550722971328,-0.0026263052340461755
h9,856,-0.02319944311943915,-0.04167726142050841,-0.027258881760715333,0.010399163452792771,-0.03426079274932562
h9,857,-0.03271974314049971,-0.06906159730768535,-0.011142086729729554,-0.021608325252330404,-0.029066963272253547
h9,858,-0.03040441599972544,-0.009429644284043217,-0.04815098654734534,-0.03389343251246846,-0.030143600655044726
h9,859,-0.011327405598721602,0.025051642827873262,-0.015952540091582743,-0.021190957173161485,-0.03321776795801545
h9,860,-0.03703668403490608,-0.035148592967737716,-0.03560437922040787,-0.020241895553269103,-0.057151868398209626
h9,861,-0.035848359196100445,-0.04745538469078629,-0.05263936686954997,-0.018117429564414585,-0.025181255659650927
h9,862,-0.017198519974587906,0.0273408527070904,-0.01946383480861431,-0.02188085109065031,-0.0547902467061774
h9,863,-0.002420742234830015,-0.05313853111970486,0.017005796812483598,-0.03020283722472608,0.056652602592627284
h9,864,0.006799369554099268,0.028458231573611596,-0.03850810409525435,-0.02699548345567461,0.06424283419371443
h9,865,-0.008704213540519706,-0.02409304761797589,-0.03976301817133229,0.029923630514292723,-0.0008844188870633721
h9,866,0.00926297913865199,-0.02459970470867633,0.02762690255166006,-0.0023571378466339795,0.03638185655825821
h9,867,-0.0267933630166019,-0.06827280713974138,-0.03551411760158639,-1.3516992501991492e-05,-0.003373010332577843
h9,868,-0.027454820848110136,-0.03912901455942674,-0.006727189245675199,-0.03275831246268948,-0.031204767124649115
h9,869,-0.008451812928989357,0.0005798808635492456,-0.023371407604527147,0.013648512267639062,-0.02466423724261859
h9,870,-0.03129426119414948,-0.030946396846467765,-0.012528832316551556,-0.026503911446957202,-0.05519790416662138
h9,871,-0.030019414621230464,-0.030473700010466297,-0.02859094895474652,-0.026905511448074546,-0.03410749807163449
h9,872,-0.027200801624756292,-0.0414735402157432,-0.011083089574171923,-0.004388234853407376,-0.051858341855702664
h9,873,-0.018925693678577833,0.03663062240646189,-0.03954776381508099,-0.03324708065079254,-0.03953855265489969
h9,874,-0.011130443223550123,-0.02474540299706489,-0.050421307220822525,-0.013573088784918023,0.04421802610860494
h9,875,-0.022029486297334585,-0.062056619431217465,-0.03339076823425749,0.017040660789646812,-0.009711218313510196
h9,876,-0.010238080223932734,0.034507701032218785,-0.025713144134300262,-0.02904633770736935,-0.02070054008628011
h9,877,-0.00651380940051033,-0.04793587170929256,-0.02645791381693955,0.01956858988564872,0.028769958038542064
h9,878,-0.037449153734525356,-0.03578122191157436,-0.056525305080851754,-0.008934752189977687,-0.048555335755697634
h9,879,-0.013741692923456693,-0.06270058638257021,0.04139394491843485,0.01800586240462832,-0.05166599263431973
h9,880,0.013168633484303487,0.06576666737473785,-0.047296864100837596,-0.0069980263531247335,0.04120275701643843
h9,881,-0.010250595514075946,0.05359922434158963,-0.018607769683906334,-0.03439051520624366,-0.04160332150774343
h9,882,-0.009268360459832526,-0.01846561274195106,-0.026545676614425737,-0.010902370083846378,0.01884021760089307
h9,883,-0.021706967208340224,-0.042326914509801104,-0.02908181302792007,-0.005092720040850956,-0.010326421254788764
h9,884,-0.023908475470226065,-0.03666082607080466,-0.005432336447347402,-0.038829377405014714,-0.014711361957737475
h9,885,0.009682732660219743,0.03825131147047542,0.03389401389500142,-0.011498768842383218,-0.02191562588221465
h9,886,0.0018881958469361328,0.04198300193004544,0.005707120715442618,0.011148529240556544,-0.05128586849830007
h9,887,-0.02028124457456461,-0.030444099324641996,-0.03782938218287142,-0.011775599927955932,-0.001075896862789096
h9,888,-0.014968947313151291,-0.0017676450908042964,-0.017503118528507527,-0.03458194088832347,-0.0060230847449698685
h9,889,-0.01660424340660311,-0.003530283699406814,-0.02220734377847095,-0.0035799410259667857,-0.03709940512256789
h9,890,-0.036850514562758216,-0.03397189036447114,-0.035510198372946354,-0.020563202153460965,-0.057356767360154395
h9,891,-0.03125032889867577,-0.051807127452813746,-0.0502655477978781,-0.008607961747828428,-0.014320678596182806
h9,892,-0.018631263735164473,-0.025659935358941434,-0.015960716932607526,0.00478752296048059,-0.03769192560958952
h9,893,0.01085826624760523,0.036459194172237044,-0.022732670312506902,0.00853243201833672,0.02117410911235406
h9,894,-0.009041859969849225,-0.007928970218560392,0.016485632284796013,-0.009513481541491998,-0.03521062040414052
h9,895,-0.023889921206532237,-0.04104637095672341,-0.028380090705235835,-0.013685086027879222,-0.012448137136290482
h9,896,0.011371669594818036,0.05578586484919831,0.011790680030238553,0.005540455486215981,-0.027630321986380716
h9,897,-0.012405350053060881,-0.003508227668940319,-0.020192868812521025,0.0077171776700951066,-0.03363748140087729
h9,898,-0.0072972490858865344,-0.021972468883977705,-0.0014040327103961338,0.01006424738411958,-0.01587674213329188
h9,899,-0.03490450239651156,-0.03463167775617809,-0.027674923987045068,-0.0244436002308406,-0.05286780761198246
h9,900,-0.013527740906718856,-0.03586846219239806,0.01188067920566338,0.0012096808187597615,-0.031332861458900504
h9,901,-0.022215444940631032,-0.033032849068294554,-0.014535929950046034,-0.006835179860465983,-0.03445782088371756
h9,902,-0.0339601144787789,-0.05195638139861408,-0.04750340690187498,-0.026729942852053403,-0.009650726762573125
h9,903,-0.02782523729548589,-0.06738773617147742,-0.03359274195332268,0.02033427759302478,-0.030654748650168238
h9,904,0.003764402085126431,-0.0044916701623267784,-0.036308548130492446,0.028365598733265232,0.02749222790005972
h9,905,-0.029024767465816143,-0.034872565601435195,-0.034382991281338794,-0.009411655212266971,-0.037431857768223616
h9,906,0.004339597555358102,0.04341078649430377,0.02429114951346612,-0.016507633390696934,-0.033835912395640544
h9,907,-0.03852465629770141,-0.05831060781756779,-0.024498736148447713,-0.015639747966554204,-0.055649533258235934
h9,908,-0.02510337117753223,0.03474483782938283,-0.04590024986755176,-0.0318387817585491,-0.057419290913410886
h9,909,-0.02979342557004717,-0.028163241164147177,-0.039131767317666814,-0.004204309879738057,-0.047674383918636626
h9,910,-0.030400183550308414,-0.04036284611129499,-0.021606408660133337,-0.00915207869400168,-0.05047940073580364
h9,911,0.009942711776209624,-0.02417783996095583,-0.006336523216257144,0.040613947096761326,0.029671263185290148
h9,912,-0.023137838347836674,-0.017538597406377587,-0.03256994273113082,0.0003911530487490868,-0.04283396630258737
h9,913,0.0034544315348784818,0.008701606100270261,-0.009984164821269324,0.00716660846628907,0.007933676394223918
h9,914,-0.02304362419614747,-0.05172835235623786,-0.0002004147179874463,-0.015201528018610558,-0.025044201691754014
h9,915,-0.009114485107712022,-0.008464727376862956,-0.03784274984378253,0.017909441191489392,-0.008059904401691992
h9,916,-0.001124591462800242,-0.061130734643322505,0.0031416368802814005,0.014674288787690403,0.03881644312414973
h9,917,-0.024445559071652904,-0.01856956920090517,-0.044090284023171666,-0.02869989975151773,-0.006422483311017052
h9,918,-0.019391321496752233,-0.03736401058896135,-0.007672187059167246,0.013185094472159686,-0.04571418281104003
h9,919,-0.0010786551833904586,-0.0142266809848654,-0.0030101417167444967,-0.006422741348462051,0.019344943316510113
h9,920,-0.04211621059284895,-0.040656587020917595,-0.03948317121332844,-0.02355260144012022,-0.06477248269702954
h9,921,-0.032784391080954,-0.04274906719183441,-0.053963925593974296,-0.009671835765866079,-0.024752735772141224
h9,922,-0.02201717876067407,-0.02747244417330589,-0.0018924937556610635,-0.007501659411987085,-0.05120211770174225
h9,923,-0.0010500813952832597,-0.032490515114741825,0.021862153974964868,-0.012576208242671187,0.019004243801315105
h9,924,0.006578104180912714,-0.026162592567550644,0.06062517275212247,0.008503716468513152,-0.016653879929434127
h9,925,-0.03152466973106374,-0.05138803732321383,-0.05293087312149692,0.0027065550145660856,-0.024486323494110295
h9,926,-0.010540851698336464,-0.00898148589167629,-0.017994662508208664,-0.01548364983560283,0.00029639144214192595
h9,927,0.0047238897367262896,-0.01003884281153303,0.009640634453865673,-0.002920840193588856,0.02221460749816137
h9,928,-0.0003421517758450529,-0.0450884660207332,0.023678470641044502,0.003101095569478124,0.016940292706830364
h9,929,-0.007985581813215684,0.06838650894832271,-0.05122666559329456,-0.02180232733979242,-0.02729984326809847
h9,930,-0.028169851724600705,-0.034745951399015734,-0.030802861948805438,0.011446488677747595,-0.05857708222832925
h9,931,-0.0181665302083127,-0.04424079238552567,-0.029077843327219428,0.0008838887433621871,-0.00023137386386790776
h9,932,-0.016789105091906762,0.00030514397063246407,-0.05264376652670415,0.010471078030578694,-0.025288875842134056
h9,933,-0.02000305320770819,-0.04655556722667168,-0.007745837314723246,-0.02134946887905355,-0.004361339410384291
h9,934,0.011686987393066478,0.03162106964347733,-0.008606302662468274,-0.021087354455083508,0.04482053704634037
h9,935,-0.02429054668236742,-0.04202079441962188,-0.03143239099985143,-0.016222393936331094,-0.007486607373665266
h9,936,-0.023749414892318486,-0.057630491840316427,-0.021633643828780334,-0.009292382742347666,-0.006441141157829506
h9,937,-0.02359062560166884,-0.0650841852528681,-0.0031683907801708768,-0.02350321500955161,-0.0026067113640847557
h9,938,-0.011995279891222857,0.04903967858338777,-0.04049015594151379,0.002663790136723426,-0.05919443234348883
h9,939,-0.03979003713454561,-0.06470138329469406,-0.0528160749738418,-0.02248639056443944,-0.019156299705207127
h9,940,0.002792190848002885,0.025421177328287033,-0.02497931760468524,0.004030001086239521,0.0066969025821702255
h9,941,-0.027771292563627377,-0.031224072664596758,-0.02817159316335857,-0.022472916935235142,-0.029216587491319036
h9,942,-0.01815092969790965,-0.04590808474166378,-0.028797433331745163,-0.003142003894339561,0.005243803176109917
h9,943,0.01612040411010364,-0.00741691086929123,0.04161277105693997,0.007455342800955884,0.022830413451809934
h9,944,-0.012267209182657609,0.0031081370168760704,-0.05641872262643065,0.011277893441184328,-0.0070361445622601805
h9,945,-0.025683225222089656,-0.036261505643005267,-0.023637114451153022,-0.017371178527355608,-0.025463102266844728
h9,946,0.026239444490697962,0.10364695328144223,0.0025448098802291104,0.013799452607990348,-0.015033437806869838
h9,947,-0.011660568576233139,-0.026598134274042194,-0.008442578035427337,-0.010466641635412466,-0.0011349203600505547
h9,948,-0.028972668214831923,-0.00880027228042158,-0.0625722193544446,-0.012574450345653618,-0.0319437308788079
h9,949,0.0056853087900242995,0.03535423937067396,0.009406719346890049,-0.008850339922775105,-0.013169383634691709
h9,950,-0.018955112268072744,-0.015714243088677023,-0.05145661397847047,-0.014303071607189634,0.005653479602046157
h9,951,-0.027396586817686093,-0.04037955479672076,-0.03300831908576499,0.0034188408639288974,-0.03961731425218753
h9,952,-0.024225936398397152,-0.026271506269101096,-0.020543370642145325,-0.021984025028023282,-0.028104843654318902
h9,953,-0.020521877757486748,-0.040813983667856685,-0.016477782287033158,0.015005465755899729,-0.03980121083095687
h9,954,0.013989661851961797,0.07972922370469564,-0.02489281352796599,0.015143070641175389,-0.014020833410057842
h9,955,-0.017234775318362473,-0.020579790267484292,-0.025287021679081943,-0.008786973135065594,-0.014285316191818064
h9,956,-0.030672988215988448,-0.04093222932442161,-0.05001236458364132,0.0006298939015695759,-0.032377252857460445
h9,957,0.0012606867747028995,-0.039170670486624815,0.01822069628472825,0.03963366592116881,-0.01364094462046065
h9,958,0.0018027567272303983,-0.01653425656756217,0.0031131320006032304,-0.019849769837197058,0.04048192131307759
h9,959,-0.020935241412327277,-0.005777381379411013,-0.04144888951835405,-0.002122424580418146,-0.03439227017112589
h9,960,-0.03464316903233713,-0.026735076311002262,-0.04576706044017596,-0.02146707594040742,-0.044603463437762864
h9,961,0.005819188724688442,0.08032413485437614,-0.02164834243947216,-0.01797096676965014,-0.017428070746500074
h9,962,0.008998435093738481,0.005794121714472163,0.02603903042605143,-0.025460157441279416,0.02962074567570975
h9,963,-0.011363983189698949,-0.018042137262138762,-0.015183000433582793,-0.011669573041258702,-0.0005612220218155391
h9,964,-0.019772660681232134,-0.029475451122221556,-0.029970528969192976,-0.0305221122608926,0.01087744962737859
h9,965,-0.01614633867075695,-0.013814950403901776,-0.017463704436328782,0.024824119429899018,-0.05813081927269626
h9,966,-0.023367752995879884,-0.034407743267340425,0.02522849023914729,-0.018355842011415324,-0.06593591694391107
h9,967,-0.02068141682460036,-0.043245620909867236,0.022647453373157437,0.005063931353623081,-0.06719143111531473
h9,968,-0.025162575325908945,-0.007240652367510354,-0.04683268292215762,-0.024562308545158368,-0.022014657468809432
h9,969,-0.006340563992747699,-0.035061367973460905,-0.004534955543885126,0.032020880805736056,-0.01778681325938082
h9,970,-0.03540859834862498,-0.050491800832895964,-0.06392509925487282,-0.007471515468413763,-0.01974597783831738
h9,971,-0.003769203030619592,-0.0023387371315990203,0.013040075025502567,2.800009486849742e-05,-0.02580615011125041
h9,972,0.0014851520567502052,-0.023209145080019214,-0.006302024189736528,-0.018016243261661322,0.05346802075841789
h9,973,-0.03002740533191099,-0.05083278646742741,-0.01141442790531459,-0.02583218497410726,-0.03203022198079469
h9,974,0.0008885698926826002,0.09066174913187822,-0.04067906519302857,-0.014078822073399878,-0.03234958229471936
h9,975,-0.025805460535720488,-0.048817260919855485,-0.015621756053912039,-0.01762918381071154,-0.021153641358402874
h9,976,-0.0366405299715712,-0.045482219109876154,-0.03674945110431413,-0.006360121233632532,-0.057970328438461984
h9,977,-0.028477792365655723,-0.055144389125258236,-0.030313051583546184,0.025001478255931197,-0.05345520700974967
h9,978,-0.010149724482636336,-0.020053294851370217,-0.03149430747953382,0.01751352806420025,-0.006564823663841555
h9,979,-0.006185933470917093,-0.0027397897173969082,-0.03736534171027177,0.001098270746890364,0.014263126797109942
h9,980,-0.024830143911217302,-0.03951949920607425,-0.046307107531581904,-0.007289909457109581,-0.0062040594501034645
h9,981,-0.00879569414115626,-0.04980561282530715,-0.01656904024756653,-0.013619491566651752,0.044811368074900396
h9,982,-0.030208896296588558,-0.04806012379167535,-0.041964542156771964,0.010833085545143825,-0.04164400478305075
h9,983,-0.01575350442782513,-0.001955096137566838,-0.03437229213199922,-0.03199536508749922,0.005308735645764758
h9,984,-0.020810758783642476,-0.005606388718270565,-0.04296741066157085,-0.013671111730560005,-0.020998124024168473
h9,985,-0.0011064349984648506,-0.013801377722530572,-0.05491705097376888,0.0025946840158863503,0.0616980046865537
h9,986,-0.018103875172565266,-0.02539382049979315,-0.04628760622820244,0.011589546753079464,-0.012323620715344936
h9,987,0.02711105610031355,0.1422256445776634,-0.017163099836317006,-0.025478158872915442,0.008859838532823232
h9,988,0.01679492210858268,0.11736784347039013,-0.040799448941297334,0.0007832990776182628,-0.010172005172380334
h9,989,-0.01928236046366946,-0.0313639051951341,-0.05857638916877776,0.007429151738787397,0.005381700770446621
h9,990,-0.014235772598025677,-0.021604610848826075,-0.028079073738177307,-0.009833263303921466,0.002573857498822143
h9,991,-0.000352977917852184,-0.029330056655595602,-0.03595580928706401,0.0006275921638258528,0.06324636210742503
h9,992,-0.043946836919160126,-0.04249368930102067,-0.041347507564353056,-0.03132238074583987,-0.060623770065426914
h9,993,-0.014162673211916969,-0.02833440896152204,0.04925364845584732,-0.0332614747709279,-0.04430845757106526
h9,994,-0.029790966839580678,-0.03655479992564447,-0.057030337905718737,0.004968777943000992,-0.030547507469960485
h9,995,-0.018998997213869953,-0.01894894867168183,-0.030562490415070476,-0.01156513626053908,-0.014919413508188435
h9,996,0.023155416299672826,0.13564437403855883,-0.0013237821414154908,-0.00918182127837319,-0.03251710542007886
h9,997,-0.027618870480141177,-0.02958686586628006,-0.04798688907717958,-0.013397197841862196,-0.019504529135242882
h9,998,-0.019586064395412203,0.0006368154483345732,-0.001908922781586427,-0.01313282746415943,-0.06393932278423753
h9,999,-0.0006257270768775854,0.05099501743886563,-0.03977343008840577,0.002615218687664982,-0.016339714345635185
l0,0,0.0030644682426693073,-0.006329440401934433,0.01577414150039276,0.0007467111336824034,0.0020664607385364993
l0,1,-0.003151215936033501,-0.00489713403534211,-0.0070412222287017665,0.0009825017154032718,-0.0016490091954933972
l0,2,0.003364443484415405,0.011298246871910654,0.0033546386428683138,-0.00930617079932651,0.008111059222209161
l0,3,0.002536843128447657,0.010672686990714414,0.0015976348419384368,-0.0025367300008751308,0.00041378068201290805
l0,4,-0.004129863953643187,-0.01315108406933899,-0.00144292311664266,-0.0016889907593853324,-0.00023645786920576441
l0,5,0.0007886268357299491,0.006182702186356933,0.004917454675190048,-0.010606934763212688,0.0026612852445855027
l0,6,-0.0006582769998991608,0.01012989856058857,-0.010524166203302248,-0.0036548287302449714,0.0014159883733620053
l0,7,0.00446862070109289,0.011211007815864645,0.00562370669102032,-0.0012059035604388936,0.0022456718579254883
l0,8,-0.002492436540798155,-0.010818189182640357,-0.0064994322739831195,-0.001677701333488214,0.00902557662691907
l0,9,0.001073871308018101,0.011876061659689387,0.0001289860986612351,-0.0036512191897362027,-0.004058343336542015
l0,10,0.006855392971599022,0.012910307402935488,0.016014232690436902,0.000806183599873901,-0.0023091518068502057
l0,11,-0.0020029779952213333,-0.004590600404190968,0.0023626366184811218,-0.0013653030459867526,-0.004418645149188734
l0,12,0.002316117697277099,0.01312086944208224,-0.0008278894374721467,-0.004032050849697441,0.0010035416341957436
l0,13,0.0005211316404997864,-0.0015604563581850931,0.0067583207711252305,-0.0029216123650516257,-0.00019172548588936543
l0,14,-0.0034393794651474616,0.0015324989443970703,-0.006797007330970304,-0.007015488098862179,-0.0014775213751544343
l0,15,0.004061693609193812,0.004482835920910605,0.00014562728653944122,0.0055166470729562656,0.006101664156368937
l0,16,-0.0012116447760262836,0.007211737996977048,-0.0026219003187774826,-0.007409150593476394,-0.0020272661888283065
l0,17,-0.0002765598792654042,-0.010270370089778534,0.011385728631085439,0.0036774124237882603,-0.005899010482156781
l0,18,-0.0064775269109393,-0.016407130371480574,-0.004443144389472554,-0.00790961465893219,0.0028497817761281197
l0,19,-0.006281208184193472,-0.00976340094247142,-0.00975956808768993,-0.0032753394217144584,-0.0023265242848980803
l0,20,0.0052522477510865626,0.016797580686873172,0.011655968178111821,-0.0028656207053289824,-0.004578937155309765
l0,21,0.002908486250710809,0.010555090357291422,0.006613286426986227,-0.0037316849315158452,-0.0018027468499185666
l0,22,-0.0028951117437099397,-0.003706905357728202,0.004616494805937962,-0.003892221245192345,-0.008597815177857173
l0,23,0.005559709958459985,4.124172983631727e-05,0.004861653672163683,0.005206720268050341,0.012129224163789601
l0,24,-0.0041055696498620824,-0.007911428679257483,-0.006944545079455478,-0.001847657799043129,0.00028135295830776047
l0,25,-0.0016755581156256373,-0.02169571687653224,0.002371148018611814,0.010265608992137371,0.002356727403280506
l0,26,-0.0011107509738240776,0.0004581365623268722,-0.007950610111572564,0.005055750157908135,-0.002006280503958753
l0,27,-0.0012565871507995107,0.01482024325195868,-0.004603256656444328,-0.006072494110441781,-0.009170841088270614
l0,28,0.004631751703560747,0.00836816877609958,0.007215347848344889,-0.0017474024614758821,0.004690892651274404
l0,29,-0.0014145535833709766,-0.002209383301203045,-0.0015502961575497081,-0.0014726776025645416,-0.00042585727216661094
l0,30,0.0010382374677009513,0.002573724044887032,-0.002149096116401045,-0.003346629719216505,0.007074951661534323
l0,31,0.003274748441642098,0.0021451483489337126,0.00023385521877003425,0.0024667495489133755,0.008253240649951268
l0,32,-0.0034305355409905286,-0.015569481268420213,0.0033059965949455697,-0.007308134632947695,0.005849477142460223
l0,33,-0.00023310080007564373,0.0016056873970610001,0.0010841164205323847,-0.006086222476904469,0.002464015459008509
l0,34,0.0011446196367429153,0.005416433896575684,0.008876966777229291,-0.004454129867583696,-0.005260792259249617
l0,35,0.0010477896863801965,-0.0022255081976540517,0.009106479903769619,0.003504404035294898,-0.006194216995889679
l0,36,0.0034972064892681365,0.006087166976522374,0.0020015743871825285,-0.006485196325201669,0.012385280918569313
l0,37,-0.0043868165152908725,0.002156709951073725,-0.011547829373205866,-0.0010694451541459183,-0.007086701484885428
l0,38,-0.0067702860302018405,-0.014805230146886263,-0.010642165055262859,-0.005053743581688036,0.003419994663029796
l0,39,-0.005431934303759034,-0.017472918557912744,-0.007080842074806955,-0.0029860240309948476,0.005812047448678411
l0,40,0.005091491748060261,0.01297526256492612,0.009466919420623419,0.001519699248333364,-0.0035959142416418528
l0,41,-0.0029063042949831665,-0.009374839555218869,-0.004833678487531032,0.0006715874762454233,0.001911713386571812
l0,42,0.004439027251142396,0.00517771210685272,-0.0025938086316705934,0.003118061916293411,0.012054143613094046
l0,43,-0.004641875756271557,-0.022806313402655005,7.663126522027474e-05,0.0006022453122869643,0.0035599338000615382
l0,44,-0.005515448929407348,-0.010995351406278464,-0.0024973775916488942,-0.006243266501788749,-0.002325800217913284
l0,45,-0.0012169804980225497,-0.005421673525996876,-0.00043702339033531597,0.0056399253155085816,-0.004649150391266588
l0,46,-0.002621465595912963,0.005988667430715521,-0.0027036028809025114,-0.007680467425724904,-0.006090459507739957
l0,47,0.003602022464387946,0.012819023174764273,0.005845269208884058,0.0013924517975855875,-0.005648654323682134
l0,48,-0.004965746506920097,-0.010947521790485129,-0.007269510287082341,-0.002417389807960293,0.0007714358578473739
l0,49,-0.003126919106356983,-0.008798845334958453,-0.003107400940692276,-0.0015188717566540213,0.0009174416068768168
l0,50,-0.0032901108846242278,-0.0041535597114927755,-0.0042796285569371905,0.0021903811118152657,-0.006917636381882209
l0,51,0.0009617424321700897,0.005005970655994612,0.005223931971252271,-0.0009331351786154259,-0.005449797719951097
l0,52,-0.0025583392676157956,-0.017312642260255254,0.006080161829127641,-0.003312499272404117,0.0043116226330685474
l0,53,0.003427520980166558,0.007542785221138048,0.007274104911105829,0.0032808616629241886,-0.0043876678745018325
l0,54,-0.002695312893680765,-0.012431222089432745,0.0017542953302603355,-0.0007158322293002364,0.0006115074137495865
l0,55,0.0044981912176888595,0.008311604607643203,0.005885186783033002,-0.00021311028259380082,0.004009083762673034
l0,56,-0.0014918582542396371,-0.014912915193086749,-0.0012827370317722298,0.0017569162026693094,0.008471303005231119
l0,57,0.006392721787871575,0.011197930131016293,0.006239846635488684,0.005639210790653641,0.0024938995943276816
l0,58,-0.0012710620091377686,0.0005435098536499703,-0.008253932018061993,0.002124354767600256,0.0005018193602606925
l0,59,-0.003179937838857569,-0.012408040814115532,-0.005120072055682095,0.0019504694973736692,0.0028578920169936807
l0,60,0.004438254620580949,0.005731969366410902,0.0028907126557923767,0.004902709410769264,0.004227627049351252
l0,61,0.0019557149351800435,0.007789509997984157,-0.0004386924314917721,0.0011948627563896125,-0.0007228205821618223
l0,62,-0.00190289595368297,-0.0017800783696857898,0.005049447341426615,-0.00636246246665493,-0.004518490319817775
l0,63,0.005073303418912508,-0.0033921585794222304,0.015580503148928504,-0.0020701522300182397,0.010175021336161999
l0,64,-0.0007620082328305189,-0.00975405786979704,0.013346060907076455,-0.003083935562943503,-0.003556100405657988
l0,65,-0.005393365865818174,-0.010050470243455062,-0.005195480146167123,-0.005239675357740317,-0.0010878377159101928
l0,66,-0.002596265058732575,-0.016658542219064883,0.008924210374898843,0.0025879972992498288,-0.00523872569001409
l0,67,0.004880848660516055,0.012672705487227076,-0.0018040293342136747,0.006128004302764198,0.002526714186286621
l0,68,0.004343932202287452,0.010601725157353432,-0.002033584066254142,0.0036571740766480005,0.005150413641402521
l0,69,7.805191674538077e-05,-0.00802837315370259,0.007499607473351261,0.003143595747040267,-0.0023026223997074146
l0,70,-0.000626998854886852,-0.003579047400942066,0.0007390356429059666,-0.005499444674548708,0.005831461013037399
l0,71,0.0015848517218640921,0.0008167501023665632,0.005705987175553156,0.00032309393439053044,-0.0005064243248538809
l0,72,0.006219510385144824,0.010562857886043636,0.009124080404232552,-0.002217776215842829,0.007408879466145937
l0,73,0.00025572369602019836,0.007161225268015305,-0.004538787699714009,-0.003280042625834773,0.0016804998416142705
l0,74,0.001840764008352549,0.005565076470577282,0.0019360995620101417,-0.0004952453866311912,0.00035712538745396336
l0,75,0.0010793659262691609,0.002582616931469741,0.001933426441857127,0.0016525160299145887,-0.0018510956981648138
l0,76,-0.0013610174817682908,0.006137705139247507,-0.002375640129156263,-0.003056448590816079,-0.006149686346348328
l0,77,-0.004726360146782932,-0.018523924456697236,0.0035614416505750975,-0.001982271599200053,-0.0019606861818095376
l0,78,0.0028990197384434445,0.009848700410106796,0.006081315309126694,-0.0029182086133341984,-0.001415728152125515
l0,79,-0.007700827218560614,-0.014193253442879037,-0.01175711106639348,-0.002198408227196861,-0.0026545361377730797
l0,80,0.001736582696173064,0.003879128365512339,0.003998946842136126,0.0006400139259697831,-0.0015717583489259935
l0,81,0.002472994850179787,0.009779983446581434,-0.00017595392425772153,-0.001854271101236798,0.002142220979632233
l0,82,0.0009342884683821317,0.0061736388070202115,-0.004766965597670611,0.0028916386006821973,-0.0005611579365032708
l0,83,-0.0019251728767629818,-0.00427281880161148,-0.0054139850373734625,0.0017901800559353763,0.0001959322759976372
l0,84,-0.0036109259082481074,-0.0141146580483726,0.001037948814429407,0.002739429615472684,-0.004106424014521921
l0,85,-0.001519238534647643,0.006881450065946523,-0.011104813459907716,-0.0012109349615409416,-0.0006426557830884372
l0,86,0.0030314391499578533,-0.007287485030560074,0.016082409374333043,0.001453811280292502,0.0018770209757659438
l0,87,0.0017529497913140067,-0.005625520842179859,-0.0008238866780983635,0.00024754978613856924,0.01321365689939568
l0,88,-0.005928607457034392,-0.01612677058723677,-0.009761518032409874,0.00364133607861563,-0.0014674772871065508
l0,89,-0.002800084529916757,-0.010694437949366394,0.0003194365719713148,-0.008121223474013273,0.0072958867317413235
l0,90,-0.0013498545312699522,-0.008366727121448765,0.004380270904480448,5.247980289555367e-05,-0.0014654417110070458
l0,91,0.005648143085879747,0.015439841512429466,-0.0007199376297424682,-0.002066155116953186,0.009938823577785178
l0,92,0.00377264370837226,0.01200315160049995,0.005144313499406602,0.0008176813268972929,-0.0028745715933148038
l0,93,-0.009193561797103001,-0.01762219193759895,-0.013514170396134112,-0.0016570732184240963,-0.003980811636254845
l0,94,0.002989716822504121,0.0029478610471504268,0.0022535019465719872,0.00036337785129352386,0.006394126445000547
l0,95,0.00618025597835173,0.0030700650862572434,0.008802679841795408,0.003479991372091874,0.009368287613262397
l0,96,-0.004428458263881909,-0.008494638986837968,-0.01277292556261947,0.01119675144484428,-0.007643019950914482
l0,97,0.0030012337896038544,0.006236710837753273,0.00029160781532172695,0.002056526603962794,0.0034200899013776226
l0,98,0.0007806108609346498,-0.012189694596888782,0.011770279265767666,-0.001128444356423054,0.004670303131282769
l0,99,-0.0019302000089939497,0.00021111399929747774,-0.003963742765460494,-0.00634637594753678,0.0023782046777239972
l0,100,0.0013151722672871003,-0.0070684908722833135,0.00045886515488454804,0.002402862258791167,0.009467452527756
l0,101,0.0015171585770185779,0.013782936983238854,0.004659378861071214,-0.007148142116222139,-0.005225539420013616
l0,102,0.000256164105789576,-0.013173436618662555,0.004529955306945527,0.0033527144477266896,0.006315423287148643
l0,103,-0.004140637219561719,-0.010947011435733399,-0.0023458542161987964,-0.0027721235422620673,-0.0004975596840526129
l0,104,0.0023887890099413703,0.0024118810356443757,0.004740729029666999,-0.0005422743792016889,0.0029448203536557947
l0,105,0.003586286536405636,0.005460314071074121,-0.00016136581912418613,-0.0009425126716890049,0.009988710565361615
l0,106,5.831578415191758e-05,0.007918001456879778,-0.012282276157220436,0.005353016637849511,-0.0007554788009011828
l0,107,-0.0015172967107334196,-0.01664073607095536,0.0025010692723202604,-0.0008212996519298804,0.008891779607631302
l0,108,0.004608450290279575,0.002090363922055146,0.009567975602593554,-0.00156582340609005,0.00834128504255965
l0,109,-0.0063893902372996305,-0.008540823985302936,-0.010301838989941563,-0.00019957048834649143,-0.006515327485607531
l0,110,-0.0019101652490349681,0.0051041831155995655,-0.004142526717802038,-0.0025600090087800464,-0.006042308385157354
l0,111,-0.005914717868261627,-0.01115105947841443,-0.007603698777616694,-0.002107887658105499,-0.002796225558909888
l0,112,0.0028589634957461815,0.0028193885783997954,0.0017394011759309291,0.0046450576358826635,0.002232006592771339
l0,113,0.00916871837086042,0.014583760573480627,0.005445548408215608,0.007635101863178581,0.009010462638566863
l0,114,-0.0002827761078123235,-0.012635159305402354,0.00717898980261623,0.002950571442717209,0.0013744936288196214
l0,115,0.0037469582912317526,0.008050623441660038,0.009945414233113143,-0.00022891083454989743,-0.0027792936752962746
l0,116,0.0023020401993629844,0.013383482282435612,-0.0007242129491912249,-0.004127733097286505,0.0006766245614940546
l0,117,0.00031117332366952855,-0.012235422271800191,0.007683121404797039,0.0033782026375749194,0.002418791524106347
l0,118,0.00354155444932293,0.01011630385566339,0.006304245974794341,-0.0013682282033916516,-0.0008861038297743576
l0,119,-0.003749036317337166,-0.0061882883650796,-0.002410687396781139,-0.0023966453314643293,-0.004000524176023596
l0,120,0.0016974195453026935,0.00869374765285488,0.0010055017581093399,-0.004464205181202685,0.0015546339514492407
l0,121,-0.006752733418687303,-0.016477294834121758,-0.0008734974613978754,-0.00397289965636856,-0.005687241722861021
l0,122,0.003709707161018194,0.000994580617211584,0.007056520549548997,-0.00023374403227262612,0.007021471509584823
l0,123,-0.0060763877116850355,-0.0097924279280054,-0.006262427111332177,-0.0062528733648810515,-0.0019978224425215166
l0,124,0.004182532903096912,0.015852138502061824,0.010354607418497018,-0.005118956969890412,-0.004357657338280783
l0,125,-0.003964889554800437,-0.021559271304306335,0.0004371112747136607,0.003541894955267298,0.001720706855123631
l0,126,0.0007695641452146952,0.010180359932147678,-0.01476046715354679,0.005058971488384684,0.0025993923138732077
l0,127,0.002725747085362799,-0.003688412762440821,0.010479071471116201,0.004620940240150739,-0.0005086106073749235
l0,128,-0.0014931163023662283,0.0015618655646490293,-0.00382065838162837,-0.003291829229423657,-0.00042184316306191513
l0,129,0.0013698232795165157,0.00025736126962157496,0.004158420965342555,-0.0031935989599307666,0.004257109843032699
l0,130,0.00026199160088426763,-0.015465222697849688,0.018348271831392943,-0.005504507492234294,0.0036694247622281093
l0,131,0.0004889764338590933,0.004876477207012316,-0.0005886129538051308,-0.0020860049454258715,-0.00024595357234494003
l0,132,-0.003549190583249073,-0.012259031258824936,-0.0032210112629620863,0.0037630421873048013,-0.002479761998514071
l0,133,-0.007509920233111794,-0.017597083019942433,-0.0067956870942629775,-0.00012575866098937013,-0.0055211521572523965
l0,134,-0.007301360301616824,-0.01687327960469828,-0.007883634266424173,-0.007400676027588836,0.002952148692243991
l0,135,-0.0041355717527066585,-0.0011384662369238788,-0.005701442619451774,-0.005593501716813145,-0.0041088764376378374
l0,136,-0.003385651695459945,-0.018108916587813436,0.008703872826337906,-0.002786493361678725,-0.0013510696586855261
l0,137,-0.004822216612891511,-0.006169354636541083,-0.013687785281748278,0.002047311048552326,-0.0014790375818290093
l0,138,0.0048708546638146985,0.011661177776228427,0.01587448524937863,-0.009926202671680782,0.0018739583013325186
l0,139,-0.004376761693971904,-0.012601673575268393,0.0008125286994321618,-0.004032042137920426,-0.0016858597621309621
l0,140,-0.002226903589420402,-0.0035081126178598356,-0.0034108423987535886,-0.0006246188323155115,-0.001364040508752672
l0,141,0.0025947584739851918,0.00666389925713496,0.0058589466649874525,-0.0014593603304418742,-0.0006844516957397724
l0,142,-0.002685495264369128,0.009233342380770506,-0.005934695931988747,-0.006671377196323462,-0.0073692503099348095
l0,143,0.004924941853887452,0.011425915055429482,0.0038373556098509356,0.0003945573943490264,0.0040419393559203605
l0,144,-0.0026737111490625826,-0.017047423718904116,-0.0001713475224030949,0.0040418324796631915,0.0024820941653936886
l0,145,-0.009237555739413665,-0.015548551066970319,-0.008249848289994722,-0.004495382942727956,-0.008656440657961667
l0,146,0.003149686618545331,0.010808943026613048,0.0008624240275498951,-0.0007206670877454032,0.0016480465077637835
l0,147,0.0035717238338638787,0.005255517301885148,0.010457135443199756,-0.0032753622472103277,0.0018496048375809373
l0,148,0.0025597276294527377,0.01517814963357628,-0.010891920495770955,0.00026367372079621446,0.00568900765920941
l0,149,0.0026755569788498024,0.001370448106059788,0.009799181030256659,0.004716066238759484,-0.005183467459676721
l0,150,0.005109007046533117,0.006532454249454641,-0.00015930892562440735,0.0067896249444028235,0.007273257917899411
l0,151,-0.0019654910276164102,0.0007628852469923966,-0.0033486091470586047,-0.006071389423911623,0.0007951492135121908
l0,152,-0.001635065914888538,0.003967274652322413,-0.0010011299565106935,-0.006675804040400846,-0.0028306043149650254
l0,153,0.0002634488061814882,-0.0026564016916057875,0.006446616896589731,-0.0011607554115800629,-0.0015756645686779277
l0,154,0.001880035245050241,0.010637876542133117,-0.005926382497916584,-0.005372692164753922,0.008181339100738353
l0,155,0.0038703092732633036,0.0008845199601798865,0.013916042571175131,-0.006036870878414107,0.006717545440112303
l0,156,-0.005160128192377845,-0.011474432051109614,-0.011423292842291034,-0.0029619227302909662,0.005219134854180231
l0,157,-0.006371669761869595,-0.018430361565427926,0.0025873419831650203,-0.005392057115592086,-0.0042516023496233886
l0,158,-0.000995448915591685,0.003190148580192841,0.001974404754736287,-0.008517834426021137,-0.000628514571274732
l0,159,0.007936334122887361,0.017172389161760695,0.015569004285785351,0.0003207707715330501,-0.001316827727529652
l0,160,-0.0007180894527245405,0.00016824740564697072,-0.0027348983008974245,-0.00440663711376209,0.004100930198114382
l0,161,-0.0022047628944847466,-0.0012201017773775824,-0.003301837235031791,0.00047801189997546966,-0.004775124465505083
l0,162,0.001120154606229838,-3.142438869935146e-05,0.014955568940260285,-0.006615020477693269,-0.003828505648948314
l0,163,0.001920510777291422,0.0020775264661203065,0.0052045461719895875,0.005370450171620408,-0.004970479700564613
l0,164,-0.0015846507765900277,-0.004230424824384581,-0.007763014782789231,0.0016851064573250554,0.003969730043488647
l0,165,-0.008363927177234571,-0.019392965955563245,-0.010101528038447962,-0.008198889946958983,0.004237675232031903
l0,166,0.002553542277490792,0.014276944426401934,-0.0065240680420833915,0.002532547978355464,-7.125525271083912e-05
l0,167,0.0023966364218405917,0.0019355446673418634,-0.0054399846649016,0.001762682969118621,0.011328302715803483
l0,168,0.0007709404690614232,0.0030716756605848067,-0.00017248748936241694,-0.003282048200034189,0.0034666219050574917
l0,169,-0.0029291219038904033,-0.01373029205460475,-0.002956581068246587,-0.0041333268145639646,0.00910371232185369
l0,170,0.0028604080159988746,0.013566802716432593,-0.005257709049908216,0.002285662582863942,0.0008468758146071785
l0,171,-0.003888530470318545,-0.016856802653634245,-0.0029510741667868575,0.0021918474764193014,0.0020619074627276227
l0,172,-0.0007245309214308736,0.0020418761119560492,-0.003985156221372814,-0.004797349749541083,0.003842506173234354
l0,173,-0.002850584901421248,-0.007617376904000479,0.005626006987723406,-0.005720131559111983,-0.0036908381302959356
l0,174,-0.004872803803118882,-0.012955338647643618,-0.00013991605532916878,-0.0036254327620497684,-0.002770527747452978
l0,175,0.005432690208177132,0.01180100997660596,0.014149923827361091,-0.0028982535422388362,-0.0013219194290196867
l0,176,0.0028395562192120027,0.007650187385879166,-0.005231626174144893,-0.00082390084935335,0.009763564514467088
l0,177,-0.005251675493838453,-0.011279740573478036,-0.006902280395843444,-0.006290684913138312,0.0034660039071059833
l0,178,0.0035298504747988723,0.01018314778506708,0.0011095708896252756,-0.0016126916171658096,0.004439374841668941
l0,179,-0.0005030408634847176,0.013198159464181323,-0.010896005135304362,-0.0006348975762646172,-0.003679420206551214
l0,180,0.0008311001724087705,0.00636172537530194,-0.0023128190998232398,-0.0022720561395164355,0.0015475505536728172
l0,181,-0.002187780636257633,-0.0064030391721155286,0.0032329460853617693,-0.0008196497598775645,-0.004761379698399209
l0,182,0.0032690914314632913,0.0034618506014661033,0.009396172197473858,-0.0017612725080819985,0.0019796154349952027
l0,183,-0.004657397305351032,-0.006737483011751374,-0.0015052063591550022,-0.006608979530431172,-0.0037779203200665823
l0,184,0.0024390541102625013,-0.009788473883457473,0.011695321832018992,0.006447658235323002,0.0014017102571654853
l0,185,-0.0038602936686711283,-0.008906776879946298,0.0016100268729855932,-0.006887189026249323,-0.0012572356414744855
l0,186,0.0027850477071366185,0.013622793474784541,0.0017506369439494681,0.0007024444014858749,-0.0049356839916734115
l0,187,0.0020146151036617536,0.011613595935199178,-0.003919567571125094,0.00032037166220340774,4.40603883695231e-05
l0,188,0.0011891000707906232,0.001914302437464857,-0.0023011901330480438,-0.001006213626604924,0.006149501605350604
l0,189,0.0012266138961007046,0.006227941217771771,-0.0018822342313425866,0.002771920032902608,-0.002211171434928974
l0,190,-0.0025067840407281532,0.004697588403591345,-0.016466499013129188,-0.002480947898390799,0.004222722345016028
l0,191,-0.000277788322588507,-0.0013084468308720769,0.008477417961284858,-0.008389254220912168,0.0001091298001453586
l0,192,-0.0016022752622195078,0.005330873364144005,-0.004600121283961218,-0.003415154445541868,-0.0037246986835189505
l0,193,0.00166937537453297,0.014142851603687218,-0.004886651058285083,0.0026156131354711553,-0.00519431218274141
l0,194,-0.000980235071710534,0.0015523800838472478,-0.0007572472779804784,-0.0009662112604683338,-0.0037498618322405718
l0,195,-0.00713183010352903,-0.020172353494481467,-0.004542129965543394,-0.004947610735228825,0.001134773781137563
l0,196,0.003960376482248995,0.009713052418680587,-0.0008648960822932234,-0.002960159082525996,0.009953508675134613
l0,197,0.002307285257849547,0.006016842855790532,0.004022926601697773,-0.0019260335882675618,0.0011154051621774456
l0,198,0.0005678184511163019,0.005403689554971934,-0.00499541578220896,-0.0030151727074319815,0.004878172739134216
l0,199,-0.004004327719761581,-0.0031408320311873293,0.0004420928653416109,-0.007313468514971201,-0.0060051031982294055
l0,200,-0.00370945918261208,-0.014660128222453635,5.717714214273806e-05,0.0033721690916553833,-0.003607054741792806
l0,201,0.0006102043120588651,0.0029728586815447166,-0.0012820458358071389,-0.004569901655066714,0.005319906057564596
l0,202,0.001963332802241602,0.009510358908908015,0.005117057029290395,-0.0019474883190343645,-0.004826596410197638
l0,203,0.001895350954752927,0.008700053648581058,0.0021370462439730597,-0.003557034584040896,0.00030133851049848735
l0,204,-0.0027578162425541263,-0.009640205457300864,-1.5625170022497397e-05,0.0011209711038677231,-0.0024964054467608663
l0,205,0.0015185300709409737,0.0028103608956772655,-0.0014664517851884912,-0.004205129885989007,0.008935341059264128
l0,206,-4.7368078781825896e-05,0.013188483832993293,-0.008536919595478115,-0.004012190809841193,-0.0008288457428012887
l0,207,-0.0039508192396612695,-0.012237749593639234,-0.009072926516337862,-2.413921777376668e-05,0.005531538369105787
l0,208,0.0013048883390650457,0.006805842503406142,-0.002872132918959841,-0.0026612592275957313,0.003947102999409613
l0,209,-0.003952975530974129,-0.007634199532546785,0.001905067685285007,-0.005551125889188682,-0.004531644387446057
l0,210,0.0027476933061924276,0.004551808995655734,0.0029931716696833875,0.0032972805226378975,0.00014851203679268997
l0,211,-0.002712046166764917,-0.014769242407078713,0.0014854499451858244,-0.00327902563606357,0.00571463343089679
l0,212,-0.0007086006405323671,-0.0017204125256991157,0.0007673899299425009,0.0014420054316521983,-0.003323385398025052
l0,213,0.0031766821507347755,0.008510871664266504,-0.004197782107323172,0.0037454337059594825,0.004648205340036286
l0,214,0.007601539614537124,0.008143263649572977,0.017957528200918282,-0.0007632125085011818,0.005068579116158419
l0,215,0.002298242748975597,0.015684213005291284,-0.00588686099175926,0.003916657645310949,-0.004521038662940586
l0,216,-0.0012862210613927365,-0.0027880758807740423,-0.003482929513064219,-0.0013813196242979642,0.002507440772565281
l0,217,-0.004250154753318556,0.0032173471586930667,-0.008267369332660403,-0.006761374352822846,-0.00518922248648404
l0,218,-0.0007252256846561903,-0.01570631961267414,0.01289200065060822,0.0007094631672556746,-0.000796046943814516
l0,219,0.0021871420932485304,-0.009712710894948936,0.005577903121280553,0.0030151378961088032,0.0098682382505537
l0,220,0.0002332055168010722,0.007072108115551147,-0.0009320027266817104,0.0013929444218839379,-0.006600227743549085
l0,221,0.0029530768430776765,0.012612953270839488,-0.006902797047669416,0.0006516180934267482,0.005450533055713885
l0,222,-0.004562327890018873,-0.013382090100564426,-0.00024062780933398653,-0.0021551243326994583,-0.0024714693174776197
l0,223,0.0008744295468001212,0.0012254760393336298,-0.001456196616545072,-0.0057458439041438054,0.009474282668555732
l0,224,-0.004236426708248994,-0.01706698810963195,0.0008734680689966186,0.0022570245463126807,-0.0030092113386733263
l0,225,0.005307424842415332,0.01500958485824712,0.0005162647054783899,-0.003802362516602561,0.00950621232253838
l0,226,0.006255212962237118,0.005156755717587281,0.005425109823964525,0.004637930598161536,0.009801055709235127
l0,227,0.0004493179786801366,0.009894833956905071,-0.01248243807362708,0.0025602653183452295,0.001824610713097326
l0,228,-0.001812007471700515,-0.00934509999297344,0.007476769281638266,-0.00898280710582593,0.003603107930359044
l0,229,0.004165357874176279,0.009717872861241619,0.00662064787159174,-0.0008541358188530576,0.0011770465827248145
l0,230,-0.0009001375305837203,0.002986875271937193,-0.007191078071741039,0.002955856621564162,-0.0023522039440951967
l0,231,-0.0032852520356705574,-0.023715004230959368,0.008929935944269454,0.00546074130058686,-0.003816681156579175
l0,232,0.0018224466754987693,0.01054243396894153,-0.005116660164364987,-0.004765561263806728,0.006629574161225262
l0,233,0.004447577383586811,0.007582700279683966,0.0037964874871083596,6.725918752920371e-05,0.006343862580025716
l0,234,-0.0008624523927052497,0.009806202140643556,-0.0004890479902685172,-0.007068357143971586,-0.005698606577224451
l0,235,0.0025029974821379575,0.014839536293944135,0.004367201824521919,-0.009344874892613344,0.0001501267026991196
l0,236,-0.004518939952392393,-0.008355864711478988,-0.0010385793138820458,-0.010922130809160926,0.002240815024952391
l0,237,0.007452711555471916,0.016853606613732454,0.009375718273808295,-0.0003924236198830648,0.003973944954229979
l0,238,-0.0065297065238700686,-0.014086633363283396,-0.008034888086473818,-0.0019328230028126626,-0.002064481642910396
l0,239,0.001501832721953774,0.006266836267504978,0.0005175659808677985,0.0012874223671966725,-0.0020644937277543543
l0,240,-0.001091611856975727,-0.007459860694047607,0.0042388263763018675,-0.008408218357899382,0.0072628052477422145
l0,241,-0.0050753743251191275,-0.008451281654554416,-0.005115905156450802,-0.004707294461854856,-0.0020270160276164373
l0,242,0.004925177011928111,0.007344542365558514,0.01292733889892251,0.0011523882686818158,-0.0017235614854503984
l0,243,0.0015746158763617216,0.007732821268026314,-0.005203124317523797,-0.000605105744670049,0.004373872299614418
l0,244,-0.003699404146412519,-0.011749072697413846,0.0019365005560207796,0.00039145616017670403,-0.005376500604433713
l0,245,-0.0013060644787974275,0.007280571058745549,-0.005241195901394364,-0.0040092741139330125,-0.0032543589586078816
l0,246,0.007655334379260557,0.01978706146083418,0.0052925941587322915,-0.0018935949203673014,0.007435276817843053
l0,247,0.003918557943292137,0.01855628680849288,-0.0010042642514146243,0.0007035865785744951,-0.002581377362484206
l0,248,-0.007718158689955101,-0.014717417888772356,-0.003031951253109671,-0.007546088060934575,-0.005577177557003799
l0,249,-0.008621690546514654,-0.019074367583343736,-0.005854395428152757,-0.0009713237676027072,-0.008586675406959416
l0,250,-0.0025868276148114473,-0.007957493963902629,-0.0006174507247273685,-0.00026427187294881,-0.0015080938976669818
l0,251,0.00014127279364684145,0.0037742559097017642,-0.004322384826833268,-0.00012555448303302606,0.0012387745747518956
l0,252,-0.0003025205678575455,0.0033754921244725012,-0.005136884153143336,-0.0014359520792058562,0.001987261836446509
l0,253,0.0001864003174459765,0.007668828836389836,-0.008763099765579622,0.002797789209361854,-0.0009579170103881617
l0,254,0.0036501052464645717,0.004636872774017119,0.016850187940235142,-0.008272230497982567,0.0013855907695885942
l0,255,0.0006422936569939093,0.01046455976801418,-0.0015577384178852185,0.001618597196001723,-0.007956243918155047
l0,256,0.0043362252243584615,0.011601368849436093,-0.00012706690723305258,0.004594999930836941,0.0012755990243938635
l0,257,-0.0033582169192300317,-0.020219617733823223,0.0061928674293640455,-0.0008010622509232491,0.0013949448784623003
l0,258,0.00509256990986509,0.004745000055690172,0.017981456818139015,-0.002931694553326749,0.000575517318957921
l0,259,-0.001592544522205093,-1.69626451614608e-05,0.001285456844907504,-0.003853255212129624,-0.0037854170764367915
l0,260,-0.007387203864954324,-0.021462247370088262,0.003625416645713186,-0.006427293057471161,-0.005284691677971057
l0,261,-0.0023490736191596816,-0.01897253286908449,0.005935170279619666,-0.0023089860403954507,0.005950054153221548
l0,262,0.001320742213435856,0.0038685526113790814,0.0007110452105999741,-0.0028083455586669095,0.0035117165904312775
l0,263,0.002833223234705074,0.009746241807968797,-0.0007806705011797004,0.0008260282543789367,0.0015412933776522634
l0,264,-0.0013380586513671046,0.009509661029856986,-0.009295837717072705,-0.0050125097803752705,-0.0005535481378774289
l0,265,0.0003695111898934282,-0.005743699599945499,0.009022848473333895,-0.001471503710895901,-0.0003296004029187816
l0,266,-0.005486647043877198,-0.01663013678303016,0.0024936261198675556,-0.006597406128922642,-0.0012126713834235468
l0,267,0.0005175337332870452,0.0039509221746657636,0.006907690195531026,-0.004728716504344355,-0.004059760932704254
l0,268,0.005787820989390595,-0.00031393849652223103,0.009677447638381444,0.0043001604887665055,0.00948761432693666
l0,269,-0.002670101293261473,-0.004146693392486376,0.006112939136885316,-0.009179868183861961,-0.003466782733582872
l0,270,0.0010014913113236476,0.003521082532753685,-0.002279221218379429,0.0038734146324079723,-0.001109310701487638
l0,271,0.005701074079181817,0.010926910044665426,-0.0004418755480115836,0.0007978046514786168,0.011521457168594809
l0,272,0.0015853101473830304,0.007599136838514209,0.005181518232985223,-0.0016095098099544233,-0.004829904672012887
l0,273,-0.007556767055894034,-0.016236894298691976,-0.008813821095909235,-0.005210063084522389,3.3710255547465405e-05
l0,274,0.0017052357038563678,0.008089194628977696,-0.005216795159504722,0.001260032749501852,0.002688510596450645
l0,275,0.00297824903711555,0.0026218720202297948,0.00941689646002436,0.0028840214105509787,-0.003009793742342933
l0,276,0.003136750034293781,0.013525478213103976,9.750331115478605e-05,-0.0039818375273834175,0.0029058561402997805
l0,277,0.0019730016428835487,0.003976992707623626,0.003491529491873543,-0.0032430430482307754,0.003666527420267802
l0,278,-0.005814514445679196,-0.01714028112703923,-0.003754317479143028,0.0002638092509696174,-0.002627268427504143
l0,279,-0.001969961484648179,0.0012057889717661152,-0.0018206765706862318,-0.0042390387822694095,-0.00302591955740319
l0,280,0.0022131810419642223,0.005107976393362905,0.0014811185513489682,0.0018961811916162435,0.0003674480315287717
l0,281,0.001005973896449447,0.00394289332508857,-0.0017997523078550498,0.003929178164641059,-0.002048423596076791
l0,282,-0.00018135565483246596,0.0029800859677938875,0.0011470252326628854,-0.005224629323447205,0.0003720955036605687
l0,283,-0.002946389245181878,-0.017090580902352954,0.00032162148930005774,0.003171942365593537,0.0018114600667318492
l0,284,0.00337670006449395,0.008775795133140266,0.006088498786774671,-0.0017417325532014779,0.00038423889126234026
l0,285,-0.003788031447562106,0.006510565230437805,-0.011508117713109257,-0.011649103484428474,0.0014945301768515004
l0,286,-0.004496721954912144,-0.017549935109226457,-0.0022162782303880224,0.004846819793703669,-0.003067494273737763
l0,287,0.00523704019141086,0.008684893013604315,0.01680370887387532,-0.0018662975922986024,-0.0026741435295375925
l0,288,-0.0009979247602912391,-0.0076456932574289135,0.0034158716016083734,-0.007999746131550479,0.008237868746206063
l0,289,0.005928191889944943,0.01611760398040125,0.007022647289798134,0.0023516054158115715,-0.0017790891262311867
l0,290,-0.001718147513602394,-0.006800903232772654,0.00245095862095427,0.002180390149489601,-0.004703035592080794
l0,291,0.0020045064324404013,0.0072821930865279065,-0.006135537835609063,0.002241846721910975,0.004629523756931786
l0,292,0.00200814748948777,-0.003697835763728721,0.01455126573306499,0.0018241880630936339,-0.004645028074478822
l0,293,-0.0037742345874914648,-0.022939399739907544,0.006577161675440957,-0.0028050323816606617,0.0040703320961613864
l0,294,-0.004608719046388165,-0.017978493887574245,-0.006047077722289537,0.0007044827605371142,0.004886212663774006
l0,295,0.0017209849523059954,-0.007909930516918452,0.009855345391974461,0.006501416037741684,-0.001562891103573712
l0,296,-0.00020424763361874456,0.0029800298608073407,-0.0057350952690544375,0.005993837782602045,-0.004055762908829926
l0,297,0.0009203177075584655,0.011120422017858372,-0.0038152242833520747,0.00035185479091687965,-0.003975781695189314
l0,298,0.0007931457785304978,0.012153950903004154,0.00424341367415897,-0.010180598121845352,-0.0030441833411957806
l0,299,0.0013524111861431486,0.003337070345738054,0.003902513787134708,-0.001579941560640279,-0.0002499978276598885
l0,300,0.0028624802335508784,0.005115588681371619,0.0017207193823908433,-0.0034752385394862194,0.008088851409927272
l0,301,0.0045106667347175194,0.0007785528719874879,0.011132924622965449,-0.00250150790597494,0.00863269734989208
l0,302,-0.003113787201201132,0.012741601740984815,-0.011082861239485774,-0.011516958695385753,-0.0025969306109178162
l0,303,-0.002338883722679276,-0.0032130553229673484,-0.009387947801487093,0.003868003916533552,-0.0006225356827962164
l0,304,-0.0033072201155154362,-0.013145876599553127,0.006175723808464234,-0.0022707207067363677,-0.0039880069642364855
l0,305,0.0005264518166714499,-0.009069980964232022,0.004818935063622219,-0.0015103326914102284,0.007867185858705831
l0,306,0.001325594520688882,0.013056339920964078,-0.007270705766673139,0.003223947810972511,-0.0037072038825079223
l0,307,0.0020560756781393633,0.00610249500970431,-0.006890568489553876,-0.0007845170762244688,0.00979689326863149
l0,308,0.0008104266065339954,0.014481086935627593,-0.005398988186233642,-0.006230959055577799,0.00039056673231982854
l0,309,0.0027696825098080862,-0.010393241973324339,0.009620953013221972,0.002712807640511076,0.009138211358823636
l0,310,-0.003192293998369483,-0.0027390750478713897,-0.006015030694840609,-0.0011859577264869351,-0.0028291125242790012
l0,311,0.008616169536677546,0.0055235397682587934,0.015055339182054539,0.0008231503292259958,0.013062648867170854
l0,312,0.0020376976606767995,0.009286430412456484,0.006179747123252467,-0.004582924277785919,-0.0027324626152158337
l0,313,0.0005541529380662139,0.005719094953449145,-0.0014451106349324923,-0.000662601370746245,-0.001394771195505552
l0,314,0.005003603997420678,0.005191965445572462,0.009399460333460438,-0.005327294221323172,0.010750284431972984
l0,315,-0.0009555228388858741,-0.011142771880765167,0.0033918906569829514,0.007369637315951373,-0.0034408474477126538
l0,316,-0.00836642183200372,-0.02175969625400605,-0.014070869006653804,0.0014715426841603592,0.0008933352484846173
l0,317,-0.0017275592067039058,-0.011864379361124906,0.0037699902899355256,0.004611177797337591,-0.003427025552963835
l0,318,-0.0069238285550388265,-0.01895657755737601,-0.00911717637612394,-0.0022451220833527743,0.0026235617966974207
l0,319,0.0004196865630753274,-0.0007761104651047817,-0.005826265985188018,0.005727473845465674,0.002553648857128435
l0,320,0.001426197350149658,0.0013507713258688017,0.0023346489870388256,-0.001370333246686243,0.0033897023343772486
l0,321,0.0013014689887410908,0.010620474549855064,-0.00796457677380037,0.0003631605641536994,0.0021868176147559703
l0,322,0.0018200456108854453,0.010334417769093215,-0.012226819257892268,-0.001286655722239941,0.010459239654580775
l0,323,-0.0057682414753967275,-0.007717664690599715,-0.006967097855451115,-0.007559973477293017,-0.000828229878243062
l0,324,0.0014305989771572535,-0.00019693480422444936,0.014476523562718651,-0.004559692132573154,-0.003997500717292032
l0,325,-0.003594284089982136,-0.007760365405461527,0.004707030237476468,-0.003258190535526266,-0.008065610656417218
l0,326,-0.002428797796962419,-0.0009023961465919431,-0.01025517667052983,-0.0013970797217282551,0.002839461351000353
l0,327,-0.002950227679793806,-0.0033466617941209985,-0.0017429259933832777,-0.0017617181845319971,-0.004949604747138951
l0,328,0.0007768624876436463,0.006703226734673982,-0.00043615160659094964,0.0020404164611172912,-0.005200041638625739
l0,329,-0.0029908939057364287,-0.0008569109922765645,-0.009376539039078272,-0.0007475573986914863,-0.0009825681928993918
l0,330,-0.004194031410223321,-0.01582989645188906,-0.0027607545197290877,-0.0022078927883672737,0.004022418119092137
l0,331,0.005517903677819119,0.012753991494428414,0.0019639415512537834,0.00409677576228129,0.0032569059033129865
l0,332,0.00021660005006541113,-0.00636057056348294,0.009858690197673409,-0.0013049690800599305,-0.0013267503538688934
l0,333,-0.0037433811304097,-0.021897168149460584,0.0036580694617787037,0.0009802415325908202,0.0022853326334522604
l0,334,0.0016801231061023692,0.0018379714449926737,-0.002379063991216391,-0.00030317504122200653,0.007564760011855201
l0,335,0.0029179009625751352,0.004533767648968427,0.00842492291156778,0.0007309310303977093,-0.0020180177406333736
l0,336,0.004366583021378636,0.013955326896902171,0.008352402641281108,-0.0015977970381278236,-0.0032436004145409126
l0,337,0.004177034484557129,0.0044556233305755415,0.009755194657046589,-0.0034882980107271487,0.005985617961333537
l0,338,0.0008942561852900018,0.004415841888042379,0.004408511192895858,-0.0030651400744012764,-0.0021821882653769538
l0,339,0.0035210238352833506,0.011622819990176437,0.008934276142158193,-0.00800832019893147,0.0015353194077302422
l0,340,-0.00532286662260522,-0.014138015963167078,-0.011014268514668728,0.0013056726923926605,0.0025551452950222657
l0,341,0.0010743382673853996,-0.016974494229860488,0.014582467909644136,0.004862114706999597,0.0018272646827583534
l0,342,-0.00264101009674713,-0.013072088469641918,0.005555820687148102,-0.0045287043188256115,0.0014809317143309082
l0,343,-0.002750329711908096,-0.008377260191411919,-0.002450130289265355,-0.0029813401124836087,0.0028074117455284967
l0,344,-0.0038880106033896676,-0.0008948702505607749,0.0013776341551924815,-0.007437744475327718,-0.00859706184286266
l0,345,0.0011042381526157109,-0.005031835142449691,0.004006648640826937,0.0002842444363098538,0.005157894675775743
l0,346,-0.0009437157927748615,-0.00419857222696698,-0.006196392505892285,0.0010586866885689966,0.005561414873190823
l0,347,0.0005815440676121918,0.0010582303987142806,-0.0005894247347805269,9.089747555294397e-05,0.0017664731309620695
l0,348,0.001226055697892314,0.01689185447966257,-0.0032778599162194473,-0.008496138475670647,-0.00021363329620322077
l0,349,-0.003563818236385917,-0.021131401572128786,0.0029621433796612187,0.002224512180372881,0.0016894730665510174
l0,350,-0.0007996538649704082,-0.009046423631785431,0.0005272629592752928,-0.0020621430440222886,0.007382688256650793
l0,351,-0.002333494982341336,-0.01602634235204248,0.005996249060738039,-0.0020899872028094196,0.002786100564748519
l0,352,-0.0024753094317091157,0.0007799472159467744,-0.008412802609615067,-0.0017897171197544407,-0.00047866521341372904
l0,353,0.004451769174113874,0.01108334947636503,0.009715343031965069,-0.002707655308969687,-0.00028396050290491973
l0,354,0.0022305628168192435,0.012768619194095289,-5.825188108813452e-05,-0.003811386417482264,2.327037175208445e-05
l0,355,0.0050682431864561475,0.013701082533476605,0.0037000442715253573,0.0012407686669894346,0.0016310772738331886
l0,356,0.00409164855383373,0.009404792787055338,-0.0036914884782403012,0.0032176903346525275,0.007435599571867358
l0,357,-0.0009717825957087523,-0.008856045494927394,-0.0032635573406445363,-0.0009366865339920375,0.009169158986728959
l0,358,6.68648323826796e-05,-0.015303800597157632,0.011373037914082045,0.0038564625955695396,0.00034175941703676533
l0,359,-0.00032262583182075366,0.003569815118519627,-0.0026794294047267826,0.0021290322325744964,-0.004309921273650355
l0,360,0.0013018828421561004,0.008609934860556738,-0.0014185483645715966,0.002721048687959642,-0.004704903815320382
l0,361,0.0016445982002373355,0.008562974575423963,-0.00142802644162518,0.00028399667177288234,-0.0008405520046223234
l0,362,0.0005456971985853014,-0.003531157053148287,-0.003592048118664095,-0.002267062706295347,0.011573056672448935
l0,363,0.002373593448994018,0.009794900212270797,-0.003953330505824816,0.0027414846555012043,0.0009113194340288871
l0,364,0.0007817992083269203,-0.00018139465149720805,0.010337861359912423,-0.001503367442116579,-0.005525902432990954
l0,365,0.0054178030743904934,0.005227271059385313,0.009609434528655402,0.0010135778672144815,0.005820928842306776
l0,366,0.005274348812552013,0.0063452117654394045,0.01679524883967693,-0.0014556197737799013,-0.0005874455811283805
l0,367,0.005980729087756825,0.008279501566318195,0.015280198906092213,0.000699433774099202,-0.00033621789548230884
l0,368,-0.0035034586017472715,-0.007105459324659064,-0.0020209670534855027,-0.0010371643469375704,-0.0038502436819069477
l0,369,0.003726462444978108,0.004902112811171413,0.002293849214902103,-0.0019721557014471375,0.009682043455286053
l0,370,-0.002481839385657353,0.0005704027506743961,-0.004836144355109887,-0.00212485183323557,-0.0035367641049583514
l0,371,0.0012909364156698812,0.010308313781403908,-0.004074329756488799,-0.006383856416785143,0.005313618054549559
l0,372,0.006461276252586881,0.013694617380882294,0.004193826194008874,0.0017450678779743376,0.006211593557482021
l0,373,-0.00620065818435679,-0.010642924131095036,-0.009750608587495406,-2.092699737008463e-05,-0.004388173021466633
l0,374,-0.004745928826961208,-0.02125279432391724,-0.00398732616694465,0.0032813286242372904,0.0029750765587797674
l0,375,-0.0025124829017597965,-0.014123102136415294,0.0062461932389103,-0.0008824277641540572,-0.001290594945380134
l0,376,-0.004629421172649625,-0.005444842814247535,-0.006064147027653702,-0.005025961219159645,-0.0019827336295376195
l0,377,0.0018041371864681252,0.00696278797861063,-0.0011927032144447387,0.002759274139004202,-0.0013128101572975922
l0,378,-0.0014024177939539499,0.008096233859655662,-0.012649350973831531,0.0002256894203242854,-0.0012822434819642153
l0,379,-0.008149473200763603,-0.012049948846211845,-0.008741239353086058,-0.0057758938590036024,-0.006030810744752908
l0,380,-0.006470198712204103,-0.013661010986301481,-0.0036924120952441424,-0.005377489826965849,-0.00314988194030494
l0,381,-0.0009519629229865654,-0.015583781064260305,0.002794527470585184,-0.001419533114836573,0.010400935016565433
l0,382,0.0009396521494597445,0.0022438866334103928,0.0012922416448408552,-0.0055036017305045695,0.0057260820500923
l0,383,-0.0037704575502814823,-0.012001364746550858,-0.0018256742872539606,0.00048281996016747754,-0.0017376111274885874
l0,384,0.004399190933265319,0.0046681670501650206,0.010648972410764877,-0.0004785518545687526,0.002758176126700131
l0,385,-0.002041542315808545,-0.01387084791687532,-0.006561762381066245,0.0022572662191901725,0.01000917481551721
l0,386,0.004505919273979581,0.0026866684088171014,0.01341665584946698,0.004927746777646162,-0.0030073939400119248
l0,387,-0.0029547050716675705,-0.005614337187300719,0.0025447863942000696,-0.006521877262747847,-0.0022273922308217874
l0,388,-0.0057239945635702075,-0.019918446998238297,0.0009908298341411597,-0.002209804420453128,-0.0017585566697305634
l0,389,-0.0011410860196155016,0.004621276243029706,-0.0018713185813810608,-0.005239162824706016,-0.0020751389154046364
l0,390,-0.0005706964300080009,-0.018596245810813882,0.006792039056356912,0.001413068595022572,0.008108352439402394
l0,391,-0.0027553896694564066,-0.006632375734496373,-0.007120158941627982,0.0006884290149401899,0.0020425469833585375
l0,392,0.006153502277566966,0.006646313104613042,-0.0012097899706062661,0.004633281690819995,0.014544204285441094
l0,393,0.0016845105432674208,0.007491500219801864,-0.002896591627735189,0.0006818027166324777,0.0014613308643705303
l0,394,0.0006199771125933263,0.015591439252141747,-0.001470050474820096,-0.008745403431185315,-0.0028960768957630293
l0,395,-0.004468103232194198,-0.009344028957272064,-0.004284864538820063,-0.00239117083424034,-0.001852348598444322
l0,396,-0.007049371829481966,-0.018604089273407273,-0.012557883329667473,-0.003755938818939788,0.006720424104086664
l0,397,-0.005260824800569334,-0.02387493899362386,-0.010738365610218396,-0.0011863437812153171,0.014756349182780229
l0,398,0.0005084777661025221,0.010662368791873749,-0.0017597385463268694,-0.004346301300497625,-0.0025224178806391656
l0,399,0.001220537928643704,0.008896761956793254,0.0011498490222629546,-0.002785488280516486,-0.0023789709839649063
l0,400,0.0009818450012531953,0.0055374290124612265,-0.0033705233447199725,-0.0021285558711843055,0.003889030208455833
l0,401,2.986381802760592e-06,0.01319391285128261,-0.014376884236663171,-0.004990743824398212,0.006185660736989815
l0,402,0.0010634826500272847,0.0025056281378925036,0.0007787191961445511,-0.004109397039212936,0.00507898030528502
l0,403,0.0002986440294282316,-0.001668331710178873,0.00679390723648611,0.003516426115762003,-0.007447425524356315
l0,404,0.0005219715689449935,0.009917752190566105,-0.0047692446988450606,-0.0007185225756621322,-0.0023420986402789383
l0,405,-0.0023409074093166354,-0.015237887454460374,0.005136047243932155,0.00046062704295301204,0.00027758353030866534
l0,406,-0.002538456893231661,0.00975248576329805,-0.013752162933932189,-0.0026432406618096017,-0.0035109097404829037
l0,407,-0.0017110157319610208,0.004771915574128897,-0.003907048839254152,-0.0013325489552371472,-0.006376380707481681
l0,408,-0.0006940410214723192,-0.016760678148486315,-0.002518275293323563,0.009367341643218976,0.007135447712701626
l0,409,-0.005941383395077588,-0.007818749241041204,-0.008510383122492084,-0.0026254549791638404,-0.004810946237613224
l0,410,-0.007446608711543783,-0.010624501756407397,-0.010304348497546034,-0.0022160087370118836,-0.006641575855209817
l0,411,0.0029326676166974456,-0.00018016399807178592,0.0031322646596567724,0.002709891428553878,0.006068678376650918
l0,412,0.0073170269528235205,0.015737871529139927,0.0016678549027133445,0.007694942700890243,0.0041674386785505654
l0,413,0.007030882326864028,0.0063996794252284455,0.015979461776466822,0.0024490000564743658,0.0032953880492864783
l0,414,0.0018793259422444678,0.012176080802034027,0.0021008645618607377,-0.0013720215346003759,-0.0053876200603165175
l0,415,-0.003860113294637045,-0.009403183293131704,-0.002522847664454749,0.0006107530952384772,-0.004125175316200205
l0,416,0.0007452971634448568,0.0015040286209048492,-0.00885494666486671,0.0055676405263412575,0.00476446617140003
l0,417,0.004316883508422285,0.009481351035022283,0.007801051838393139,0.003562984856611109,-0.0035778536963373916
l0,418,-0.0005433726989211227,0.0058407204067190445,-0.00914140175684984,-0.00366848963945156,0.004795680193897865
l0,419,-0.0016696773865799198,-0.006208854791547024,-0.0034585566861624092,0.0019977781933486387,0.0009909237380411155
l0,420,0.004869075526500979,0.017160104042495575,0.0013456002661185922,0.0002586043453414774,0.0007119934520482699
l0,421,-0.00350015802769324,0.005658854999011284,-0.010190798087825132,-0.005562519437796329,-0.003906169584162782
l0,422,0.0008020094277271055,0.0072217716705149475,-0.0024056795819445836,-0.0025786070007995515,0.0009705526231376098
l0,423,0.003088091190438175,0.00227165702742246,0.001206075770607402,0.005557067963382168,0.00331756400034067
l0,424,0.006351474493298007,0.003305477729728495,0.01303089958724997,0.0004868290816233897,0.008582691574590174
l0,425,-0.005880057313686536,-0.01741654536832874,-0.0021578662612063465,-0.002349952730539053,-0.0015958648946720073
l0,426,-0.00016985768037760553,0.0035131108236321706,-0.00029322579924882943,-0.0023149112257949073,-0.001584404520098856
l0,427,-0.0014594992917623957,-0.0063152481449943116,0.006758459582388432,-0.002510052257312813,-0.0037711563471308903
l0,428,-0.0029597710227227125,-0.014007471969014104,0.0007398857337361361,-0.00036007828933311704,0.0017885804337202345
l0,429,-0.001070324381180616,-0.013982227296943973,0.009701158924978824,0.0011913098247791519,-0.0011915389775364676
l0,430,-0.0012929370932053365,0.0054786244023810856,0.00017716427284581848,-0.0036965237188484913,-0.007131013329199759
l0,431,-0.0016549369954426334,-0.020782925706906017,0.01657771618474235,-0.0006398197593150221,-0.0017747187002918438
l0,432,-0.003436307325331876,-0.009201002921909812,0.001957937218385767,-4.783753922506245e-05,-0.006454326058578396
l0,433,-0.0001075448219262521,0.007591639966877161,-0.0157793884283455,-0.0005388025645142146,0.008296371738277545
l0,434,-0.0032805419715632098,0.004072040600908987,-0.009100976999971035,-0.003380019728571877,-0.004713211758618914
l0,435,0.00171075025313553,-0.007529594451220894,0.013866852918188757,-0.001375504268820114,0.001881246814394371
l0,436,-0.00701905764916761,-0.013165236974771526,-0.004764940702987929,-0.005645020497034902,-0.004501032421876081
l0,437,0.004287912608513671,0.006716315277676593,0.008436657287453648,0.003292545601124783,-0.0012938677322003385
l0,438,-0.003900587311895588,-0.009571923366793697,-0.012506142961338557,0.0005959115567599985,0.005879805523789903
l0,439,-0.0021583723018922716,-0.0037577758239415054,0.0010893432898204801,-0.0033899500279873495,-0.0025751066454607115
l0,440,-0.007474686443241835,-0.013207345864739158,-0.008834203876217521,-0.00037296553791540265,-0.0074842304940952575
l0,441,-0.007777556469542967,-0.016518232313856008,-0.01045316955797903,-0.003907538077999768,-0.0002312859283370623
l0,442,-0.0002252338912513501,0.006305343285227144,-0.006479174714568065,-0.004887320637221271,0.004160216501556792
l0,443,-0.001044483612420718,-0.013678407288928189,0.0005311981969419741,0.001152535689575986,0.007816738952727355
l0,444,-0.003958056169040895,-0.01674524361503236,0.007066695055272897,-0.002438507238571024,-0.003715168877833095
l0,445,0.0011484836367453054,0.010572360613396333,0.005161274627986474,-0.006345822499607376,-0.0047938781947942065
l0,446,0.00388800689200694,0.004447800837508991,0.00715475562500297,-0.0015988443548125993,0.005548315460328399
l0,447,-0.0005051460807904472,-0.004903212588032717,0.0032482927712486997,-0.0006443409208257074,0.000278676414447936
l0,448,-0.0015229385893713637,-0.014923168244033353,0.0014695728391326199,0.0004257712103852766,0.006936069837030001
l0,449,0.00027379683513810123,0.004107395841692502,-0.008075519189109086,-0.0036594161260556962,0.008722726814024685
l0,450,-0.0020718117223795128,-0.017143289826753113,0.005453400745606175,-0.0034113657489230342,0.0068140079405519215
l0,451,0.004816262475563762,0.007846545025166348,0.007436518448886882,-0.0060042670568016005,0.00998625348500342
l0,452,-0.002451545708350412,-0.002531485462121771,-0.001304316177198757,-0.002448369967717743,-0.0035220112263633775
l0,453,0.00241955231370565,0.009481169922859946,0.015857111097522133,-0.007248438077353462,-0.008411633688206015
l0,454,-0.0020561607220879654,0.00455348176446184,-0.006369837582255147,2.8493417301304934e-05,-0.00643678048785986
l0,455,0.0016090368679916177,-0.006588668017191223,-2.652581304415187e-05,-0.0009712429744902218,0.014022584276692068
l0,456,0.0002630169302263689,-0.004615406329451746,0.0041467674653848435,-0.0004537236766853417,0.00197443026165772
l0,457,-0.005730600559393076,-0.013975320744068874,0.0010713158830565161,-0.0025796399631693124,-0.007438757413390634
l0,458,-0.004091401917189484,-0.013306631565120668,-0.0007624311032130736,-0.00301118163178522,0.0007146366313610257
l0,459,0.0025483910274303623,0.014108479092698661,-0.002343915889664856,0.00047950858395256004,-0.002050507677264915
l0,460,-0.0012433842042865362,-0.0002814086575659222,-0.001372436944194411,-0.003963677675336313,0.0006439864599505026
l0,461,-0.002092854167120107,-0.0010286276624794236,-0.0002976054764910574,-1.7994320625435074e-05,-0.007027189208884513
l0,462,-0.002905426104026316,-0.012681109343795,0.0062182772032306054,-0.006349930067910823,0.0011910577923699556
l0,463,0.002050382204720514,0.008683407523132958,-0.003252759979521609,0.0014569150624685926,0.0013139662128021133
l0,464,-0.00381560680068976,-0.012542222833381956,-0.002339156144058433,0.0013275347343205332,-0.0017085829596391836
l0,465,-0.003029837263333236,-0.01576862149748944,0.0031133649389058723,-0.0027205082984897355,0.003256415803740358
l0,466,-0.003451810650891083,-0.00019571756025203572,-0.007954495822259933,-0.0022766463903152,-0.0033803828307371634
l0,467,0.0024536745623413027,0.0063393736187144925,0.00525792160178838,-0.005169804046874173,0.003387207075736511
l0,468,0.00011866634739378769,0.009263145697925263,-0.010071697110141196,0.006880112360931767,-0.005596895559140684
l0,469,-0.0006542574572342551,-0.005328867718023508,0.007637045925008538,-0.005848041563859941,0.0009228335279378912
l0,470,0.0035316153787951876,-0.0017541889492101153,0.007366945332506859,0.0037590114851020623,0.004754693646781945
l0,471,0.007734064288986497,0.013962036668142561,0.00992468448869845,-0.0006576532281260798,0.007707189227231053
l0,472,-0.0049016709951251085,-0.013648311918880726,-0.0003168440470718095,-0.002261381444913655,-0.0033801465696342427
l0,473,0.0015473995867460177,-0.0013360629365405502,0.00305420693300571,0.0032942463472628606,0.001177208003256051
l0,474,-0.0019824852967745992,-0.0003616195701972593,-0.0010467677684259285,-0.005390648788286005,-0.0011309050601892045
l0,475,0.004324604160818521,0.0059574230632010155,0.009358719315303354,0.002625388828963316,-0.0006431145641936014
l0,476,-0.000484770339420966,-0.005565502104390246,0.015051984056351945,-0.004713485811834628,-0.006712077497810934
l0,477,-0.0016353364509049508,-0.018651326925488182,0.00112654928085976,0.0030710314680684027,0.007912400372940217
l0,478,0.006009790369565915,0.01112655675908928,0.0035740074163546176,0.0028440040136029692,0.006494593289216793
l0,479,0.001869373765477113,0.003298078369939647,-0.004220012867025934,0.0009926916221175593,0.00740673793687718
l0,480,0.004870576454739442,-0.004295669542895669,0.011078844672705566,0.002353805762056577,0.010345324927091292
l0,481,-0.0010402471425451183,-0.004294967657273196,-0.006517381890782532,0.005710673047445015,0.0009406879304302399
l0,482,0.002248550945376789,0.020551866499939075,-0.006152565179229034,-0.007555291151111426,0.002150193611908541
l0,483,-0.005861832740757973,-0.015165982577480547,-0.006118684028017631,-0.0035593361740003443,0.0013966718164666332
l0,484,0.0017550710231916478,0.005106546300284736,0.003714519262207717,-0.003303075366852974,0.0015022938971271118
l0,485,-0.003433941699271543,-0.013072115120466365,0.0009348565470974062,-0.0013298809081910854,-0.00026862731552612824
l0,486,0.004446008309202882,0.012570984617720996,-0.004072409760523162,-0.00029460876139950196,0.009580067141013195
l0,487,0.0048147562692560444,0.009657182349379529,0.0058464428698848745,-0.005009679086741713,0.008765078944501487
l0,488,-0.002052290948084153,-0.009021232234356212,0.005983363973202014,-0.0018074297059811695,-0.003363865825201243
l0,489,0.004955691899750878,0.012212508346718812,0.005034496783078144,0.001045934281543308,0.0015298281876632467
l0,490,0.000988502709102973,0.012168304577676285,-0.0035112171682737474,-0.005817851292901268,0.0011147747199106235
l0,491,0.00723234429474179,0.010096428019564717,0.012330891745833565,0.0014000624462060856,0.005101994967362794
l0,492,0.0003762877081080573,0.006873429146355855,0.00040430550505665013,0.0013300087698423875,-0.007102592588822664
l0,493,-0.0023705689421559925,-0.012936722241656987,0.0066641541353637986,-0.008245890967599465,0.005036183305268683
l0,494,-0.0002117078947692358,0.009248208164986697,-0.004748609711830666,-0.006405750399059669,0.0010593203668266943
l0,495,-0.0043152857083076975,-0.012030544623341482,-0.0025273575189579526,-0.006289025885386909,0.0035857851944555525
l0,496,0.0035811484061054966,0.0032731252231720945,0.015146295450682508,-0.0033878306029098736,-0.0007069964465227447
l0,497,0.0011046633977682971,0.0010661347555463291,-0.00023825651094058612,0.003289929877399363,0.00030084546906808206
l0,498,-0.0024495978262469745,-0.016483087870586693,0.0030814968763902945,-0.00440931033094834,0.00801251002015684
l0,499,0.0024437531631154867,0.0075907608432292505,0.004887334748474329,-0.0025353853259716935,-0.00016769761326993943
l0,500,-0.004598856985237142,-0.023155225072274896,0.002117649307436233,-0.0029654162448262238,0.005607564068716321
l0,501,-0.00540787212468261,-0.01874422779498716,-0.0061900978450842815,-3.603003635512794e-05,0.0033388671776961314
l0,502,-0.00038811259540258,-0.014729575316875623,0.012667927313415017,-0.0012088095899799947,0.0017180072118302804
l0,503,0.0012324081389953694,-0.01523494462291536,0.007895252586309522,0.0023141221463486845,0.009955202446238631
l0,504,0.004151898946939095,-0.0012437865945661172,0.010507995870808057,-0.002009296598820526,0.009352683110334966
l0,505,0.00034857575166496926,-0.009605772198183732,0.0032580102904656723,0.0032450426292206947,0.004497022285157241
l0,506,0.002901439608416492,0.005583410005340303,-0.001833863893121973,-0.0013781000969972613,0.009234312418444898
l0,507,-0.00015393932454181176,-9.453245770446952e-05,-9.820773278100374e-05,-0.00039237412075825194,-3.064298692352185e-05
l0,508,-0.0001346486311970699,0.0075733922332137105,-0.007983609573615156,-0.006280577369302077,0.006152200184915243
l0,509,-0.0012038549608019496,-0.019849729437030193,0.011057357617761167,0.0018331230123275072,0.0021438289637337213
l0,510,-0.0018880454767198275,-0.0149431939007449,0.005425798767891575,0.0040750416283876776,-0.0021098284024136642
l0,511,-0.0010389241535682533,0.007629301390112601,-0.004694764958074597,0.0026223136197994616,-0.009712546666110478
l0,512,-0.004686346754970586,-0.02402055565626469,0.005979992583366381,-0.001642050561972212,0.000937226614988173
l0,513,0.004016351160296492,0.002277437931505735,0.013386263804178962,0.0022737831957900297,-0.0018720802902887593
l0,514,-0.0039312384806374865,-0.015953985496878167,0.00015552882801938292,0.0016061588833717853,-0.0015326561370629472
l0,515,0.003297051427916849,0.017386328831781685,0.009013926832296022,-0.006943671223431497,-0.006268378728978813
l0,516,0.00404182429576823,0.012666451054766924,0.008510348126152579,-0.006190537646722156,0.00118103564887557
l0,517,-0.002132553839414861,-0.008046939801037135,0.0066810315352774634,-0.003459221629012791,-0.003705085462886981
l0,518,-0.001970786404473057,-0.011799486386239585,-0.00835600655162927,0.0031789000876145234,0.009093447232362103
l0,519,-0.0014061516471738534,-0.007490049071867517,-0.0007396781672345755,-0.004455165131415473,0.007060285781822151
l0,520,0.0007872421031577829,-0.0009266463624927453,0.015033996263645204,-0.005979390322139807,-0.004978991166381519
l0,521,-0.004744556413133389,-0.014610657536726395,-0.002920981380276813,0.002508613157695217,-0.003955199893225567
l0,522,-0.002639263843318398,-0.015457787718375662,0.005647698104278728,-0.003865230682821062,0.003118264923644404
l0,523,-0.0020559381155873194,-0.007150740479883135,0.004800384274858032,-0.007541326867696992,0.0016679306103728159
l0,524,0.003205472733729505,0.007121063764573717,0.005004879125754205,0.005233843279241781,-0.0045378952346516845
l0,525,0.004301911813427768,0.013112844998072939,-0.0013611715045792059,0.005599130086885047,-0.0001431563266677036
l0,526,-0.0023476720261045034,-0.00039690950984085983,-0.0035453950322699417,0.0012587464999101405,-0.006707130062217353
l0,527,-7.054559009259066e-06,-0.003574986447168099,0.005778774189915142,0.0032800960713751945,-0.005512102050159274
l0,528,-0.004646782049096899,-0.013733522846399235,0.00045345249468518075,0.0007306872732792938,-0.006037745117952834
l0,529,0.002346633934487082,0.011544874794030555,0.002225928116523835,-0.00478067986917045,0.00039641269656438756
l0,530,-0.0021753866414000625,0.008157788451005621,-0.00966513915390554,-0.0034862250794301455,-0.0037079707832701845
l0,531,-0.005247121859992296,-0.013834407016808938,-0.005214363506656324,-0.0020925508315260887,0.0001528339150221698
l0,532,-0.0030384224045328515,0.004950509174238363,-0.0064435604022364335,-0.004874987567122289,-0.005785650823011046
l0,533,-0.004011148342582244,0.0007589625538639627,-0.004974509630916289,-0.0046524157563724465,-0.007176630536904201
l0,534,0.0006665725974704964,-0.0018139104902067309,8.139286074926116e-06,-0.0003353016964619341,0.0048073632904757245
l0,535,0.0008146317114913328,-0.0009382054678587241,0.0018278196033279831,0.0026272406456054782,-0.0002583279351094064
l0,536,-0.0026844511212789305,-0.005631859510227413,-0.00848011211963286,-0.0024493317164498494,0.005823498861194401
l0,537,-0.005406445070507979,-0.016046107333998263,-0.003893437706605404,0.002919956807296938,-0.004606192048725185
l0,538,-0.0031851861192678955,-0.00940201041683132,0.002202785172622611,0.0019224153416849052,-0.007463934574547779
l0,539,0.0028875586681346597,0.014251417610786753,-0.006113452592067186,-0.0012620495731979534,0.0046743192270170255
l0,540,0.00018296956669144036,-0.0022153047764976006,-0.006027036359001339,0.003422004408736135,0.005552214993528566
l0,541,0.0012556551478995134,0.0066260684120746875,0.004806655987894059,-0.004348314074244095,-0.002061789734126599
l0,542,0.0011071494439043972,-0.015311706602473281,0.0033060931471900015,0.005867238388456377,0.010566972842444492
l0,543,-0.0025182760238030353,-0.009053832283835928,0.00026264796179679625,-0.0015553572234361952,0.0002734374502631861
l0,544,0.002118617701018255,0.008460303303798709,0.004367267034229876,-0.003495749617633126,-0.0008573499163224391
l0,545,-0.003761480262026569,-0.014438081806116226,0.002361725257116935,-6.841097766624156e-05,-0.002901153521440745
l0,546,0.0010068141059146494,0.012740080533357958,-0.0028321711419587634,-0.0019520835484419798,-0.0039285694192986165
l0,547,0.0018352392498836175,-0.005650182704528835,0.008303101032168246,-0.0032235681428600823,0.007911606814755142
l0,548,0.0059819536734141004,0.007462222369069003,0.014421233039011152,-0.0005202173900867748,0.0025645766756630223
l0,549,0.00014508442872043315,-0.00197660081362921,0.00024624392588241863,-0.00031220948214097876,0.0026229040847695023
l0,550,0.005460017028418288,0.016534659154083423,0.0054255092509464965,-0.005016384471915916,0.0048962841805591465
l0,551,0.001657781738914902,0.006243652666309161,0.004225859744475992,-0.004072516231609924,0.00023413077648437965
l0,552,-0.0010269608754115906,-0.0018075803144852957,-0.0034705619068733295,-0.0020137420029670648,0.003184040722679328
l0,553,-0.004897377367247654,-0.012063568522347766,-0.005753543706199898,0.00015353001555642857,-0.0019259272559993836
l0,554,0.002531256360518744,0.011230292826132512,0.009691287888177896,-0.003741417007640835,-0.007055138264594594
l0,555,0.0028827713538376984,0.004842663585814799,-0.004162087036889827,0.007702482479408639,0.0031480263870171817
l0,556,0.0005287510554015226,0.008338722416657,0.0005561242223452209,-0.006860239113987631,8.039669659150068e-05
l0,557,-0.00436565115390977,-0.005978355346529117,-0.012586755463187948,0.0035245193125219496,-0.0024220131184439653
l0,558,-0.0005609677268383302,0.006067737713016967,-0.006610253216361554,-0.0004111356110833204,-0.0012902197929254135
l0,559,5.039925526423555e-05,-0.003010437846571721,-0.007383209501419684,0.004218535573568669,0.006376708795479679
l0,560,0.0009449091932755282,-0.009526774089090287,0.0029531532373966137,-0.002994738815994415,0.013347996440790202
l0,561,0.005108771962631516,0.0036638177603007284,0.006042259717983844,0.0024337764987764315,0.008295233873465062
l0,562,-0.0016023873545879834,-0.004541080205571734,0.002239864173837886,-0.006439195438446315,0.002330862051828229
l0,563,-0.005913923473134417,-0.019912009286552308,0.0017190114392806632,-0.008614349654801564,0.0031516536095355418
l0,564,-0.00029113423244845965,0.010697857826904127,-0.0062771665244427,-0.004363272416096253,-0.0012219558161590126
l0,565,0.005345442535823008,0.006933821763304332,0.004336004179363185,0.0019850861223259944,0.008126858078298521
l0,566,-0.003283954485018433,-0.0077286022884093695,-0.008606504054227835,0.004071827765056619,-0.0008725393624931444
l0,567,-0.0049949005641045105,-0.005753082201980883,-0.007884073961598221,-0.001283312055144069,-0.005059134037694868
l0,568,-0.006999519739097828,-0.014566427662109289,-0.0015209751758554861,-0.008123513185848336,-0.0037871629325782036
l0,569,-0.007883149310590983,-0.020563836429387257,-0.006011137388030634,-0.0034550132123534385,-0.001502610212592596
l0,570,0.0036739896386771198,0.012093718088521003,0.0085860104859767,-0.00688719585088225,0.0009034258310930271
l0,571,0.0009201880423502933,0.010503319340732427,-0.0019987764609286,-0.007549446772538096,0.0027256560621354412
l0,572,0.003640831082801482,0.008938791368389714,0.007539101235974144,0.002302514115106117,-0.004217082388264048
l0,573,-0.001997355077219272,-0.012017021266601795,0.0003591184392588429,-0.0014479129142699488,0.005116395432735814
l0,574,-0.00722088832420952,-0.011246199555405408,-0.009489247868902193,-0.004099317861915288,-0.004048788010615194
l0,575,-0.0028865809542866707,0.0024259909924358807,-0.007242034562121914,-0.0057797736052617645,-0.0009505066421988845
l0,576,-0.0018693430293629542,-0.012146681350019563,-0.0021634246096246543,0.005000766993199778,0.0018319668489926236
l0,577,0.0033139908487148364,0.014974428695845927,0.00461024865263174,-0.005857564033972688,-0.00047114991964563474
l0,578,-0.0016443861444592476,-0.006193791405092849,-0.005151922585833595,0.0055483619292378715,-0.0007801925161484181
l0,579,-0.0016080115962583304,0.0073067772643957635,-0.007649314054855754,-0.005275898515033168,-0.000813611079540162
l0,580,0.006276713351521959,0.006487188382629624,-0.0014782962550562808,0.007326875941153584,0.012771085337360906
l0,581,0.003504269976647997,0.011176542970078085,0.005160698066311062,0.0023418512217074187,-0.00466201235150458
l0,582,-0.0042089871727943665,0.00022971446939947199,-0.009941367209139929,0.002358824739683802,-0.009483120691120811
l0,583,0.0007288876939704058,-0.0006336348292766093,0.012235774625323612,-0.009841418828810643,0.0011548298086452625
l0,584,0.0033777047885935273,0.011923049415475485,0.0005995054102918371,0.005340568418997594,-0.004352304090390809
l0,585,0.002628174430156599,0.010596407073774213,-0.0009280785834696232,0.005555033194357599,-0.004710663964035791
l0,586,0.00034720055544201073,-0.015971467642351172,0.01033045898656934,-0.0008732594166457001,0.007903070294195574
l0,587,0.004072285250305942,0.0023225642803736983,0.007046341320238363,0.005386508617302324,0.001533726783309383
l0,588,-0.004869497996304988,-0.0026755933029817694,-0.002451510756952297,-0.010652396300986949,-0.0036984916242989324
l0,589,0.003422987516393787,0.008242919142350346,0.013136703361336953,-0.002147773374522065,-0.005539899063590088
l0,590,0.005872922334956272,0.011123875967774057,0.005355312921835297,0.0056356716348516,0.001376828815364135
l0,591,0.0024956867157341837,0.003111619764693022,-0.0008017011806124905,0.0027480872184306847,0.004924741060425519
l0,592,0.0012292746344300524,0.004085880691669491,0.006936258241266757,-0.002081073094632805,-0.004023967300583233
l0,593,-0.0035538867478104464,-0.011921710493879226,0.00601071452334742,-0.004452128726209461,-0.003852422294500519
l0,594,0.0015427293610558396,0.009121269392982845,0.00789787555894573,-0.005646680747877644,-0.005201546759827576
l0,595,-0.0077825299881427125,-0.021243338111393777,0.005710920222896844,-0.010166150455804653,-0.005431551608269264
l0,596,-0.004077638233335268,-0.012603306915445858,0.0006463624793907538,-0.0012050148495562254,-0.003148593647729744
l0,597,-0.0017226565283440908,-0.006628485304254304,-0.0028391112168675743,0.005648393528053471,-0.0030714231203079565
l0,598,-0.0015441120981094856,-0.013243916702850257,0.010172229572775544,-0.006915775695025692,0.003811014432662463
l0,599,-0.0007867202271179222,0.008615678142501186,-0.004283722115338791,-0.006466228391779628,-0.0010126085438544562
l0,600,-0.00331354136088714,-0.01009444778064663,0.002055941744339149,-0.0049968484019474665,-0.00021881100529361208
l0,601,-0.0021482702997815415,-0.01385897612665346,0.01007114233774653,-0.006725495573725069,0.0019202481635058341
l0,602,-0.00043531555827595913,0.0037778827339635993,-0.001868592511480452,-0.003486714394319888,-0.0001638380612670958
l0,603,0.0018219851195275063,0.0033933312087234485,0.002011923597433199,0.00011339296621043951,0.001769292705742938
l0,604,-0.004420177155276545,-0.009791066581946855,0.009029088889497636,-0.009719503402536755,-0.007199227526120208
l0,605,0.0016175191316452015,0.013269069653490676,-0.0075233379478683625,-0.0033563008258432787,0.004080645646801771
l0,606,-0.003792989323135135,-0.00802056229872732,-0.008791104700554917,-0.0035599652045240067,0.005199674911265703
l0,607,0.002691713586066932,0.013143548706834214,-4.807667245858207e-05,-0.005513047032798115,0.003184429342690212
l0,608,0.0009428575657668499,0.015488999566966432,-0.010698561675461073,-0.007026934029115486,0.006007926400677527
l0,609,-0.0020420943712025283,-0.011509604796435178,-0.0004686658860191973,-0.0019984837426876823,0.005808376940331946
l0,610,-0.003337350771116521,-0.014311615252699108,-0.002368223149147749,0.006697790932376106,-0.003367355614995333
l0,611,-0.007897137157892482,-0.02336516196978948,0.0007117792992748842,-0.004227277207194442,-0.004707888753860894
l0,612,-0.004203245344126596,-0.003045102774731686,-0.014114637062028184,0.0021603320311007505,-0.0018135735708472646
l0,613,0.004331847718686531,0.016712977057953358,0.006849465000671859,-5.65828514846314e-05,-0.006178468332394462
l0,614,0.003291969868793725,0.0019726417129349717,0.007581485458492268,0.0020567682633589835,0.0015569840403886752
l0,615,-0.0034195702033734993,-0.014919862033231753,-0.0024665951881720546,-0.006588869718299636,0.010297046126209445
l0,616,-0.0004986175536302771,0.0020883837628747383,-0.0009690644854405869,-0.0010181986028333972,-0.002095590889121862
l0,617,0.005119307827370371,0.013568054253115587,0.01203643932036789,-0.006332865466704835,0.0012056032027028428
l0,618,-0.003915249737448919,-0.009530291686119153,-0.007327035981113287,0.0016583638002327077,-0.0004620350827959416
l0,619,0.003071924492288147,0.005214527509004106,-0.0020561205959943943,0.0016797826534675365,0.00744950840267534
l0,620,1.9441969200358674e-05,0.000990514196337025,-0.007150245091862728,-0.002219654635945904,0.00845715340827304
l0,621,0.0006431635986867163,-0.0003996385921446393,-0.007710719142327285,0.0057291939011438284,0.004953818228074961
l0,622,0.002603035024522409,0.005063187617262516,0.005573720973279827,-0.0009920980419451612,0.0007673295494924545
l0,623,0.00171086438812222,0.013799219501946099,0.002647419790729341,-0.006907153774168794,-0.0026960279660177646
l0,624,0.0001381470102096811,0.014555682246222033,-0.0051262531193055644,-0.010837979862096524,0.00196113877601878
l0,625,0.004691868058541791,0.012450490277412492,0.008421654012515878,0.00026243211840544875,-0.002367104174166651
l0,626,-0.0015707164228664853,-0.009286466752164622,0.00408389435371856,-0.0026424707773686136,0.0015621774843487353
l0,627,0.005569877704847475,0.0061095834665929084,0.009480102565222196,0.001089361371852279,0.005600463415722514
l0,628,-0.0024738642136738053,-0.002759476902816485,-0.008982308064823814,-0.0033154453200434394,0.005161773432988518
l0,629,-0.004685412860755315,-0.01326147543846404,0.0030769250948958367,-0.0070920569236086976,-0.0014650441758443608
l0,630,0.000639224692742125,0.016133188240783296,-0.007911915041140546,-0.00695674975352456,0.0012923753248503108
l0,631,0.009636046382321458,0.013520193787868218,0.016174197278609463,0.0014059175438311759,0.0074438769189769756
l0,632,-0.0030638960797055516,-0.015968562110651067,0.0014454503320740163,-0.0014327713858061514,0.003700298845560996
l0,633,0.0031204758257782996,0.010817080504548462,-0.004652823517426597,0.0033211109158431174,0.0029965354001482165
l0,634,6.792206969045831e-05,0.010648993001837416,-0.009408137297293548,-0.000838450016534932,-0.00013071740924710325
l0,635,-0.0015498737594974036,-0.006561445974568113,0.0012692312289099253,-0.0006524173831717829,-0.0002548629091596428
l0,636,-0.00015174080832687156,0.007519833701027474,-0.011601064325609239,0.0040265203530041,-0.0005522529617298219
l0,637,0.001969214399604728,0.0037279652888696055,0.013066431358204128,-0.004316158651581064,-0.004601380397073759
l0,638,-0.005646006378297224,-0.021854629858468495,-0.0033940219820220146,-0.00016485406895819227,0.0028294803962598068
l0,639,-0.001050007883023449,0.0009181463025879017,-0.0005531807061858222,-0.004012648777850731,-0.0005523483506451453
l0,640,0.002735708678211677,0.0037597459010823503,0.005648990898777727,-0.004048245369540033,0.005582343282526661
l0,641,0.0033060442302038423,0.007292757652948279,0.000156376059484575,0.0030405331526761497,0.0027345100557063648
l0,642,-0.0023219932428439564,-0.004095193390271383,0.003207049340097436,-0.006229465531929417,-0.002170363389272461
l0,643,0.0015077071969991037,-0.0004996372775657489,0.007645047781582494,-0.0006762023056162977,-0.0004383794104040324
l0,644,0.003092587593073557,0.003529159844773035,0.011426639378280371,-0.0004353670192844745,-0.002150081831474705
l0,645,-0.007094637485904397,-0.013629788230711308,-0.0025657774651490937,-0.005666735986098401,-0.006516248261658785
l0,646,-0.00726403406249329,-0.021860799615414254,0.0018218129782430295,-0.004417442238114837,-0.004599707374687098
l0,647,-0.007266078531497255,-0.017585815200549932,0.00850811049280106,-0.010738380716521407,-0.009248228701718741
l0,648,0.005807007245383681,0.014817579301505015,0.005130110097432468,-0.0024274801424376043,0.005707819725034844
l0,649,-0.004006480538574061,-0.010025199189429637,-0.008440712270143076,-0.00032906930668888254,0.0027690586119653556
l0,650,0.001692275456058777,0.011202447193135245,9.614873050583855e-05,0.0010086164216986612,-0.005538110521104637
l0,651,0.0008624530574809352,-0.0005911325231796986,0.00649321311048567,-0.0036801941625899245,0.0012279258052076934
l0,652,-0.0027330638142504327,-0.007161615032459247,0.006321541829237181,-0.004161032801172455,-0.005931149252607209
l0,653,-0.0021714763827616703,-0.010839688605335556,0.004195561883489513,-0.001685386047370773,-0.00035639276182986474
l0,654,0.0007581898629423439,-0.005500207642234504,7.337143633827934e-05,0.003158411765043145,0.005301183892622455
l0,655,-0.0026066626465462836,0.004078992860563567,-0.0034744162255349684,-0.007249062645335498,-0.003782164575878235
l0,656,0.0007473839310171493,0.009401608412862021,-0.008685353580233732,-0.0039735011640126845,0.006246782055452993
l0,657,-0.0005949105775342176,-0.008419333952208133,0.0009821922268812258,0.0014852512050966846,0.0035722482100933525
l0,658,-0.00658121141147607,-0.022124242974755206,-0.01008018580486485,-0.0005471827784837859,0.006426765912199558
l0,659,-0.01007213714437605,-0.018065827781997515,-0.009347378471604818,-0.004069439121968815,-0.00880590320193305
l0,660,-0.004278082084998151,-0.01692719486173607,-0.008479539180362044,0.006195706385974033,0.002098699316131481
l0,661,-0.006507685095747871,-0.025275205634696273,-0.002712959520565957,-0.0030609092545253918,0.005018334026796139
l0,662,0.0007894426443559887,-0.005930663727838211,-0.0035761571715286133,0.0013382003883789652,0.011326391088411812
l0,663,0.004338294453737934,0.00745877176944759,-0.0038520776768071314,0.004998937843105253,0.008747545879206021
l0,664,0.002078878669924983,0.010313659173203754,-0.0037017113432915136,-0.0004987400515169414,0.0022023069013046314
l0,665,0.0018590725332226026,0.01278344623858379,-0.0055573063273557655,-0.0032143352105445024,0.003424485432206888
l0,666,-0.007374051477477843,-0.014944209836643374,-0.00567074752672609,-0.008999130671461845,0.00011788212491993587
l0,667,-0.002194230148006339,0.006836089102662015,-0.008540959307804491,-0.0020079970907049597,-0.005064053296177921
l0,668,0.00308209032127626,0.010235575666764989,-0.0021840458153935295,-0.005566482517439798,0.009843313951173377
l0,669,-0.001370171251126792,-0.00842266468271229,0.00993499079632826,-0.0035676896806433765,-0.0034253214374797615
l0,670,-0.006773506362688588,-0.00997910410686347,-0.008538643274891913,-0.005042633547094158,-0.0035336445219048083
l0,671,0.0016264624096189967,0.006065243817779382,0.005652094223240841,-0.0028367471279295642,-0.0023747412746146727
l0,672,0.00047997546634576376,-0.0006723553872349051,0.009976486590708692,-0.005038324626353204,-0.0023459047117375276
l0,673,0.003592206758301029,0.01382200883982159,0.0035776281125102553,0.0003809193101347812,-0.0034117292292625127
l0,674,-0.00045507797160808925,0.003336683843591588,0.0025838373362080504,-0.0007175503039453631,-0.007023282762286633
l0,675,0.00420404602592701,0.012169435937729369,0.005744139639791576,-0.0007803825339854782,-0.00031700893982742825
l0,676,-0.003948333281326439,-0.009575751498134335,0.0007959769964651499,-0.0006383042107953624,-0.006375254412841209
l0,677,0.0006359509272054825,0.00404215247492084,-0.004321536537543069,0.001501640003149523,0.0013215477682946358
l0,678,0.008257940123991198,0.00831439620770901,0.012918720784018808,0.002735667321465831,0.00906297618277114
l0,679,-0.005353891090898001,-0.012802553656083607,-0.002686510210139043,0.0013090508115121942,-0.007235551308881548
l0,680,-0.0006605257549286026,-0.01426010461166243,0.002603496125751121,-0.00045424810866194097,0.00946875357485884
l0,681,0.0009763170623325725,0.0015680692507158717,-0.00021098540768250848,0.0018796593733160804,0.000668525032980846
l0,682,0.0019885949311043783,-0.006861063327946228,0.00895513170576613,0.003771710659072053,0.002088600687525559
l0,683,0.0025308295339657397,0.0010513967117706784,0.00919001902392696,0.002057741925908195,-0.0021758395257428747
l0,684,-0.0007651880731458817,0.004664377663251056,0.003159948545856785,-0.003504628879099939,-0.007380449622591429
l0,685,0.0025799892437725434,0.009853870252561042,-0.0004233901823547594,0.0022029791015543976,-0.0013135021966705072
l0,686,-0.0035551717718324567,-0.011077743809561095,0.0024040303052447597,-0.0068806547413475215,0.0013336811583340295
l0,687,-0.0075806190593368985,-0.018792259490881483,-0.011499786010417923,0.002363883445288515,-0.0023943141813367007
l0,688,-0.008373653109122046,-0.01720422489475143,-0.010122806664813003,-0.0017881254912079656,-0.004379455385715788
l0,689,-0.0021707927510377437,-0.007457838972249733,0.0003593540915756252,-0.005617942983591574,0.0040332568601147084
l0,690,0.004074603110104363,0.0023885480887261665,0.015663419359023704,0.0005021895021933846,-0.002255744509525805
l0,691,0.0019613848861304082,-0.009270169087397613,0.01340074689773085,-0.005340209052035824,0.00905517078622422
l0,692,-0.004569154923231209,-0.014581181220152202,-0.006313979093439907,-0.0026950618088174474,0.005313602429484719
l0,693,0.0023380136746905733,-0.0028430728446733515,0.0043777341780671854,0.0020072001801817348,0.0058101931851867235
l0,694,0.0016209498463730127,-0.007692156002011934,0.006718838147854452,0.0010043175320379224,0.00645279970761161
l0,695,0.0028244348513278414,0.002460381265246717,0.0052764143323770826,0.004949694509251829,-0.0013887507015642629
l0,696,-0.003519149118189382,0.0017361283995908092,-0.006143156542477896,-0.004124002800525009,-0.005545565529345431
l0,697,-0.002476183072711424,-0.015009941530458188,0.0031440165979409154,-0.0001229513413602775,0.0020841439830318557
l0,698,0.004795024799298345,0.011368228730612431,-0.004659263440556522,0.004219361511715558,0.008251772395421911
l0,699,0.0021325024183222823,0.0081086892448972,-0.005172145076590128,0.000738768417180968,0.004854697087801088
l0,700,0.0011472401926766918,-0.0028662731797584468,0.004926639765849995,-0.0016450181871772397,0.004173612371792458
l0,701,-0.00015402649456937377,0.007173866194689276,-0.002295605889779537,0.00016150289279380828,-0.005655869175981042
l0,702,-0.000660391027145193,0.01309423445764505,-0.008241029716555591,-0.002358046276948699,-0.0051367225727215315
l0,703,0.0051329089443982664,0.0025650555900592464,0.007134218708424522,0.003940764223941723,0.006891597255167574
l0,704,-0.0018504508413255336,0.0001643719373906965,-0.0016757744273142908,-0.00499457336454553,-0.0008958275108330103
l0,705,0.0001572004730013961,0.0014469678452043938,-0.00016957751977359544,-0.0006558932407062137,7.304807280999722e-06
l0,706,0.005895159013851289,0.0071184464314584415,0.017164492582576896,0.0023294373534430966,-0.0030317403120732837
l0,707,0.002908123157780645,0.009311819114650918,0.0024037133267346537,-0.001967839629056232,0.0018847998187932417
l0,708,0.0026054752224353795,0.006112697069822322,-0.004408205451625189,-0.002599844119740108,0.011317253391284494
l0,709,0.005458184149329233,0.006237478975667102,0.012262150358819255,0.003568377896572334,-0.00023527063374176462
l0,710,0.0024417566255382915,0.00879773964447466,0.005833764121723953,-0.0028880580673251843,-0.0019764191967202617
l0,711,0.0020664671731393186,0.012269922239345905,-0.00774416154408339,0.0010211478226839214,0.002718960174610838
l0,712,-0.005242851540169887,-0.01180310830267443,-0.00796386976392685,0.0035873615161169754,-0.004791789610195243
l0,713,0.006250099506538702,0.014004356777285067,0.00464397247760131,0.006414629755420981,-6.256098415255169e-05
l0,714,-0.0035032173502362266,-0.0017632176798601166,-0.004512315969470167,-0.0035286011527249335,-0.00420873459888969
l0,715,-0.0038098529215045574,-0.014072350359858946,-0.0036240413950515554,-0.0024464260245289846,0.004903406093421257
l0,716,0.002864709077987008,0.0027308035498697465,0.013796141416833406,-0.004231737918995454,-0.0008363707357596683
l0,717,0.004857773886558911,0.014424545445168566,0.004693953773366251,-0.002098055021829091,0.0024106513495299195
l0,718,-0.0008546873882088705,0.00038769824117473525,-0.0053443943090796826,-0.0040371599048669125,0.005575106419936378
l0,719,-0.0005364033456988768,0.005910017362118596,-0.009437455618583156,-0.0015970813459524975,0.002978906219621551
l0,720,-0.006613036987818695,-0.01800096483973046,-0.003925468546075995,-0.004452951813363381,-7.276275210494319e-05
l0,721,-0.0007941728865713403,0.009188297044275352,0.0009873487333420582,-0.004811241815190735,-0.008541095508712036
l0,722,-0.002745498145800198,-0.004241103279162744,-0.00956396342429334,-0.0010014186293555575,0.0038244927496108474
l0,723,0.0027903644429277895,0.012443168674805147,0.0026496054623676014,0.0016492842151853155,-0.005580600580646905
l0,724,-0.0031152491029115075,0.007750115358412047,-0.009710306297369263,-0.006763948152384043,-0.0037368573203047702
l0,725,0.001796132329272884,0.0032106756019979863,0.009337762679114079,-0.004643976015551546,-0.000719932948468983
l0,726,0.0017704692344099478,0.01044438223442832,-0.007732782353166362,0.0011429128453451752,0.0032273642110326574
l0,727,0.004492266710424956,0.00807726441007676,-0.0063281088162777804,0.004106106078483849,0.012113805169416996
l0,728,-0.002006034080269982,0.005944902112225313,-0.006017075737926392,-0.004113964775183422,-0.003837997920195426
l0,729,-0.0029125768471528687,-0.004302596780552961,-0.007406171034829346,-0.0032225018883373117,0.0032809623151081437
l0,730,-0.002873147352425602,-0.003433524157437687,-0.009056985132807076,0.002042496977504242,-0.001044577096961887
l0,731,-0.00086208792578043,0.004465466219865896,-0.006167906164397214,-0.0018016682693696969,5.5756510779294904e-05
l0,732,-0.004042182608715811,-0.016619223254489134,0.002068721023362727,-0.0010981431000069146,-0.0005200851037299235
l0,733,-0.0026813989940379494,-0.014399836693000103,-0.0073805942902601986,0.0015137420285769622,0.009541092978531543
l0,734,-0.0026489653199684242,-0.006438764636566654,-0.009079145744123942,0.00040237469321288775,0.004519674407604013
l0,735,0.003715060995550152,0.00850756827913056,0.016337522102360585,-0.00024041608737823098,-0.009744430311912307
l0,736,-0.0002978783078884931,0.0020154458097741083,0.0023365716843898846,-0.0038565758830051,-0.0016869548427128646
l0,737,-0.0022549604653227776,-0.0020059894925526004,-0.004352565518394703,-0.0017448678755902333,-0.000916418974753574
l0,738,0.00045051456083749705,0.006081482437720201,-0.0006622578438119989,0.00042789266466237617,-0.004045059015220591
l0,739,-0.0030806951161777537,-0.012946890933058713,-0.007604284585513355,-0.0012863579708770482,0.009514753024738101
l0,740,-0.0021580092328503395,-0.014549787395230428,0.011100325690390794,-0.004718334955780959,-0.00046424027078076574
l0,741,-0.006205436753262652,-0.017201116502069777,-0.0024151063217402314,-0.002298459388279492,-0.002907064800961106
l0,742,0.0028701041449504584,0.010082984721756361,0.0074376378692750725,-0.00281391204989032,-0.003226293961339279
l0,743,0.003258553536733933,0.0035703047341650723,0.007331188968559183,0.0002534061946059508,0.0018793142496055255
l0,744,-0.0021233662007780945,-0.008476189027614194,0.005246766477961082,-0.0010649687656618413,-0.004199073487797423
l0,745,-0.0039637103378248936,-0.0162104459668734,0.008148466583397494,-0.0033534845881517767,-0.004439377379671891
l0,746,0.0005356233308605186,-0.011122511061435858,0.0090840790715788,0.0006647115553281534,0.0035162137579709788
l0,747,-0.003576375054365517,-0.016778854950118483,0.0017664975603097575,-0.0027476490223219685,0.003454506194668624
l0,748,-0.0021615454525153316,-0.007691481494240575,-0.005195618489547005,0.0034411978309432777,0.0007997203427829757
l0,749,-0.006417763929673244,-0.017683710309845075,-0.0017754822591931649,-0.0028910819804751613,-0.00332078116917957
l0,750,0.00047062164618380466,0.0064490802955319915,-0.002581404854133614,0.0010466487313642624,-0.003031837588027422
l0,751,-0.001029063058246502,-0.012236178089474664,0.0041093325828375875,-0.0019873490106100213,0.0059979422842610895
l0,752,-0.004176339134305682,-0.014001538436324464,0.0015235569848033662,-0.0029104838680323744,-0.0013168912176692578
l0,753,-0.0005309298565619272,-0.004748245879041628,-0.0017283170843599561,0.00528954823431734,-0.0009367046971634643
l0,754,0.0024392758823776946,-0.009541671124687793,0.017206510600124347,-0.004834918156896392,0.006927182210970617
l0,755,-0.00642981378754596,-0.011827233336737556,-0.013349190697410454,0.0023468453780590886,-0.002889676494094919
l0,756,0.0014127638727070833,0.008418977864533278,-0.009835488512796442,0.002403872647767071,0.0046636934913244265
l0,757,-0.0043993831549609804,-0.012187378903402149,-0.0018463912125056786,0.003837618300895842,-0.007401380804831935
l0,758,-0.0015344794444468266,-0.011538210085899303,0.006803687308940409,-0.0007489628146237883,-0.0006544321862046237
l0,759,0.0049101778391948325,0.005252308301926843,0.010153916767433902,0.005012846308580983,-0.0007783600211624018
l0,760,0.0011043191232008721,0.003991945765819095,0.001332250261593075,-0.002906839269241816,0.0019999197346331353
l0,761,6.75420619932766e-05,-0.0031051543400078866,0.004901024088075669,-0.0017751523928536375,0.0002494508927589619
l0,762,-0.00551217759154202,-0.00924140062596065,-0.01521178988998013,-0.005301466998988927,0.007705947148761625
l0,763,0.0020701191952223977,-0.008869022244954493,0.013923459061585142,-0.004114122557207564,0.007340162521466507
l0,764,0.0003919296636092206,-0.009070030452894636,0.013802726663548582,-0.0014758816301774272,-0.0016890959260396359
l0,765,0.0020698547065545166,0.004564851208202282,0.0055433817501490965,-0.0030630885140541073,0.0012342743819207945
l0,766,-0.00016349134762105188,-0.0020696029140558716,-0.0003188997745470659,6.058314504142821e-05,0.001673954153077302
l0,767,-0.003374621920691008,-0.014158675873008718,-0.006127855762299116,0.006753952654742554,3.4091297801246346e-05
l0,768,-0.0018281779880654106,0.0044190678859130405,-0.0093884548965176,-0.0011995058934934034,-0.0011438190481636783
l0,769,0.0010571333494267974,-0.0019872777235849207,-0.00291454841910731,-0.0014587775845229453,0.010589137124922366
l0,770,-0.0016474466499809485,-0.014348405814929572,0.005024603275730894,0.0028895964761377606,-0.00015558053686287693
l0,771,-0.004465042882834504,-0.004826868905388507,-0.0076769545704903405,-0.005852766542572781,0.0004964184871136133
l0,772,0.001391716898475446,0.014326602395358419,-0.011774466121218064,-0.003272092878784048,0.006286824198545478
l0,773,-0.0023412020708866717,0.002963771057744622,-0.011005279040854483,-0.009465853776871678,0.008142553476434852
l0,774,-0.0016486197123458573,0.002991627863305874,-0.003603483274243092,-0.0016720122525100138,-0.004310611185936197
l0,775,-0.002605633283852669,-0.014460323000473367,0.002393535020203113,0.0018039886900034752,-0.00015973384514389767
l0,776,0.0075849526261817955,0.017261758793033603,0.011760263156058319,-0.004940016067590174,0.006257804623225434
l0,777,-0.00017878759645482078,-0.014310772371302896,0.010974388653597946,-0.0003144933818897556,0.002935726713775422
l0,778,0.0004974587716727993,-0.01353196040153272,0.0016880557126844704,0.0044752551748429145,0.009358484600696531
l0,779,0.007080981231916644,0.012245605550968017,0.016704260549882683,-0.005753830028963743,0.005127888855779618
l0,780,-0.002050711938609665,-0.01736456318168513,0.008940476734659105,-0.0062386193481760695,0.006459858040763433
l0,781,-0.004559818632628429,-0.004449956070519585,-0.008726788150839077,-0.002226055065670134,-0.0028364752434849217
l0,782,-0.00432683010200217,-0.020778922843280506,0.0029552898910236002,0.006362658433176503,-0.0058463458889282775
l0,783,-0.0031872850290109514,-0.020599213891957107,0.00738906660585815,-0.0029899599736910995,0.00345096714374625
l0,784,0.001313739100203057,0.006570761126488064,0.007857856060072136,-0.005133505460412948,-0.004040155325335024
l0,785,-0.0038002571799038757,0.0027135869260800707,-0.0075060755156151,-0.00774672190898583,-0.0026618182210946446
l0,786,0.0013100451309320093,0.008700404722968492,0.0004677535525780236,-0.002899376631028386,-0.0010286011207900916
l0,787,-0.0021404899347867946,0.006626745036302599,-0.00642323466846711,-0.0022354878339397545,-0.006529982273042912
l0,788,-0.007738178347898439,-0.015769150154497133,-0.004648061309590619,-0.003717098414231247,-0.006818403513274757
l0,789,-0.00020512607586955123,-0.0005285728860218004,-0.004821600255238404,-0.0001056291620459153,0.004635297999827915
l0,790,-0.004346082038838487,-0.013807773594049059,-0.0025312106587971317,-0.0010651190382032617,1.977513569550223e-05
l0,791,0.0004588430416642813,0.009009111988682324,-0.006691043620511145,-0.0031975450060841844,0.0027148488045701307
l0,792,0.002484034243646004,0.0010147644917493214,0.006149540262986095,-0.002154595606111106,0.004926427825959706
l0,793,-0.0009811941872067613,0.0006127822900855527,-0.00372675247807382,-0.00736878878897038,0.0065579822281316025
l0,794,0.0021792744950480647,0.010734465830727225,0.007493320370431425,-0.0049004718565817335,-0.0046102163643846564
l0,795,0.002050269391792347,0.003249156278770753,0.008118658382935306,-0.0038682017686944795,0.0007014646741578078
l0,796,-0.002883219983542798,-0.015490921793882062,0.00558920605653141,-0.004689398916454566,0.003058234719634026
l0,797,-0.01122909544115537,-0.020154762970862234,-0.01077333495741047,-0.008317850023216323,-0.00567043381313245
l0,798,-0.0010267997814618238,0.000163673874654321,-0.0022031822295739117,-0.0009734166305267517,-0.0010942741404009525
l0,799,8.887995462421446e-05,-0.008829369651407995,0.008868994946284433,-0.0007407457001812599,0.0010566402238016805
l0,800,0.002134438383447711,0.00799604245489724,0.0014428312393389992,-0.007808666288362161,0.006907546127916766
l0,801,0.0014725891996264066,0.004563629806420267,-0.006951137107062736,0.0026128439807955924,0.005665020118352503
l0,802,-0.007523611628920045,-0.008587484342307043,-0.003106932335377944,-0.01055227656718143,-0.007847753270813763
l0,803,0.002823370515655176,0.0023267776818068323,0.01404200333532385,-0.008111950311842088,0.003036651357332111
l0,804,0.0070006904211794094,0.016440029758622184,0.009442006706663224,0.004999648377559595,-0.002878923158127364
l0,805,-0.003104450696887657,-0.013551596636917905,-0.006190291114993106,-0.0003000609886793094,0.007624145953039695
l0,806,-0.0006456646777406168,-0.015552753929178766,0.0040498154925415015,0.0072166592778347164,0.0017036204478400817
l0,807,-0.0012693797819884544,0.003110773135161261,-0.006101248087779582,0.00019479302648958046,-0.0022818372018250767
l0,808,-0.0041162553030366835,-0.014935681934933975,0.0011102066117524246,-0.0009895610963339312,-0.0016499847926312542
l0,809,-0.0028844446936470963,-0.011696811199536803,0.005467061089578814,-0.008214151285132231,0.0029061226205018354
l0,810,-0.0055955988017272005,-0.011898288364223087,-0.012376755776228841,0.008050610466127754,-0.006157961532584626
l0,811,0.00723204570790013,0.0026025131045215645,0.01644367072878682,-0.002575216523352514,0.01245721552164465
l0,812,-0.006400667944443947,-0.014826043827138,-0.0005484505496985729,-0.006474274123036713,-0.003753903277902504
l0,813,-0.0005498085142095993,0.0018415199435778773,0.00031940178448113085,0.003070424439100944,-0.007430580223998349
l0,814,-8.308609849860978e-05,-0.0034038463805853535,0.0008526517823350317,0.005921477595954414,-0.0037026273916985313
l0,815,-0.0035152520215317425,-0.003355123955292752,0.0006159181157069818,-0.0050565951229113795,-0.00626520712362982
l0,816,-0.0022475131734594448,0.002928105304998669,-0.006378840102578413,-0.004306733945606057,-0.001232583950651978
l0,817,-0.0007854915801727522,-0.012190288418583725,-0.0003388616758039486,0.004122584422954371,0.005264599350742294
l0,818,-0.0011938423548710929,0.006628407429286451,-0.004007508403295227,-0.006051970346206861,-0.0013442980992687344
l0,819,0.0007665261938003876,-0.004243769986774571,0.01253662015866853,-0.002037485177828321,-0.0031892602188640868
l0,820,-0.003728483953224805,-0.01250537409941962,-0.0013671220734559593,0.005444784191876961,-0.006486223831900599
l0,821,-8.703883668822148e-05,0.009043645566231315,-0.0026880145554059676,-0.007698322782120294,0.0009945364245420613
l0,822,0.002172149682276802,-0.00619577217104142,0.007170880926445298,0.008226967611325015,-0.0005134776376216861
l0,823,0.0012550984847952478,-0.008876919803881238,0.017010577501824962,-0.004718534564461269,0.0016052708056985363
l0,824,0.0024469034731373343,0.010623667601195513,0.00187688355435913,-0.00236417633913161,-0.00034876092387369655
l0,825,0.004245921234621459,0.014315787420314557,0.0010148363626388789,0.006656663302333422,-0.00500360214680102
l0,826,-0.003395860683769558,-0.006126214771058203,-0.003137618633844163,-0.002337195706244787,-0.0019824136239310793
l0,827,-0.00039418823676963706,-0.0034997622674630482,-0.00254271949474337,-0.005306138144222553,0.009771866959350423
l0,828,-0.0044929623559013115,-0.012166843257984694,-0.0007557150635594499,-0.00025324551773675254,-0.004796045584324348
l0,829,-0.0021622412149779314,0.001624574840042207,-0.0059344100227224,-0.004386899587420546,4.776991018901153e-05
l0,830,-0.00035102941938901363,0.0015016470555629614,-0.0020994314862814614,0.0024636610983850837,-0.0032699943452226383
l0,831,-0.0006394925684073417,0.009354600994143829,-0.006418871262999561,-0.004137130583320883,-0.0013565694214527518
l0,832,-0.0008787154581580646,0.007689925968532293,-0.0018898686395178283,-0.0052826704707095735,-0.004032248690937149
l0,833,0.006458144305984761,0.014671874487395587,0.009177446262571016,0.002762304657304848,-0.0007790481833324098
l0,834,0.003223434279773952,0.00426305044484658,0.0129745905063889,-0.00562138096874085,0.001277477136601178
l0,835,-0.003924765207500663,-0.009008252195585141,-0.0038051819860134626,0.002855678774306269,-0.005741305422710316
l0,836,0.0032795095669077177,0.008441519232046396,-0.0008627458024838995,0.0008190002934131288,0.004720264544655246
l0,837,-0.0011684242315596607,0.005817737282212175,0.0004142158143355481,-0.0008008463139328426,-0.010104803708853523
l0,838,-0.0027913176497740486,-0.004845952915316467,0.0012139483234741887,-0.002386183153513776,-0.00514708285374014
l0,839,0.0035813979116349464,0.014692361711014961,-0.0032120558721302314,0.0021938980246911815,0.0006513877829638747
l0,840,-0.00035406728388049703,0.007651092787276784,-0.003470029158825113,-0.004890967757622536,-0.0007063650063511224
l0,841,-0.0013590172599970318,0.0039688832265351885,-0.0023715052963467955,-0.00041845971553669753,-0.006614987254639823
l0,842,0.00016241204448392665,-0.005741915390767817,0.008146011380506616,-0.0012224737026377953,-0.000531974109165297
l0,843,0.007207760345038059,0.01376935263332319,0.014378722229125982,0.0007426776725765295,-5.9711154873465884e-05
l0,844,-0.0028832348235209465,0.0013552787171056536,-0.011748518748007057,-3.869041959300755e-05,-0.0011010088435893764
l0,845,-0.002621256029437943,-0.011010565041237224,0.0026626727304972257,-0.006666720438717369,0.004529588631705594
l0,846,-0.004299774140175844,-0.017175002266529106,-0.003981971502755104,0.0008451433304114584,0.0031127338781693718
l0,847,0.005923278682236446,0.014470131009997268,0.0092479032314111,0.00018569782019316487,-0.00021061733265575106
l0,848,0.0020685495401524348,0.0012027656182519125,0.011975974686588158,0.0015938074916024688,-0.006498349635832802
l0,849,-0.0076315087783407135,-0.023294611879928716,0.003337855484135909,-0.005653950720630146,-0.0049153279969398975
l0,850,0.0037996025240851633,0.010730119147535664,0.0021873898443755917,-0.0007285036440700485,0.003009404748499446
l0,851,0.004121077895692656,0.01066612619878188,0.01055370490258563,-0.0034768321570232056,-0.0012586873615736795
l0,852,0.0021353466897931104,0.00829378954824104,0.007484297097663285,-0.0046691048621615135,-0.002567595024570373
l0,853,-0.002681545339617007,-0.006249414085732142,-0.001938056626742552,-0.009088901969200506,0.006550191323207174
l0,854,-0.002915999226901677,0.004973769066380272,-0.0014458397031800146,-0.010621815363909368,-0.004570110906897598
l0,855,0.0036590299755945763,0.006336837266644961,0.006562084920988265,0.0011999666004250942,0.0005372311143199866
l0,856,-0.004514215780836227,-0.018837444440614005,-0.0003706942998569795,0.0006284182601371755,0.0005228573569889042
l0,857,-0.0011655514060065653,0.0006515109563523605,-0.0016185307793858319,-0.00871229124994379,0.005017105448951
l0,858,-0.00610299865072229,-0.01663588879436178,-0.0065440283049743656,0.0013641141713753907,-0.002596191674928407
l0,859,0.007304419943261859,0.012546597499390523,0.017329931523937758,-0.01093364973154893,0.010274800481268083
l0,860,0.0021920313349163955,-0.0007129364336208865,0.005179348238892814,-0.0033678578687970175,0.007669571403190673
l0,861,0.001760337152604626,-0.015343026885627309,0.01535005887728873,0.0013254171234804706,0.005708899495276613
l0,862,-0.0025193443129620952,-0.023069036841790434,0.003315723107156861,0.0026561043285696743,0.007019832154215515
l0,863,-0.00238114259157175,-0.025899902426253046,0.017469859598818943,-0.0065583428844275555,0.005463815345574657
l0,864,0.004970458706056796,0.01081808478525184,0.004673613576053023,0.0031043573888809538,0.001285779074041369
l0,865,-0.0055835415183964265,-0.01311028792341983,-0.009551280255386438,-1.7039872803532082e-06,0.0003291060925009144
l0,866,-0.0002906808040148835,-0.0023360002552398583,0.002056755788407857,0.004289956391550335,-0.005173435140777867
l0,867,-0.002907227532272786,-0.01992623455018246,0.011235379586815234,0.0021579730994484903,-0.005096028265172407
l0,868,-0.0019974999875747163,-0.004420784542159608,-0.002272326925796153,-0.00538496835839889,0.004088079876055785
l0,869,0.005362336717267378,0.005747144177128847,0.003976042939443773,0.005439940906414395,0.0062862188460824945
l0,870,-0.001388897010595243,-0.007842499654273836,0.0013987949540917683,0.0012187450690830368,-0.0003306284112819422
l0,871,0.004122747018440901,0.0016245235759328285,0.013194457599813024,-0.006380672572520484,0.008052679470538239
l0,872,-0.001013741464029276,-0.002624305671889736,-0.0026513088646242635,0.0029538068443342234,-0.0017331581639373277
l0,873,-0.0007484011568566872,0.0006494078599893329,-0.005296377174777777,0.0008548087093292031,0.0007985559780324923
l0,874,0.0003364111724839526,0.011521916610373308,-0.007064963913059898,0.00040820830359711985,-0.003519516310974719
l0,875,0.002147393659253191,0.017444573584304957,0.002106862892279019,-0.005909752712532803,-0.005052109127038409
l0,876,-0.0009359490498944083,5.277869324315544e-05,-0.00296999943066728,-0.00013790515941943302,-0.0006886703027340754
l0,877,0.0017037783043980454,-0.008000489493617624,0.004452485223994833,0.003434707387789665,0.006928410099425308
l0,878,-0.005399297981385348,-0.021043249723147868,-0.0028836070282633173,0.004337933072069403,-0.002008268246199607
l0,879,-0.0023879901760877637,0.0062784428913915166,-0.01305687268028145,-0.0034157793261548994,0.0006422484106937772
l0,880,-0.010210208039435219,-0.012570718610857592,-0.016880385016882788,-0.006275160438127618,-0.005114568091872879
l0,881,-0.007803525606721847,-0.01522521992863774,-0.007796980755125048,-0.005236798909384385,-0.0029551028337402134
l0,882,0.0043989001514468246,0.015575980719252147,0.0048084393038733565,-0.0016680955693951012,-0.0011207238479431026
l0,883,0.004773456615285316,0.010187263841694917,0.006950723934838421,-0.0034902330376261424,0.005446071722234069
l0,884,0.0005175996248796282,0.007046829440864374,-0.005336572757958896,-0.0014473751541023653,0.0018075169707154
l0,885,0.001036564712466224,0.008612920530757032,-0.003540152345257234,-0.0009745285175276751,4.801918189277298e-05
l0,886,0.0027833594247276693,0.006925622439247225,0.00395013688063397,0.0022414378974679244,-0.001983759518438442
l0,887,-0.0010025881610925599,0.010241013862113336,-0.009393135182851967,-0.00394125691184482,-0.0009169744117867888
l0,888,-0.0027103244511717728,-0.013660512195148454,0.0005856191138559656,-0.0015220395900419712,0.0037556348666473683
l0,889,0.0017377506386641458,0.012710062771290345,-0.010936915005977854,-0.003183441451030922,0.008361296240375014
l0,890,0.0010215080654793391,0.006959011800572972,0.003989649442753331,-4.8516987710297524e-05,-0.006814111993698648
l0,891,0.0021063421900950497,0.0093898138147901,-0.0005956059594098283,0.001179707685704853,-0.0015485467807049263
l0,892,-0.0008891269381461923,0.009952577877536473,-0.0014628084875518085,-0.007005341691601161,-0.005040935450968272
l0,893,-0.003506286060008262,-0.005610816329950643,-5.090915554082764e-05,-0.006210730832597773,-0.0021526879219438064
l0,894,0.0011992249940410563,0.0062431017547653275,0.0058594062352036284,-0.006489360085048792,-0.0008162479287559385
l0,895,0.0013687331141829149,0.004830344196189147,0.002411087524928579,0.0013036573075868136,-0.00307015657197288
l0,896,0.005444157016066277,0.00883016177845448,0.00459252229383442,0.00039890695309391117,0.007955037038882293
l0,897,0.001136025414326833,0.0167794669242019,-0.008963372828380715,-0.005926946875161236,0.0026549544366473847
l0,898,-0.001711277393199894,0.004785084527497999,-0.0001476596466307527,-0.007719996179573129,-0.0037625382740936932
l0,899,0.004492920176044259,0.017269151549561396,0.0017672632991052257,-0.0013357388608322817,0.0002710047163426963
l0,900,0.002570664018745261,0.004247987909045614,0.010127332251298452,-0.0017248259176417813,-0.0023678381677212403
l0,901,-0.0019721424239431376,0.012023385297743192,-0.010506103218230818,-0.0037059125842742614,-0.005699939191010663
l0,902,0.0018013656588642764,-0.0014415002298318155,-0.004916582949993449,0.006033733437777851,0.007529812377504519
l0,903,-0.0011471284821036132,-0.010962715279169546,0.005232723371000359,-0.005148034368954623,0.006289512348709358
l0,904,0.0034253473078730257,0.007009991261557127,0.0036948161878629393,0.00444627406197793,-0.0014496922799058921
l0,905,0.004283715570394416,0.00788419041189775,-0.0010362082943832,0.0004912202014563487,0.009795659962606769
l0,906,0.0011540445249904618,0.006717499118901335,-0.0044816748074001465,-0.0025356707710862984,0.004916024559546957
l0,907,-0.005216100300049151,-0.01209119008081799,-0.008436493710108848,-0.0005574452114615911,0.0002207278021918249
l0,908,0.00297439146774412,0.008696139162237815,0.01017813870501087,0.0006044745246794734,-0.007581186520951678
l0,909,0.004663198065206418,0.010625397373476939,0.004770618318253876,0.0052463568891142915,-0.0019895803200194366
l0,910,-0.005058471522417777,-0.010048594316968132,0.0023606489102178233,-0.005342322035011893,-0.0072036186479089055
l0,911,-0.001834384569378589,-0.008511766785742668,0.014538928545817197,-0.0113804441717481,-0.0019842558658407852
l0,912,-0.004685999454023711,-0.008023086117037902,-0.010135639334314706,-0.0011946832263211996,0.0006094108615789664
l0,913,0.006311140664499297,0.012595466566678398,0.00022294809569894133,0.002548361665082274,0.009877786330537578
l0,914,0.005605481488156452,0.009846615125462003,0.006180513346193579,-0.001346124716857969,0.007740922197828191
l0,915,-0.002661440692881245,-0.007895009992661788,-0.0022455456141337827,0.006121163337819983,-0.006626370502549392
l0,916,-0.002509730536471029,-0.006607541952566548,0.002660106495636476,-0.003836511066192386,-0.0022549756227616576
l0,917,0.002093443780906712,0.009470075568693689,0.00898563328230775,-0.0063838446156648295,-0.0036980891117097603
l0,918,-0.0026269601444198136,0.0026379590448196532,-0.0067630074762191844,-0.00259060299875586,-0.003792189147523863
l0,919,0.0036475832305461796,0.01133798860886347,-0.00036572524576183917,-0.0007168517641352639,0.004334921323218349
l0,920,0.005527110311919882,0.0006280182007543621,0.01614062407455008,-0.00038875653913463025,0.005728555511509716
l0,921,0.002151763408733147,0.003870065867796606,0.0021311079565478276,0.001820683927660669,0.0007851958829274846
l0,922,0.0011763006322822636,0.005126989640768997,0.009271649644613758,-0.002156736854601996,-0.007536699901651705
l0,923,-0.0017054107767815055,-0.009970690371194113,0.0033665681265763817,-0.0018239703020581388,0.0016064494395498469
l0,924,-1.5509646862493396e-05,0.003995559373111378,-0.004793605610550757,0.004685301091519612,-0.003949293441530207
l0,925,-0.0009725447512345809,-0.011344345489669965,0.0030236435818069346,-0.002554578045891917,0.006985100948816624
l0,926,0.001512110399359135,0.006567517484028196,0.002657011567417899,-0.0024367537363931134,-0.0007393337176164426
l0,927,-0.0058831300953342295,-0.016779420762133814,-0.00334260479507863,-0.002223197412651464,-0.001187297411473008
l0,928,0.00023765583211964058,-0.008717155480392593,0.013952084345032187,0.00024285191459747337,-0.004527157450758505
l0,929,0.0018986710498715932,-0.012338060356160304,0.008139298275782665,3.0421083450765923e-05,0.011763025196413245
l0,930,-0.005705236387229466,-0.014386653477150175,-0.0014364172099155083,-0.0013432057287714062,-0.005654669133080775
l0,931,0.0035864139986927254,0.010642951758161451,0.006947646944005579,-0.004008334121842584,0.0007633914144464528
l0,932,0.0038034925214035188,0.012808867401723448,0.0015050955622582275,-0.006686447733605902,0.0075864548552383015
l0,933,-0.005280085553053555,-0.01777608198843224,0.0010572484476726743,-0.003164482567141274,-0.0012370261043133744
l0,934,-0.0064350761115850065,-0.014198262385192888,-0.006462478372109878,0.0009580685172196195,-0.006037632206256879
l0,935,0.005200260473088214,0.0037780742076526175,0.016107177831465196,-0.0012710432884119043,0.002186833141646952
l0,936,0.004688395564238984,0.015101316231478956,0.0008360121060312124,-0.0027582673037446284,0.005574521223190396
l0,937,-0.003749524746064065,-0.020813173191109438,0.005881454633470634,-0.005669804475817305,0.00560342404919985
l0,938,-0.0018358312505797753,-0.0009915840893333849,-0.0021531014305812253,-0.004072205527058496,-0.0001264339553459943
l0,939,0.000711427388121513,-0.0014437233090039466,0.00829291811805674,-0.0024520624857732867,-0.0015514227707934545
l0,940,0.00023764810482873404,0.006011430182191701,0.0028481335147553886,-0.008943032828792089,0.0010340615511599356
l0,941,0.000179571558701484,0.007796399023007385,-0.008826679464111545,0.002190154571101766,-0.00044158789519166994
l0,942,-0.002693885336646182,-0.013406311134160166,-0.003195691327541113,0.003849882871935824,0.001976578243180727
l0,943,-0.00025412818413888746,-0.00934472770434273,0.002946817394730399,0.004937816044753726,0.00044358152830305605
l0,944,-9.353315343661522e-05,-0.019379879746651535,0.008178267166757382,0.0020223235215470568,0.008805156444600636
l0,945,-0.005956055303380626,-0.013238057346216716,-0.0020576093253915463,-0.007303515372107296,-0.0012250391698069457
l0,946,0.003160640225686524,0.013579332976346906,-0.0008374635197365243,-0.003361713013927522,0.0032624044600632353
l0,947,-0.0009495961805158346,0.002324927748984374,-0.004898989514443823,-0.002474361079082444,0.0012500381224785548
l0,948,0.005688450322342118,0.017369858980607944,-0.000518048956185695,0.005216793427111713,0.0006851978378345075
l0,949,-0.0021338688755646387,0.010604431315307535,-0.012944771564111255,-0.0005805223785805096,-0.005614612874874324
l0,950,0.0053570276220214815,-0.002412450326616841,0.012230650322491217,0.003838188750562385,0.0077717217416491645
l0,951,0.00875612948717534,0.006295878387165973,0.015458431554268525,0.0009486461726439607,0.012321561834622897
l0,952,0.0019983661494033396,0.015447440280082552,-0.005583040654415648,0.0042378681762378035,-0.006108803204291349
l0,953,0.002761300994690768,0.0050938559715612555,0.0057208871635266645,-0.0031108035875661707,0.0033412644312413226
l0,954,0.003711934840639186,0.012246505229038378,0.000554061434110459,-0.0018923176029947968,0.003939490302402705
l0,955,0.00015873366913338644,0.009300340750929866,-0.00922108744992105,0.002134647763517079,-0.0015789663879923496
l0,956,0.00172140521750041,0.0023156415227452236,0.004921828589683432,-0.0076278020153698065,0.00727595277294279
l0,957,-0.0008362857411113441,0.0012978425972082945,0.0037049136500319595,-0.0023170385865919673,-0.006030860625093663
l0,958,-0.0016808348821175255,-0.007455036097393277,0.0009833314602800914,0.0031853852173119876,-0.0034370201086689036
l0,959,0.0012397207701572593,0.004887192217337078,0.003152397567377014,-0.001547082534937295,-0.0015336241691477597
l0,960,-0.0015421231598192983,-0.005196121161062077,-0.004186937514864772,0.005792899942856082,-0.0025783339062064262
l0,961,0.000416504070998125,0.007680214788977963,-0.0006509954902921792,-0.004104320653633573,-0.0012588823610597108
l0,962,-0.0016802635313977823,-0.0019130145729007331,-0.00623604253988212,0.0010117391774155187,0.00041626380977620534
l0,963,-0.006490439556700666,-0.010861647171742915,-0.008792754760312263,-0.0030205118766342617,-0.0032868444181132243
l0,964,-0.004952226538512717,-0.021098186417570886,-0.004429911380975326,0.0025750188612771027,0.003144172783218241
l0,965,0.0045233143122159775,0.010132573431912192,0.014778604889410699,-0.004868385940252165,-0.0019495351322068163
l0,966,0.0015486487721840584,0.016990547107214805,-0.0012644272041018633,-0.004180593866889619,-0.00535093094748709
l0,967,1.4495060219168522e-06,0.009440320431952037,0.0006062007915257472,-0.010189206689282046,0.00014848348989192892
l0,968,-0.003321014198319203,0.0002742072707764751,-0.004751390717955918,-0.0035101805452529776,-0.005296692800844392
l0,969,-6.750915121142955e-06,0.007343264642213965,-0.0005022445142745676,-0.0036896996599652854,-0.003178324128458683
l0,970,-0.0027405676325230124,-0.0032790871812268,-0.010627949863258754,0.0031668503538836495,-0.0002220838394901446
l0,971,0.004639264209211056,0.01117723351699285,0.0057553081034997355,0.0029781663505980883,-0.0013536511342464486
l0,972,0.0014586998917870534,0.009802968103400167,-0.0044797142004448405,0.005111791353870105,-0.004600245689677219
l0,973,0.004126999584729956,0.01047263922855239,0.010617846939161783,-0.002165908811326556,-0.0024165790174677923
l0,974,0.0036147329179332605,0.0080213292985785,0.00042569476454081294,-0.000929183421820432,0.006941091030434161
l0,975,0.00443590178729063,0.011029243193630798,0.0024002885457034863,-0.00033878755133912757,0.0046528629611673625
l0,976,0.0003372383105274641,-0.008971489639110744,0.008467488164645157,0.005988073008632642,-0.004135118292057199
l0,977,-0.003833402029519443,-0.0063535889572617224,-0.003312367289510685,-0.0017932521134081101,-0.003874399757897255
l0,978,-0.0027360375834455815,0.008849176214058166,-0.01575418167866083,-0.005813669256705382,0.0017745243875257207
l0,979,-0.0016295007691376688,-0.019697234604138837,-0.006151461107547337,0.008086222548957477,0.01124447008617802
l0,980,-0.007035669801283598,-0.004440412106361834,-0.010171634080468197,-0.007820036282269172,-0.0057105967360351895
l0,981,-0.0010533973329978777,0.001207386227622441,-0.00029843624599621994,-0.00031859074016676316,-0.004803948573450969
l0,982,0.0028241366645120384,0.013606186615891918,-0.0017041971838497572,-0.004033089347991456,0.003427646573997448
l0,983,-0.004018034791238516,-0.0033352313741574235,-0.004985146195445068,-0.0012745902411579013,-0.00647717135419367
l0,984,0.00212126804959255,0.002928092440659846,0.014676402884253457,-0.003129216554574424,-0.005990206571968679
l0,985,0.0019306351639724272,0.00365088455902957,0.004274955847095483,-0.0026834080093696383,0.0024801082591342934
l0,986,0.00023975931984911332,0.0066902962675332925,0.0023480804693597236,-0.0018118890041077186,-0.006267450453388845
l0,987,-0.0010126959563449818,0.009556638758990436,-0.0032532925094973407,-0.00599205572440562,-0.004362074350467402
l0,988,-0.006007285831690845,-0.015746713414315862,-0.009870057019199206,0.003139495970655502,-0.001551868863903814
l0,989,-0.0012216557128975909,-0.0008699213197847664,-0.005311908833143958,-0.0005265846984034905,0.0018217919997418515
l0,990,0.0024521824821045176,0.015880383702251432,0.005805201677440185,-0.005304310696449635,-0.006572544754823915
l0,991,-0.005934997473650587,-0.007526552194435761,-0.0023039759793572244,-0.0051428713095612874,-0.008766590411248073
l0,992,0.0007604263436753991,0.0035495132346451785,0.00898865276371267,-0.005580715601264722,-0.00391574502239153
l0,993,0.0036518186460453078,0.014353719374721713,-0.005010519398602658,-0.0022909639058444307,0.007555038513906607
l0,994,-0.002808915191916156,0.004040100436386437,-0.00848579072747585,-0.004696604920617117,-0.0020933655559580927
l0,995,-0.0003536107079905227,0.00038963994501054833,-0.004197050494829758,0.00420172074043212,-0.0018087530225750013
l0,996,-0.0027119636037619514,-0.015974816263158265,0.005414421521704776,0.0022356690773623015,-0.0025231287509566184
l0,997,-0.005098887065540895,-0.016074967590760537,0.0014986810326032332,-0.002176713696359021,-0.0036425480076472537
l0,998,-0.0028151214592406558,-0.010495656344350568,0.00010095079992178228,-0.0018649540657866878,0.0009991737732528492
l0,999,-0.002459043552538317,0.0035442819253369597,-0.0046725295569611984,-0.005715211350496423,-0.0029927152280326058
l9,0,-0.022939270411806795,-0.029946306124559903,-0.03258511790778868,0.023779566190283916,-0.05300522380516251
l9,1,-0.023366344614327163,-0.003279723071963281,-0.047067779563947906,0.0011418159463345307,-0.044259691767731986
l9,2,-0.030164836283158723,-0.04595996324958771,-0.05006495860294037,0.00768270664341083,-0.03231712992351764
l9,3,0.0046269253493752965,0.06788474027008001,-0.015910234350348624,-0.015097301859975914,-0.01836950266225429
l9,4,-0.010938156443322276,-0.010166994828473882,-0.03710780898864786,-0.036050220386649116,0.039572398430481756
l9,5,-0.04140472503352808,-0.033419608601163275,-0.060533002985743524,-0.03619690215734635,-0.03546938638985917
l9,6,-0.02748302545514802,-0.05590174959565081,-0.02529878869537212,0.018187709265311585,-0.04691927279488074
l9,7,-0.022995865007755186,-0.0387586022662327,-0.014254496548021606,-0.02329422910931437,-0.01567613210745207
l9,8,-0.022819100245791302,-0.02038982715339229,-0.036562875476122705,0.01653122436764245,-0.05085492272129266
l9,9,0.018283657846931353,-0.02776525938332597,0.043831827229917936,-0.020186477299839536,0.07725454084097298
l9,10,-0.042374649116496924,-0.03341964545707031,-0.04661683900027174,-0.029180035391114342,-0.060282076617531294
l9,11,-0.03987396172747989,-0.026177124637801166,-0.05859410515445947,-0.020255878486751623,-0.05446873863090729
l9,12,-0.025492810403770917,-0.016051665696301377,-0.04178345807265522,-0.02769337646432849,-0.01644274138179858
l9,13,-0.003446792490762343,-0.026097788219798405,0.07562990696101873,-0.009200993419887882,-0.054118295284381814
l9,14,-0.029010694203323653,0.02071368932648308,-0.07423435857746813,-0.027043281488977902,-0.03547882607333167
l9,15,-0.020085511550365535,-0.016488874750262,0.008922868196269442,-0.018400142774301218,-0.054375896873168364
l9,16,0.003469604370228716,0.0436643678594773,-0.03888028894004647,-0.014902055475608956,0.023996394037092993
l9,17,-0.016395179134775787,-0.02109104037625459,-0.04419618616560892,-0.032378552563515094,0.032085062566275455
l9,18,-0.04874341553028641,-0.01663448094816576,-0.08299450899956723,-0.03234048302998192,-0.06300418914343073
l9,19,-0.02030486721823799,-0.050616825821968685,0.0026502625131840686,-0.02111529433141941,-0.012137611232747939
l9,20,-0.03384747432882112,-0.04472012662844235,-0.059058022376161895,0.012883674159284387,-0.044495422469964616
l9,21,-0.011444117988926597,-0.036676647612328056,-0.060452217376979346,0.010498806615200073,0.040853586418400936
l9,22,-0.05351163976044428,-0.07730185215795884,-0.05792960984278297,-0.02334414114519407,-0.05547095589584123
l9,23,-0.02487003743568448,0.035339049029366326,-0.04823720806582935,-0.03197836977774066,-0.054603620928534234
l9,24,0.009934649533406462,0.10285373292082213,-0.04972953224494762,-0.022463010199272517,0.00907740765702385
l9,25,-0.025187707651775103,0.006918907689463709,-0.04725625922213933,-0.020040010571588777,-0.04037346850283602
l9,26,-0.04338944861379551,-0.04603376845314815,-0.0661796695189926,-0.00728256879222496,-0.054061787690816335
l9,27,-0.009480593940927219,0.01637383937119718,-0.05021040723449558,0.0026931903572197497,-0.006778998257630223
l9,28,0.012669071642258752,-0.030216021112576784,0.11763616613950864,-0.03243430682040277,-0.004309551637494073
l9,29,-0.03622927266294693,-0.042540246698259225,-0.06827548235456266,-0.005062283354602929,-0.02903907824436292
l9,30,0.002677600382016366,-0.03623623659781613,0.04497173863599782,0.0056775007291862585,-0.0037026012393024874
l9,31,-0.0136113474887926,-0.013451272186595729,-0.051887809110782786,-0.015230379823738573,0.026124071165946703
l9,32,-0.050099832988430765,-0.06722385191469221,-0.06385192391841144,-0.03140049640565999,-0.037923059714959406
l9,33,-0.02873334652962691,-0.0026655609114546036,-0.05192953412353804,-0.007134124845933024,-0.05320416623758197
l9,34,-0.012739973786154749,-0.028252740721890608,-0.017350138975554062,-0.014228907129632599,0.008871891682458269
l9,35,0.020601537239137817,0.10094795746592437,-0.03466959362294216,-0.03249550776087605,0.0486232928744451
l9,36,0.016171127342275653,-0.0454952586934518,0.09175779920110194,-0.011161659039434816,0.029583627900887276
l9,37,-0.028955711532001292,-0.03681349852891717,-0.013588905580493034,-0.01066360810111933,-0.05475683391747565
l9,38,-0.02939110535717208,-0.04063931259355666,-0.012661892468890386,-0.034566239450338807,-0.02969697691590246
l9,39,-0.009064395360088715,-0.04238851140453846,-0.02823215879046751,0.016193079707680608,0.018170009046970508
l9,40,-0.03181526895144442,-0.018676989365217375,-0.029959856532584917,-0.020654265067146488,-0.05796996484082888
l9,41,-0.017189755408839574,-0.03510051892854837,-0.035872641319168196,-0.008103137052095333,0.010317275664453597
l9,42,-0.01357991322867022,0.003888982896539741,-0.041780105176742535,0.004462505219399594,-0.020891035853877686
l9,43,0.017160369174226087,0.019804598925951912,0.00790528646262837,0.009385269739125068,0.031546321569198996
l9,44,-0.033109840788844165,-0.0323933292268347,-0.041649243485174445,-0.025012289085753307,-0.03338450135761419
l9,45,-0.014470627104691523,-0.02456847545070181,-0.0037251718409524034,-0.022362837237197758,-0.007226023889914123
l9,46,-0.03087336495052101,-0.06116802178781479,-0.06750955883511325,0.02123081126178438,-0.016046690440940373
l9,47,-0.014922458461534257,0.011315549120587364,-0.0067552026013739525,0.001247427588388664,-0.0654976079537391
l9,48,-0.022114674512042333,-0.01622611197352286,-0.03643930358643089,0.029361981495748618,-0.0651552639839642
l9,49,-0.020206880021930954,-0.032146658009913856,-0.05203442544537225,-0.03394073456625897,0.03729429793382127
l9,50,-0.017692773440101377,-0.04353885397240608,0.04562638675638167,-0.025405092409577026,-0.04745353413480407
l9,51,-0.02504285676135374,-0.05209567626054098,0.02645983852510698,-0.020451942326177232,-0.05408364698380373
l9,52,-0.026227963856116927,-0.053792288150487186,-0.041126647382002106,-0.018356651650998347,0.008363731759019909
l9,53,-0.011618543743411956,-0.05831060781756779,-0.015039827805193536,-0.0025276784738479294,0.029403939122961433
l9,54,0.004238078107640816,0.09819280586670523,-0.05042986843645388,-0.03547683078975652,0.004666205790068432
l9,55,-0.0025467195794519806,-0.03248049042939061,-0.019704512339091332,-0.0188554055095465,0.06085352996022051
l9,56,-0.0386650024240389,-0.027767564734561448,-0.05762950151980807,-0.022793370707707615,-0.04646957273407845
l9,57,-0.04038504158239031,-0.01212448261409627,-0.037427496073999644,-0.04008848085041123,-0.0718997067910541
l9,58,-0.04406235571839486,-0.02539079809878355,-0.07857382160941397,-0.03697220523434441,-0.03531259793103753
l9,59,0.021618359439346594,0.07238311182033808,-0.050659460997631585,-0.0044543487578750166,0.0692041356925549
l9,60,-0.03451369146758903,-0.034412954382527054,-0.03481439109623895,-0.020943581184214837,-0.047883839207375274
l9,61,-0.005507787090729746,-0.024233837392985853,0.006546278398452786,0.006921798910960191,-0.011265388279346108
l9,62,-0.026819099364259295,-0.03550632476495642,-0.05227568542072481,0.016495654624823698,-0.03599004189617963
l9,63,0.009410351249136724,0.10215932052874044,-0.0014493471449491188,-0.029647875620235575,-0.03342069276700884
l9,64,-0.02294453279435384,-0.005243988004450132,-0.021787802055126024,-0.013412690062424897,-0.051333651055414306
l9,65,-0.02967906567760996,-0.06206645274783215,-0.03086848937969857,-0.014108259863845849,-0.011673060719063256
l9,66,-0.03395094241396683,-0.06331222148578143,-0.008589806543751207,-0.013409033830613475,-0.05049270779572121
l9,67,-0.020340800798229135,-0.02721098615795533,-0.05226076508061517,-0.017794069585251614,0.015902617630905582
l9,68,-0.01474906351246239,-0.021004651166469185,-0.055088044294228866,0.005426112920568731,0.011670328490279762
l9,69,-0.02596676342792776,-0.041741421669271264,-0.048334468461388176,-0.030836638983828782,0.017045475402777198
l9,70,-0.02847329529366352,-0.02860467969428388,-0.040699523069648746,-0.005375273259169781,-0.03921370515155168
l9,71,-0.028904093674649085,-0.03263763994753953,-0.017468406778649404,-0.013729985823925817,-0.0517803421484816
l9,72,-0.006842603878274052,0.024076298505389195,0.0015150485993213406,-0.019949596596493067,-0.033012166021313676
l9,73,-0.023334742396994325,-0.020320815083904785,-0.018029323142941412,-0.016935872235347087,-0.038052959125784006
l9,74,-0.031103212801325296,0.017149146790661797,-0.054769996409341964,-0.02749223461391381,-0.05929976697270721
l9,75,0.0006791939469139115,-0.008820966951254266,0.0013993404444360633,0.0030280390823521647,0.007110363212121684
l9,76,-0.0194414291095555,0.03170920842284789,-0.07273657962322953,-0.00981310928385936,-0.026925235953980997
l9,77,-0.014741565425182547,0.027684371063882187,-0.025090328356368208,-0.014523367433070127,-0.04703693697517404
l9,78,-0.03182638321105574,-0.04249642549879679,-0.04169372271498224,-0.006044059640848106,-0.037071324989595825
l9,79,-0.039145995591609195,-0.019053027296381312,-0.06104082810856473,-0.01918765157489552,-0.05730247538659522
l9,80,-0.0440989426838147,-0.04326626728549484,-0.0557023509095134,-0.010189800430236848,-0.06723735211001372
l9,81,0.019788152897889547,0.06643682873067924,-0.002912739977135006,-0.024323072514902528,0.03995159535291648
l9,82,-0.024335370281988348,-0.010584298023220591,-0.06209725632191972,-0.019200663912647718,-0.005459262870165363
l9,83,-0.003817131359101969,-0.005249145355752067,-0.03755144105190386,0.053753838335198985,-0.026221777363950937
l9,84,-0.021741186299726226,-0.03734243549042398,0.04858400763236509,-0.02518817947125797,-0.07301813786958804
l9,85,-0.008452932921940803,-0.012801699387259878,-0.024818497458708046,0.0022450703939164273,0.0015633947642882838
l9,86,-0.011752389639496763,-0.008338183364049779,0.0186763333889896,-0.03000227733863425,-0.02734543124429262
l9,87,0.016454680944231196,0.009689279812223431,-0.059631240459880774,0.017830388759793266,0.09793029566478886
l9,88,-0.011445751490589207,-0.035882583358420456,-0.03201899088767769,0.01540175394849816,0.006716814335243159
l9,89,-0.023121350218028816,-0.033277511781883304,-0.045428989721513095,0.007289698367858871,-0.02106859773657774
l9,90,-0.030117940368298537,-0.050916222685247495,-0.005871943430962534,-0.019111551022967875,-0.04457204433401625
l9,91,-0.014946750290090863,-0.026795727552936154,-0.05063896449246799,-0.0072119359717949146,0.024859626856835612
l9,92,-0.009949236546474099,-0.0196196598606015,0.01681788953747082,-0.01951822137066936,-0.01747695449209636
l9,93,-0.03997001430514549,-0.01476204343491854,-0.06012875797699632,-0.023310493097495402,-0.061678762711171696
l9,94,-0.012889914129972126,-0.03110613636883589,-0.023949161307774032,-0.013163232934067397,0.01665887409078881
l9,95,-0.03981259656800872,-0.06884641097135674,-0.0592657451240581,-0.03397563378173111,0.002837403605111071
l9,96,-0.03247133461963627,-0.05402216245408517,-0.03953296876777298,-0.031488012461559634,-0.004842194795127284
l9,97,-0.03649936786982586,-0.04593108310460819,-0.047830872353690435,-0.014161077297940177,-0.038074438723064645
l9,98,-0.02537266533093131,-0.0315528645275211,-0.01993435261823939,-0.034187218171374184,-0.015816226006590564
l9,99,-0.03485200328549789,-0.06642904700481622,-0.015954310158279278,-0.024526674587319056,-0.032497981391576995
l9,100,-0.045890921643002916,-0.020272305606119156,-0.0642068439495597,-0.04515886128172478,-0.05392567573460806
l9,101,-0.00725113145771195,-0.051132349641998594,-0.006596131309787518,0.01310581476947576,0.015618140351462553
l9,102,0.009014084306942751,0.13902355729547103,-0.047430752303460784,-0.006046058744438453,-0.0494904090198008
l9,103,0.003511847010683837,-0.04114780185635294,0.06462603973197499,-0.029163679431603435,0.01973282959871673
l9,104,-0.011589468818866579,-0.05962386410959324,-0.04940903043753235,0.016540664030542135,0.046134355241117135
l9,105,-0.014824559856377779,-0.0405874293118572,-0.04085935673361948,0.031977099498084895,-0.009828552878119335
l9,106,-0.039058921693039525,-0.002186651428713034,-0.08488093778642389,-0.02867367609852741,-0.04049442145849379
l9,107,-0.03309897945309903,-0.002397969888404232,-0.0690689560094454,-0.0086615593452239,-0.05226743256932257
l9,108,-0.019834490549802332,0.006347369643661163,-0.029589722274245073,-0.009216654757238756,-0.04687895481138667
l9,109,-0.009873811910183704,-0.04945057474164766,-0.05306645992912116,0.02303702130321666,0.03998476572681733
l9,110,-0.011016610488167534,0.03585776611204697,-0.05680095412569504,-0.03724880706635343,0.014125553127331368
l9,111,-0.02492359619758831,-0.006516584483995658,-0.048564249565670466,-0.006510617430311164,-0.038102933310375946
l9,112,-0.039918589226578205,-0.06727904393374848,-0.06193885342428867,-0.0038149263610672305,-0.026641533187208445
l9,113,-0.031083563586797466,-0.04080632768370238,-0.018161616989922618,-0.0005240731842759895,-0.06484223648928888
l9,114,-0.034668889623835825,-0.0662922866276082,-0.0220402462924393,-0.01591231428408977,-0.03443071129120603
l9,115,0.021192010822086636,0.10177558507367965,-0.010440125590330647,0.02433860673046656,-0.030906022925469023
l9,116,-0.019673633196894035,-0.00662252205165555,-0.057759340800227675,-0.009880720355629962,-0.004431949580062942
l9,117,-0.024766460058598276,-0.039371074662882095,-0.011375770359426766,0.006860836836802824,-0.05517983204888706
l9,118,-0.01417377425663869,-0.005020455129449327,-0.013671224638647502,-0.028057629639492203,-0.009945787618965723
l9,119,-0.0220931141688857,0.08850373995041062,-0.07545109613260745,-0.038354659096257696,-0.06307044139708828
l9,120,0.015035740900382066,0.08103425465998633,-0.03396796891664239,-0.0001611925147498982,0.01323787037293422
l9,121,-0.03157350137872634,-0.060836535208792376,-0.019511470920362095,-0.004527021763066281,-0.04141897762268461
l9,122,0.03151528187237745,0.11159358878732102,0.030225185422875573,0.0037168113409892824,-0.019474458061676077
l9,123,-0.026265914508949884,-0.035669442331336,-0.03986617672989611,-0.010245007913569573,-0.01928303106099786
l9,124,-0.00968726646803531,-0.0367913559029203,0.005608596219053012,0.02216596253245407,-0.029732268720728025
l9,125,-0.03000183541335041,-0.017859644956465737,-0.03199068400169729,-0.00736405460172791,-0.06279295809351071
l9,126,-0.029237573446862217,0.027906021412644415,-0.06030376122029561,-0.01839717675563548,-0.06615537722416219
l9,127,-0.0036109579724271576,0.11008212030845099,-0.03601347263685042,-0.03886977738155369,-0.049642702179755506
l9,128,-0.0289840968697683,-0.04821675556009994,-0.040453475317548254,-0.015297387528290896,-0.011968769073134121
l9,129,-0.009400017523710636,-0.01837368498500685,-0.029149412232158455,0.015582676214549873,-0.005659649092227109
l9,130,-0.0019345578223928313,0.041070925478817605,-0.050369687347011805,0.006734563555779593,-0.005174032977156719
l9,131,-0.0017860702530651876,-0.02813419103014838,-0.01862907909004765,-0.024994304475957622,0.0646132935838929
l9,132,-0.03679215618477229,-0.03715803385500478,-0.07654359705569819,-0.018168233654250986,-0.015298760174135208
l9,133,-0.005416594379005227,0.018377755018512992,-0.05339710207101043,0.005032716900155976,0.008320252636320552
l9,134,-0.04691809588150687,-0.04159437871342558,-0.07182265099043114,-0.017872327056116445,-0.05638302676605431
l9,135,-0.02182967085988441,-0.023270289187467687,-0.0199708451068633,-0.03286447336631272,-0.011213075778893928
l9,136,0.019978055622067524,0.08716730074130218,-0.013715823748179064,-0.03426902677192127,0.040729772267068254
l9,137,-0.01769023516161198,-0.01981191476017636,-0.015763294090004036,-0.015253040455906579,-0.019932691340360943
l9,138,0.02486570613820406,0.07505097571597369,-0.016669269471990177,-0.03236492731146197,0.0734460456202947
l9,139,-0.028593797635665056,-0.06358737781827893,-0.011532690952566883,-0.011674235822007287,-0.02758088594980712
l9,140,-0.021410779677200294,-0.034324380747580215,-0.0367761320592664,-0.0009235741246063902,-0.013619031777348158
l9,141,-0.03782045432956997,-0.014980074970867972,-0.07218207777193109,-0.015681049182631808,-0.048438615392849035
l9,142,-0.00846742932414196,0.05398206827398189,-0.061414496684757736,-0.0029775179236316354,-0.023459770962160356
l9,143,0.01612991318337735,0.09333965889672742,-0.043755391875154225,-0.008721311144913221,0.023656696856849437
l9,144,-0.01834203468641175,-0.02406096058248494,-0.058611911341362635,-0.020120635347718834,0.02942536852591941
l9,145,-0.0022774447281084164,0.07878798664165183,-0.03493432719686518,-0.02409858677073657,-0.02886485158648375
l9,146,-0.04112161737742231,-0.05893075216377383,-0.04090447346406843,0.001369609367270421,-0.06602085324911738
l9,147,-0.022658368547107205,-0.009514005651659482,-0.017930516889581288,0.0006029857853474688,-0.06379193743253551
l9,148,-0.02711745967825211,-0.04386449258343621,-0.03208588074750793,-0.01778157968408536,-0.014737885697978952
l9,149,-0.039894279034310656,-0.040352521281615164,-0.05766288736401042,-0.03155187840482828,-0.03000982908678877
l9,150,-0.015383496107290128,-0.012892721327074943,-0.05117775376424795,0.00980343177758728,-0.007266941115424897
l9,151,-0.016010108778614533,-0.034210874640381916,0.04149532913641188,-0.010284652600228667,-0.06104023701025942
l9,152,-0.02526476186855095,-0.04567105997906345,0.02491614629673916,-0.01652283202787909,-0.06378130176400043
l9,153,-0.03034351033993888,-0.054392563079841624,-0.002717424970650993,-0.027116395575522506,-0.0371476577337404
l9,154,-0.015550423640540694,-0.02490518722025626,-0.054590645251835636,-0.011605817594144245,0.028899955504073357
l9,155,-0.013528227664613698,-0.029550981388495386,0.0015986981998104184,0.0025756688023008054,-0.028736296272070624
l9,156,-0.010726276297973732,-0.048206811547159625,-0.01762095311113149,-0.008482266000145056,0.031404925466541236
l9,157,0.0089189506904569,0.0002935926672600984,0.015252294775013761,-0.0189929522411194,0.03912286756067314
l9,158,0.008883208261746668,0.11238985804771083,-0.05191447676262316,-0.04036754073948537,0.015424992501384372
l9,159,-0.04471143533812123,-0.05566977981614055,-0.04375310924937137,-0.01855639742424003,-0.060866454862733
l9,160,-0.03311968760666825,-0.030960590268508725,-0.08173505318223773,-0.028287923087723266,0.008504816111796702
l9,161,-0.004900345568472593,-0.0380458816221132,0.07065247993545495,-0.0034130432400803386,-0.04879493734715179
l9,162,-0.04663041643837286,-0.01764415259870977,-0.06913076284981345,-0.03723463935515679,-0.06251211094981142
l9,163,-0.018171276430379524,0.012181447331918404,-0.044630038749512005,0.00511298629655997,-0.04534950060048447
l9,164,-0.026009543785162965,-0.05432285064835031,-0.04905397592072219,0.0075555281760393295,-0.008216876747618687
l9,165,-0.029126487705271365,-0.03141621837265055,-0.028860298865637336,-0.0004866842390982753,-0.05574274934369929
l9,166,-0.016121737334147096,0.0409803960005305,-0.041903049861019455,0.006608587394536205,-0.07017288287063564
l9,167,-0.03930843687153529,-0.026351743108969858,-0.05205987588649232,-0.02676565322896363,-0.05205647526171535
l9,168,-0.01545038544150215,-0.0038996580239210816,-0.0174786265630366,-0.009213305552403817,-0.031209951626647102
l9,169,-0.01875400820484896,-0.017291742604600577,0.032286629241538106,-0.03991024952297652,-0.050100669933356844
l9,170,-0.0019596920057851942,-0.017632476079599606,-0.03963527213401589,-0.018427063946750335,0.06785604413722506
l9,171,-0.03466394768839034,-0.006511283464531845,-0.06320251148784527,-0.006371381088820672,-0.06257061471236357
l9,172,-0.008960603991395233,0.007850811696864381,0.010706514157120152,-0.020774316726078608,-0.03362542509348686
l9,173,-0.013011202550652225,-0.07313880657861929,0.06500728345458494,0.009968241325458635,-0.05388152840403318
l9,174,-0.0068079896424261335,-0.04102803192380482,-0.04792726366923597,-0.0170048408529379,0.07872817787627415
l9,175,-0.012921505598060308,0.059207954781652576,-0.0846885034633224,-0.02337051221901381,-0.002834961491557593
l9,176,-0.028723766788348544,-0.036174380516364193,-0.05996693698123377,0.011327157386212714,-0.030080907042008925
l9,177,-0.017725602284430826,-0.026823191991455084,-0.005003976000970953,-0.012058275495276997,-0.027016965650020278
l9,178,-0.041985277481603356,-0.04702705758307864,-0.04579691007181978,-0.018075603434379268,-0.057041538837135745
l9,179,-0.02696743972029353,-0.03669996483323412,-0.03963724686633303,-0.02115471293001517,-0.010377834251591812
l9,180,-0.027047204838816664,-0.020983382550060596,-0.060973895181892376,-0.031571978580685264,0.00534043695737158
l9,181,-0.023227300739847703,-0.02799037776691106,-0.02205844589801797,-0.018139943198305638,-0.024720436096156144
l9,182,-0.01798828971790722,-0.02318122312477773,-0.0375960798688432,-0.02627836310260183,0.015102507224593869
l9,183,0.005018815082666762,0.10290985115346435,-0.06469084224036382,0.013276040584929046,-0.03141978916736252
l9,184,-0.036848895274858844,-0.05251601068602468,-0.052615989491809796,-0.023035574665966688,-0.019228006255634224
l9,185,-0.04451006787084136,-0.04529599481932185,-0.0747795938351557,-0.028704591139799476,-0.029260091689088427
l9,186,-0.030264328983762773,-0.03087608657209346,-0.03897280441120546,-0.009933450370971717,-0.04127497458078046
l9,187,0.029405715513683112,0.0032771983508097288,0.0839100711664015,-0.0017782669325363577,0.032213859470057574
l9,188,-0.006585467791335269,-0.029231695165433697,-0.02035555447342434,-0.013148939032939573,0.03639431750645654
l9,189,-0.010773364123829472,-0.03421300747081255,0.013314917983173854,-0.03026105154737537,0.00806568453969618
l9,190,-0.030280568475858055,-0.035068504450095066,-0.03322378399149213,-0.026741081053832765,-0.026088904408012262
l9,191,-0.027366533169093654,-0.020993377807472808,-0.021922073396866415,-0.030475566384895653,-0.03607511508713974
l9,192,-0.02787924121122688,-0.0378838853945672,-0.04579733795666696,-0.002596433208269526,-0.025239308285403838
l9,193,-0.029754652731384737,-0.0365346189782914,-0.03723583361062169,-0.007695780011381595,-0.037552378325244266
l9,194,-0.01580512679482033,-0.03190761787452183,0.01737578612867674,-0.023492121891812656,-0.025196553541623572
l9,195,-0.037360956848885726,-0.07639201004373072,-0.03468952410848483,-0.009598503169160798,-0.028763790074166556
l9,196,-0.015323225509528499,-0.01838810797563833,-0.07608963621538649,0.01802637792776546,0.015158464225145375
l9,197,-0.044450736086477226,-0.07051402488809792,-0.059636942316102184,-0.022415151691840038,-0.02523682544986874
l9,198,-0.011687575787417786,-0.049553678067224535,-0.02654351623400263,-0.007003702077557176,0.03635059322911319
l9,199,-0.006471185939618922,0.009244742303274798,-0.04950768263035264,0.0027743409654629645,0.011603855603139196
l9,200,0.0006780205458862027,0.07169302136317193,-0.06833409007504902,-0.016130293007475004,0.015483443902896904
l9,201,0.01615279402744551,-0.016585933039032906,0.07636966610531394,-0.026784803308879605,0.031612246352380614
l9,202,-0.013881423127797912,-0.008454330275407446,-0.05855517312928645,-0.020876525230266414,0.032360336123768665
l9,203,-0.03178895543768813,-0.04750310210519898,-0.0036911251032898298,-0.005083893257052377,-0.07087770128521133
l9,204,-0.02000134694964116,-0.008381942057392431,-0.04916907630817537,0.006063546095836635,-0.02851791552883347
l9,205,-0.0031631470088718536,-0.013019265140136915,0.003550379891666837,-0.005491412135372919,0.002307709348355581
l9,206,-0.025367695332196915,-0.024090664200752294,-0.04905427588368626,-0.02356727984725516,-0.004758561397093953
l9,207,-0.03355600885625178,-0.03031034931196904,-0.05574151201920022,-0.017717225698638452,-0.030454948395199407
l9,208,-0.026342793092724387,-0.04894556572576812,-0.045058030507162956,0.003782900228380055,-0.015150476366346519
l9,209,-0.013607709839272852,-0.050939397133945324,-0.04385349151236083,0.015884865290688326,0.02447718399852643
l9,210,-0.021838298332077608,-0.003474565299890315,-0.000812717783865359,-0.02370476047273564,-0.059361149771819124
l9,211,-0.0006739824571845038,-0.01798405138827107,-0.05630281639884622,0.03128518976020068,0.0403057481981786
l9,212,-0.038811541219872916,-0.025758537527706668,-0.07326380883626198,-0.022390263001436095,-0.03383355551408693
l9,213,-0.0336193849583135,-0.06406142776615703,-0.04089383546057818,-0.02224793574990491,-0.0072743408566138725
l9,214,-0.046510990003450374,-0.041651498035751036,-0.07989250066428615,-0.01917612486453114,-0.04532383644923318
l9,215,-0.02368570466521861,-0.019473552152392177,-0.05202758221147921,-0.008658271102013466,-0.014583413194989603
l9,216,-0.00893939011120596,-0.014649526136256743,-0.07319061157276116,-0.023846092744261693,0.07592867000845575
l9,217,0.014886061658523866,-0.002781159435753096,0.039551697775668,-0.012805570513994769,0.03557927880817534
l9,218,-0.01909846071494075,0.018774902871743618,-0.055399717316660234,0.016365379831645044,-0.05613440824649142
l9,219,-0.02957839053878132,-0.04299567233658193,0.005376002654508497,-0.03385598419972462,-0.046837908273327226
l9,220,-0.029266891755821624,-0.036215488649159105,-0.04777576948061242,-0.010843264354801995,-0.022233044538712977
l9,221,-0.029847165810258966,-0.05429775348673595,-0.05787928102550322,0.002905381887461936,-0.010117010616258625
l9,222,0.0025995977080441896,0.12205548601202737,-0.04784556720382547,-0.03263004154441184,-0.03118148643161331
l9,223,-0.026964683877296034,-0.049110391651516594,0.046865203562727,-0.03313161137929567,-0.07248193604109887
l9,224,-0.01930773003248535,-0.00792157468306081,-0.06516680840559427,-0.0179209869494115,0.013778449908125183
l9,225,-0.006348710402792121,-0.011231100044253347,0.019005455726172852,-0.0030542481803673346,-0.030114949112720654
l9,226,-0.04098645860761814,-0.050134340810597804,-0.044582622115135986,-0.01136506101820201,-0.05786381048653676
l9,227,0.007066089213846803,-0.05192646643670233,0.05468579224094215,-0.0039502015755239,0.029455232626671293
l9,228,-0.009743045865654009,-0.03642130742506195,0.03188709692808177,-0.001453252948327122,-0.03298472001730873
l9,229,-0.006821828594542848,-0.0344846830574991,-0.01991007265852957,0.00910305726811846,0.01800438406973882
l9,230,-0.04129879686233335,-0.036604495169138974,-0.03756967574950075,-0.029724732159323714,-0.061296284371369955
l9,231,-0.013657519592487297,0.01643719002693815,-0.01722870061383615,-0.032271528913008586,-0.021567038870042597
l9,232,0.000552883254790814,-0.018634021523901385,-0.037749503662958137,-0.0026213816414929914,0.06121643984751576
l9,233,0.006460752679132613,0.03974743059622444,-0.042145097051835084,0.03572920715781926,-0.007488529985678156
l9,234,-0.010873521807452578,0.040060334797537504,-0.03794490568853618,-0.029071400933886514,-0.016538115404925124
l9,235,-0.0241173300792137,-0.05738862539213792,-0.043697179748784565,-0.0072836859645146745,0.011900170788582359
l9,236,-0.0036026164008097356,-0.015711430737502342,-0.04634330640041959,0.026255917335288113,0.021388354199394874
l9,237,-0.02112933513332623,-0.026409641516117348,0.019010429189123667,-0.015228263341590496,-0.061889864864720756
l9,238,-0.00014114882690069615,0.019070355815210934,0.03153197157646575,0.009917329335674137,-0.0610842520349536
l9,239,-0.025294553493002133,-0.03812845809813248,-0.05814852238658571,0.003569834438151941,-0.008471067925442274
l9,240,-0.0390303492095739,-0.06312340588138157,-0.06157652683713958,0.02910459850821199,-0.06052606262798643
l9,241,-0.006470198103076551,-0.051220184947518364,0.009338733769943717,0.006762009298322382,0.009238649466946068
l9,242,-0.01678298753442259,-0.01673495444727352,-0.08948773851507671,-0.010700107895131414,0.04979085071979129
l9,243,-0.034736537121305186,-0.05143606139312938,-0.06547551764451379,-0.024234937279960275,0.0022003678323826957
l9,244,-0.015433399412621073,-0.050078456756484056,0.023372972068014156,-0.020785294685091854,-0.01424281827692254
l9,245,-0.017544600537639815,-0.01163868970050293,-0.06650280234015658,0.025570334354905164,-0.01760724446480491
l9,246,-0.03709135380812032,-0.05844626341019371,-0.05977417616993788,-0.01601513593542421,-0.014129839716925477
l9,247,-0.03605017463837534,-0.02763600576139128,-0.016815003607425844,-0.023896689175105092,-0.07585300000957915
l9,248,-0.0029773295003794643,-0.04205278970835459,-0.00281446703791368,-0.03501263293950207,0.06797057168425248
l9,249,-0.02605857162555869,-0.04453445108261097,-0.03801523534265534,-0.007602491998969016,-0.01408210807799944
l9,250,-0.030181625909081734,-0.026555319810576166,-0.022363753409244548,-0.0033505951901825048,-0.06845683522632372
l9,251,0.02756855590631927,0.009324820472500665,0.045958546886991365,0.029225967409450646,0.025764888856334406
l9,252,-0.02332718237502171,-0.039867732881244726,0.009942862417165216,-0.019792753018102766,-0.04359110601790457
l9,253,0.006071231538062769,-0.04424331585278056,0.028560576087645496,0.04100140924428,-0.0010337433268938628
l9,254,0.006682411718648712,0.02889205884212006,-0.03486728947006085,0.007440780057223161,0.025264097445312474
l9,255,-0.04392325759546409,-0.040510876217968894,-0.07883363744253513,-0.02787683581156963,-0.0284716809097827
l9,256,0.008351541742311003,-0.015274883581071503,0.0938154749732916,-0.0057825046455779044,-0.03935191977739818
l9,257,-0.020225635218696705,-0.05092282480572417,-0.006940149119052913,0.032023802421655756,-0.05506336937166549
l9,258,-0.013468728710741866,0.10019935698240523,-0.06798024182775586,-0.03203121655567935,-0.05406281344193748
l9,259,-0.03449945582080487,-0.03203423885328963,-0.0362816045449472,0.0009377625185614271,-0.07061974240354404
l9,260,-0.05226348226330456,-0.05130823918040121,-0.06426680442380239,-0.036566049076181335,-0.05691283637283327
l9,261,-0.03679998041499492,-0.06988360939547963,0.007843529917693576,-0.030778520462416133,-0.0543813217197775
l9,262,-0.035341524343933534,-0.036025472933596626,-0.04757005365307171,-0.026299654209064785,-0.03147091658000103
l9,263,0.0005359693617464148,-0.025503222441981586,0.02483440171074689,0.02637919909100653,-0.023566500912786177
l9,264,-0.014307673018970967,0.028579920294043343,-0.05301945670616528,0.020644318178588004,-0.05343547384234994
l9,265,-0.01884920249489642,0.0012781606541727615,-0.027712494710029647,0.006230717987176784,-0.05519319391090558
l9,266,-0.008496571265108626,-0.06540595823965309,0.00734653039162259,-0.01416353256020006,0.03823667534779606
l9,267,-0.026011299362133384,-0.030244371084065223,-0.0483960341857632,-0.024283523705591944,-0.0011212684731131727
l9,268,0.024545181408734938,0.09290039006592082,-0.017700333516741523,0.02704877319133007,-0.004068104105569625
l9,269,-0.013346888632349948,-0.006687943503315037,-0.05983551686827032,-0.007413485483264283,0.020549391325449844
l9,270,-0.008188235029626297,-0.03684854971000971,-0.05250137017780667,0.0018729968862808638,0.05472398288303032
l9,271,-0.019422582265422567,-0.010291912011750923,-0.03245788131253507,-0.003711706221996517,-0.031228829515407765
l9,272,-0.002463249127278027,0.009065648763312121,0.02166666612560219,-0.02514596483505703,-0.015439346562969388
l9,273,-0.030248677031629003,-0.03638682279652864,-0.04829546210715565,-0.025237473186484657,-0.01107495003634706
l9,274,-0.009506816035703443,-0.050171571878703684,0.01254784537332223,0.034165632542759235,-0.03456917018019155
l9,275,-0.0521693930384067,-0.05360012257579894,-0.06222224191960586,-0.038473953220271424,-0.05438125443795058
l9,276,-0.03642064392638548,-0.0368588639423364,-0.03370660326935587,-0.01722683695481284,-0.05789027153903681
l9,277,-0.0062067965371276086,0.03634207850455198,-0.038867891816091085,-0.009805734530507213,-0.012495638306464118
l9,278,-0.012187595200656067,-0.06597576050263844,0.10837516388358272,-0.019032131373083697,-0.07211765281048485
l9,279,-0.022235104847314665,-0.04246141794201134,-0.04323222081186059,0.014984561536399136,-0.018231342171785875
l9,280,-0.04456787099396687,-0.023349957861100612,-0.06852005332253149,-0.022053498652600666,-0.06434797413963472
l9,281,-0.02252106664665651,-0.032655342439346216,-0.057278975677190654,-0.02900067279319076,0.02885072432310161
l9,282,-0.02967352585328587,-0.028880340208944845,-0.06477334378300147,0.006097856678203378,-0.031138276099400553
l9,283,-0.024310591973797764,-0.04421779378992798,-0.05439438302409912,-0.015160388416324928,0.01653019733516098
l9,284,0.009462721143163166,0.02935224514532767,0.009216917876141886,-0.00116955998509125,0.00045128153627435955
l9,285,-0.041824490037791734,-0.03213431007011454,-0.06580864146808803,-0.00599822303051414,-0.06335678558245021
l9,286,-0.004719284746639112,0.09660152817117997,-0.046716719712013174,-0.014158650225651522,-0.05460329722007172
l9,287,-0.017224132432054076,-0.022032342490037753,-0.02993596412520421,-0.0057602884295809755,-0.011167934683393365
l9,288,-0.008415267646031267,0.036265409963154006,-0.05309410917590734,-0.006196994061889531,-0.010635377309482207
l9,289,-0.02498607886397232,-0.021486962964245963,-0.04276495117335337,-0.008511615609285417,-0.027180785709004535
l9,290,-0.018616172894969918,0.030742780654664514,-0.040099294324923984,-0.04288264589474032,-0.022225532014879888
l9,291,-0.04884750243537491,-0.07405460547409745,-0.08250076385507576,0.005115169785625678,-0.043949810197952105
l9,292,-0.045511734222718495,-0.04093431185793265,-0.06837610697638602,-0.014889641046788166,-0.05784687700976716
l9,293,-0.020743272272911027,-0.043994411668762716,0.033492224290848055,-0.0256759078926074,-0.04679499382112205
l9,294,-0.004178627006136849,-0.030164691672003086,-0.01420482578198767,-0.005576219234607067,0.03323122866405043
l9,295,-0.0331406560210858,-0.03642619551083573,-0.0902106757988682,0.0073755772623001845,-0.01330133003693947
l9,296,-0.01570615017860047,0.002346901264644858,-0.03290797927951965,-0.004280553933112564,-0.02798296876641452
l9,297,-0.03701537626314294,0.015123485620389487,-0.065397891478957,-0.046723920335609,-0.05106317885839525
l9,298,-0.011427549069182516,-0.0647151564598806,0.0013078276513267349,-0.041521694042138,0.0592188265739618
l9,299,-0.03774603968350985,-0.04210930303476307,-0.04547914946731722,-0.012052886885719044,-0.051342819346240055
l9,300,-0.021268844879295763,0.001804143088960511,-0.03169511377378439,-0.00995993815469354,-0.045224470677665635
l9,301,-0.03687837441426161,-0.06744450875492257,-0.00019455609393980583,-0.019691383234752665,-0.0601830495734314
l9,302,-0.020659011397131846,-0.03189699266500143,-0.04624683526361332,-0.027944803472095638,0.02345258581218298
l9,303,-0.02123852978449562,-0.01386227760659201,-0.06674932323331165,-0.006583860912317349,0.0022413426142385154
l9,304,-0.018535735701622542,0.002554652537957452,-0.07208430557180734,0.02533812992255605,-0.029951419695196324
l9,305,-0.03354937406069332,-0.004269874872654198,-0.06594339829098039,-0.031024732422579433,-0.03295949065655925
l9,306,-0.009497982291463765,0.008611940009613668,-0.028230524790510865,-0.01728384016295077,-0.0010895042220070983
l9,307,-0.0073540053084213035,0.03640476012287606,-0.05248808444721255,0.017930777333516824,-0.03126347424286555
l9,308,-0.01263495591278306,-0.02286011860072623,-0.020243064314985553,-0.01004893475938308,0.002612294023962628
l9,309,-0.008267628770543961,0.09223353447037694,-0.06604721692631382,-0.02340214608084923,-0.03585468654538973
l9,310,-0.022376192895051883,-0.03870759078247579,0.003166803516539047,-0.009262598953515036,-0.04470138536075574
l9,311,-0.020254052268261512,-0.042192521522275005,-0.027777486337118146,-0.015300619751947044,0.0042544185382941534
l9,312,-0.017249455838090105,-0.052320583535411046,-0.0783208054797705,-0.013211649184954948,0.07485521484777609
l9,313,-0.027288261335639837,-0.01389133758463994,-0.04479338926685966,-0.021248707094776494,-0.02921961139628325
l9,314,-0.012023824345853647,-0.029734246020757596,-0.0508023056681499,0.020455842828644592,0.011985411476848323
l9,315,-0.003276856512447814,0.04658572334746556,-0.028578417847385996,0.0018272000811801019,-0.03294193163105092
l9,316,-0.03908555115137912,-0.07198870002176959,-0.0251800465404328,-0.020367763363547387,-0.038805694679766696
l9,317,-0.0032859866869321963,0.12797835300892507,-0.0406869337310163,-0.039625218795302494,-0.060810147230335065
l9,318,-0.0032334071537428637,-0.041748358662917776,0.07860845377827563,-0.00955323017987567,-0.04024049355045364
l9,319,-0.009031456753095317,-0.0424739637151855,-0.020173830959941377,-0.014994031370337009,0.04151599903308261
l9,320,-0.03809688818823151,-0.023031662278161218,-0.07503355220392777,-0.011934682837638343,-0.0423876554331987
l9,321,0.03354921844522293,0.107492507751491,0.11045162955864857,-0.03403168060984176,-0.04971558291940609
l9,322,-0.011516304108179271,0.04415886754135016,-0.05141037508958282,-0.028896532086271225,-0.009917176798213197
l9,323,0.00039533844663259925,-0.05521412767563811,0.09510337493498575,-0.01292622989086492,-0.02538166358195232
l9,324,0.0009174749357670174,-0.007059920273787105,-0.019122116906846696,0.01026246848129209,0.01958946844240978
l9,325,-0.03213450178317123,-0.04378756792837258,-0.039020424571886106,0.008166361299255903,-0.05389637593168215
l9,326,-0.014894661897394853,-0.0404679811474386,-0.06337228652965055,0.03219105631114225,0.012070563776367487
l9,327,-0.039291456205498586,-0.039671300569610546,-0.07617444655355517,-0.012880867222420968,-0.028439210476407656
l9,328,-0.0014479290048423112,0.022339167943605527,0.0070963190265355604,0.00288082849342756,-0.03810803148293789
l9,329,0.0017942331480803285,-0.024514802561444463,0.010227765257994384,-0.009964838836018904,0.0314288087317903
l9,330,-0.020211060293609036,-0.001339735454619342,-0.038187670168241136,-0.00038850419644224053,-0.04092833135513343
l9,331,-0.040549837976883926,-0.03687639971772919,-0.05683951633740981,-0.01792334458014524,-0.05056009127225147
l9,332,-0.020297282716962333,-0.027976182654004624,-0.06837138750669608,0.02908359283377292,-0.013925153540921553
l9,333,-0.01620177431605033,-0.051484335623684666,0.003227910177451951,-0.011723347857416754,-0.004827323960551855
l9,334,-0.014102577084287374,-0.03943092001225894,-0.007976021277106437,-0.003411776892016113,-0.005591590155768008
l9,335,-0.018534683519426682,-0.032905750990561214,-0.012350711946465146,-0.02802899067588068,-0.0008532804647997027
l9,336,-0.034624250017178726,-0.06620221646818439,-0.0406690405830619,0.0047533104728414675,-0.03637905349031009
l9,337,0.005655104006176217,-0.05138803732321383,0.00538289244899141,-0.02098718086210246,0.08961274176102975
l9,338,-0.02500362235588966,-0.030302727848726042,-0.0114141227336993,0.0060798665899617415,-0.06437750543109505
l9,339,-0.010030649561035916,0.06489179352194993,0.008324596406721646,-0.04540197097941432,-0.06793701719340092
l9,340,-0.007379837332277732,0.012042850257232455,-0.016266764334752326,-0.003536119628430331,-0.021759315623160722
l9,341,-0.002736631170705434,-0.01981896525152474,-0.022963431017825865,-0.012913015284279286,0.044748886870808156
l9,342,-0.00423522664808982,0.10378871524693986,-0.04937032773853818,-0.01831743616106194,-0.05304185793969902
l9,343,0.03190950734231642,0.03507070814542159,0.0107643112617892,0.027174725865416922,0.05462828409663797
l9,344,0.019868905484570293,0.10471256170035254,-0.029123476929403033,-0.024079320006455483,0.027965857173787148
l9,345,-0.01794263463078787,-0.0431295825807952,-0.00040422449990360886,0.02223775041177087,-0.050474481854223534
l9,346,-0.017118257284983306,-0.05007514715469314,-0.02082446412473689,-0.00900728662500995,0.011433868764506763
l9,347,-0.03465163111121479,-0.07282746578268104,-0.05161195394231766,0.007871507371630579,-0.02203861209149103
l9,348,-0.025624698872576228,-0.003953045990849682,-0.03929612502317402,-0.0070066186883253265,-0.05224300578795589
l9,349,-0.000887851739542464,-0.02190896305399801,0.05513251828228807,0.028695585608964392,-0.06547054779542431
l9,350,-0.011536542773606941,-0.026558721008468445,-0.0009918176047989096,-0.029114894371003716,0.010519261889843303
l9,351,-0.04131304704273507,-0.05524986250293327,-0.050489158225096926,-0.017714920902056983,-0.04179824654085311
l9,352,-0.027544870960612464,-0.0248373926974306,-0.04982544499153114,-0.0077168663014594956,-0.027799779852028618
l9,353,-0.02289678975696959,-0.014766176245071008,-0.046527571590743486,-0.0049903018042502245,-0.025303109387813636
l9,354,0.0013966941604707564,-0.04032934533634697,0.0761625926095171,-0.019341685184985823,-0.01090478544630129
l9,355,-0.012435967227521823,-0.052945272568648616,-0.03770752534597001,0.052421136461259746,-0.011512207456728416
l9,356,0.0276430020649061,0.04816933447104044,0.09366839972502224,-0.02534987150626055,-0.005915854430177699
l9,357,-0.05795643452639884,-0.04355989847461918,-0.08376409655654665,-0.034704541428937044,-0.06979720164549254
l9,358,-0.03164095625343115,-0.007856509397183764,-0.07153180026467254,-0.02178534967354634,-0.025390165678321946
l9,359,-0.016159424543078033,0.0359110974228755,-0.03406048672937127,-0.03891141889067174,-0.02757688997514462
l9,360,-0.033996295625649195,-0.048076810430832895,-0.04309859397663923,0.0015156880792858603,-0.04632546617441051
l9,361,-0.023546766757831822,-0.038185760943077504,-0.06587691223373496,-0.01755571502645708,0.02743132117194225
l9,362,-0.014441832096187563,-0.0419558665334952,0.012005626912031669,-0.001997736719170096,-0.02581935204411662
l9,363,0.0048298204647125795,-0.019444523864614843,-0.026757639267759526,-0.009209859430171292,0.07473130442139597
l9,364,-0.02786077827467297,-0.022308688210743288,-0.07208035840123206,-0.009521916073080366,-0.0075321504136361735
l9,365,-0.02764553740464573,-0.06264642522429412,-0.04413224100615249,0.0036572909921706257,-0.007460774380306954
l9,366,-0.021162293696814508,-0.0046350631663693125,-0.06526129259207832,-0.007799631304549011,-0.00695318772426139
l9,367,-0.0326280089762993,-0.019189483640365025,-0.05009448864291772,-0.03976276697971511,-0.02146529664219934
l9,368,-0.02759810097722767,-0.04526699734001326,-0.0006308132820711989,-0.009776362369211975,-0.05471823091761425
l9,369,-0.021131032476717576,-0.04075874896740578,0.03210784857306177,-0.02609444692795138,-0.049778782584574924
l9,370,-0.015283514557799423,0.03228812116193144,-0.018269515264048766,-0.01252932261643697,-0.0626233415126434
l9,371,-0.009290273761784918,0.03062568158262833,-0.03517596986252285,0.0023108414834279193,-0.034921648250673065
l9,372,-0.013782927554542374,0.004322283949128498,-0.04893499624804487,-0.02406926003142731,0.013550262112174194
l9,373,-0.011838163228656766,-0.023740021309513623,-0.03718305834770542,-0.01643395468730343,0.03000438142989541
l9,374,0.00521196900031707,0.013430516048924371,0.06216846386140337,-0.02479071060918136,-0.029960393299878103
l9,375,-0.044858679613879016,-0.04700092658476929,-0.05845271744426503,-0.013943524754293677,-0.06003754967218808
l9,376,-0.027698472371587776,-0.06995556689585135,-0.04417338397835356,-0.019848005052686933,0.023183066440540752
l9,377,-0.03757188291300591,-0.013991895800699875,-0.04281875336241109,-0.024055200323375093,-0.06942168216553758
l9,378,-0.019383810484650665,-0.03177467271874716,-0.003525087357919123,-0.01734523018071504,-0.02489025168122133
l9,379,-0.025313049611623343,-0.03290697096405769,-0.031385397445305066,0.006589384883131492,-0.043549214920262105
l9,380,-0.006370911633888362,-0.03216659853181959,0.05665332362734417,-0.009372144759969739,-0.040598226871108284
l9,381,-0.04714868920417802,-0.05384331251062657,-0.06809040297052174,-0.01591707026176725,-0.05074397107379653
l9,382,-0.016768543531698668,-0.04587085585771407,-0.05338781253989884,-0.008383453674091873,0.040567947944910115
l9,383,-0.03391007133908743,-0.0031640986221706992,-0.045641339386663794,-0.028082868875832674,-0.05875197847168257
l9,384,-0.0061165023139486355,-0.039096022341123145,-0.061548965715071756,0.018807796725910125,0.05737118207449023
l9,385,-0.028140815454614505,-0.03039874676343014,-0.017633311832425225,-0.02281807138873594,-0.04171313183386671
l9,386,0.009553218900634666,0.07962824073612412,-0.020514037328575888,-0.0028469222384937317,-0.01805440556651584
l9,387,-0.024848446029023388,-0.056637369499548174,-0.0327890672468843,-0.02531636865395237,0.015349021284291293
l9,388,-0.05196253290893542,-0.0444406409706648,-0.07074158250213655,-0.028963509771953503,-0.06370439839098684
l9,389,-0.03556206899803382,-0.026465493202364312,-0.03496782479591233,-0.013678254291351995,-0.06713670370250663
l9,390,-0.016471390527756546,-0.054036761375603856,0.035134396830428336,-0.0097558821899697,-0.03722731537588096
l9,391,-0.02293188158453361,-0.00474110107586361,-0.06908367136551985,-0.005560928727928875,-0.012341825168822108
l9,392,-0.019950110932196397,-0.03818832234595672,0.004960588105790975,0.005053333732454926,-0.051626043221074766
l9,393,-0.021876841579907165,-0.003869661032647375,-0.030703712925869667,-0.01054031427792599,-0.04239367808318563
l9,394,-0.042259976176182434,-0.03639609961111252,-0.06097435557617417,-0.026721495448682398,-0.04494795406876065
l9,395,-0.01581780497383242,0.029617023492163726,-0.042015987012935775,0.010658027467234068,-0.0615302838417917
l9,396,-0.011203421427143045,-0.018248020069501075,-0.03498738936521474,-0.001357082449220462,0.009778806175364101
l9,397,-0.021613300201981673,-0.018524554230700825,-0.03901532426453203,0.004780875586773442,-0.033694197899467274
l9,398,0.010868757389669925,0.15230224527976838,-0.0182736769183987,-0.029874565003420565,-0.06067897379926941
l9,399,0.005594812758053616,-0.0393242221501114,-0.005770645471524574,0.009908663714938669,0.05756545493891177
l9,400,-0.02932357736891255,-0.05663265869508642,-0.03748086800846884,-0.00025189241057302835,-0.022928890361521924
l9,401,-0.02425682883230304,0.0115223840754488,-0.041648034612636955,-0.01427637887053032,-0.052625285921493674
l9,402,0.0007025143890505986,-0.019802978703271155,-0.017669922281106053,0.019500839778921683,0.02078211876165792
l9,403,-0.022590739301706294,-0.04633398703131662,0.008693165170865526,-0.028751880299852435,-0.02397025504652164
l9,404,-0.0440580260145804,-0.048953669008977574,-0.059941516071735604,-0.04270419242487923,-0.0246327265527292
l9,405,-0.04155781303557357,-0.03600649823857826,-0.06419303750323414,-0.036034886713906894,-0.02999682968657498
l9,406,-0.030163451253426007,-0.0552099299704375,-0.03277087803073521,-0.019010170974496685,-0.013662826038034636
l9,407,-0.04183211767639984,-0.07545681963145512,-0.06353164748890425,-0.01145548981067435,-0.016884513774565638
l9,408,-0.03485912102398612,-0.017642567692673597,-0.06202845938717857,-0.009832729438493218,-0.0499327275775991
l9,409,-0.007539273988670263,-0.042484238316916535,0.06145228480902213,0.01782996482862849,-0.06695510727541513
l9,410,-0.00854921119750752,0.020803806411559145,0.03501368543116989,-0.033667548954064264,-0.05634678767869485
l9,411,-0.009052099536343174,-0.033578669245103686,-0.056922488374468845,0.021123719577154393,0.03316903989704544
l9,412,0.012186883996091078,-0.022182250912106606,0.051391731501606516,-0.009280919409053071,0.028818974803917475
l9,413,-0.016680690015733045,-0.020544085246912258,-0.04073118184652106,-0.013364511459816658,0.007917018490317805
l9,414,0.010131173980739133,-0.029003794307041215,0.05061680016697214,-0.016503126366436,0.03541481642946161
l9,415,-0.024747611729324902,-0.03060432934116347,-0.02228151827532115,0.01404121753509874,-0.060145816835913725
l9,416,-0.018220849299429655,-0.02945812290074882,-0.02778939882058654,-0.020140712034159014,0.004504836557775748
l9,417,-0.0103087764870539,-0.0581915940544763,0.03395059560923851,0.028366844366899565,-0.045360951869877375
l9,418,-0.0041162653024135725,-0.042850351496576775,-0.0023523309978847537,-0.004025246469741899,0.03276286775454914
l9,419,-0.008628724724664963,-0.057463929183414815,0.054191254806010565,-0.009875125102226922,-0.02136709941902868
l9,420,-0.03375403959002988,-0.057531469188067175,-0.03245433135758043,-0.014048899975417549,-0.030981457839054375
l9,421,-0.029599973445336256,-0.03726623042446669,0.0030353376082970056,-0.020798134617900494,-0.06337086634727485
l9,422,-0.021354115929496154,-0.04727988909675464,0.004070286297412564,-0.02324427599106914,-0.018962584927573398
l9,423,-0.025422572418777926,-0.01987875300939795,-0.01628555318033318,-0.011001357866309429,-0.05452462561907115
l9,424,-0.007324343063457807,-0.03128687409935383,-0.03065531632445909,-0.006275265077665574,0.038920083247647265
l9,425,-0.02999681309033071,-0.029583602730279504,-0.06800881666457931,-0.006818040136556984,-0.015576792829907041
l9,426,-0.029301652239268648,-0.028745729673862595,-0.04451140489905776,-0.0003771640974861265,-0.04357231028666811
l9,427,-0.014933970402272866,-0.030148932294652264,-0.028870293410315,-0.037801310826012874,0.03708465492188867
l9,428,-0.019395572165381132,-0.03989736090078535,-0.044490266606868674,-0.02427285510516158,0.031078193951291074
l9,429,0.009398097802338048,-0.0023342039455966582,0.03280683757131459,-0.0006509287280655873,0.007770686311699849
l9,430,-0.010906265675058759,-0.044884835464859704,-0.043719963138912674,0.056276049655793026,-0.011296313752255684
l9,431,-0.009726009252439764,0.00826772744071188,0.01949099268326879,0.0016404419712702546,-0.06830319910500998
l9,432,-0.021912946849820793,-0.041708332193720894,0.00981223071968525,0.010319400523562968,-0.0660750864488105
l9,433,-0.012974827068630143,0.006169585258915621,-0.02079225411556978,-0.03268382948001714,-0.004592809937849265
l9,434,-0.014356118658424516,-0.03325042583944708,0.02884568263009626,0.0023636214517799257,-0.05538335287612717
l9,435,-0.012765944351938726,-0.04725635023717821,0.019968346219315095,-0.03728549159181926,0.013509718201927465
l9,436,-0.0484590195759116,-0.040916187082966446,-0.08070517050695333,-0.025057315772387616,-0.04715740494133902
l9,437,-0.027788106246971964,-0.019978254804997812,-0.007151970170638119,-0.020444385743074767,-0.06357781426917716
l9,438,-0.002880958504126876,-0.04010197402825033,0.05310932651555303,-0.03367298492578079,0.009141798421970587
l9,439,0.0083929620895987,0.08682303194500653,-0.046599049475278494,-0.010880445892896003,0.004228311781562771
l9,440,0.00012772512972534372,0.07392712547181954,-0.010977865337207357,-0.01732490152414696,-0.04511345809156384
l9,441,-0.022051861384608174,-0.024474043521483437,-0.043117330966757274,0.008992214758250738,-0.029608285808442728
l9,442,-0.027260086459439524,-0.038251444253458805,-0.023532400075606415,-0.023275970087750102,-0.02398053142094276
l9,443,0.00669088821178957,0.03014854253937199,-0.01587774653367928,0.011117357084739873,0.0013753997567256988
l9,444,0.0031618578548029313,-0.02602719499150563,0.03492170780225702,0.025355824890219356,-0.02160290628175902
l9,445,-0.012798141521128029,-0.05645766055053379,0.001883771076641269,-0.00048422522838991247,0.003865548617770319
l9,446,-0.0027364506594764852,-0.027343366420588953,0.09195867962109575,-0.008436857465374191,-0.06712425837303854
l9,447,-0.030524154751729336,-0.03827782535603139,-0.008844375976202757,-0.021841360201415125,-0.05313305747326808
l9,448,-0.018967627993134062,0.028043396558692146,-0.045914285175702035,-0.002879428314306109,-0.055120195041220246
l9,449,0.008376086640888488,-0.04373728150204987,0.056548050831459015,0.013071573800794243,0.007622003433350563
l9,450,-0.0024808770980847324,-0.012093249643597847,0.018396320763429837,-0.0008601452621168085,-0.015366434250054111
l9,451,-0.01993608402738867,0.0013705488683356864,-0.05887814232761756,-0.01268687587528948,-0.009549866774983326
l9,452,-0.010985648932837225,-0.009570741988706027,0.02971828241087584,-0.005749518972662413,-0.0583406171808563
l9,453,-0.008451864322570569,-0.026475571309431217,0.0004630217517419405,-0.015727197688907627,0.007932289956314625
l9,454,-0.03230391281972921,-0.031179525895990726,-0.043155846149733924,-0.004559533418521283,-0.050320745814670914
l9,455,-0.015390001789623534,-0.03605554227644419,-0.052656528994021644,0.019646453822255414,0.0075056102897162885
l9,456,-0.015473391866900155,-0.027119303994690577,0.04017907485426559,-0.01965283233279718,-0.055300505994378454
l9,457,-0.04118236587349744,-0.03952650550494737,-0.07903013658110408,-0.013473409312447136,-0.03269941209549117
l9,458,-0.012301866625244615,-0.021620310248951526,-0.052154966333195496,0.03028159312373957,-0.005713783042571005
l9,459,-0.012165301828192558,0.007577529164825203,-0.007696819559700054,-0.0005363241093271859,-0.04800559280856819
l9,460,-0.02724045741163296,0.007319156230643295,-0.046305095778264437,-0.007901198455431652,-0.062074691643479056
l9,461,-0.020604722778131863,0.0046572664383825076,-0.027239935865532524,-0.005244375208579193,-0.05459184647679825
l9,462,-0.03457118744846374,-0.029506574909302054,-0.0903379809235457,-0.018215012831299636,-0.00022518112970756204
l9,463,-0.04059117651234262,-0.061713629228556645,-0.04321251290096044,-0.03859749201896054,-0.01884107190089285
l9,464,-0.016660863291107653,-0.04264226088331499,0.060550538611175334,-0.019578663311418183,-0.06497306758087278
l9,465,-0.01967954795097414,-0.021921232137517142,0.016849087796023694,-0.019843138872509967,-0.05380290858989314
l9,466,-0.02338578062265645,-0.030691706825169293,-0.023995864069975375,-0.023349955418464484,-0.015505596177016634
l9,467,-0.034592670296514055,-0.02152517634969757,-0.04484258621070805,-0.02604206957547069,-0.045960849050179914
l9,468,-0.014797570757655873,-0.04072275204053478,-0.0016266460349832782,-0.03006123659827003,0.013220351643164591
l9,469,-0.01808642085370221,-0.028128874867193596,-0.010454615743298068,-0.003340477344421269,-0.030421715459895898
l9,470,0.009640284017784242,-0.028012440515536415,0.055652900137800644,-0.007728291302057668,0.018648967750930407
l9,471,-0.008716616159604304,-0.009371379190739068,0.03135996131908188,-0.010845021326068703,-0.04601002544069132
l9,472,-0.011094162231920375,-0.0022119071194171584,-0.022501424898902264,-0.03087648886238734,0.011213171953025262
l9,473,-0.03618535051137534,-0.06676833627295854,-0.0671615978695457,0.00013803450805810122,-0.010949502411055212
l9,474,-0.004465704152563277,-0.021904525344206595,0.02278647141786798,-0.011970920217235571,-0.006773842466678922
l9,475,-0.009821474278380102,-0.03274835881333456,-0.06080222392898056,0.014047585503602368,0.04021710012519234
l9,476,-0.032191113668843536,-0.04299312210469628,-0.02513420400066536,0.007734930658781329,-0.06837205922879384
l9,477,-0.0021935069495488003,-0.0017779640600350585,0.031487926653542726,0.02314020396036029,-0.06162419435206316
l9,478,-0.01441515144357172,-0.034439647647150004,-0.012338929292682278,-0.01203710677144064,0.0011550779369860435
l9,479,-0.029726965651137204,-0.03538239789017522,0.0027591124697039227,-0.03159616071081724,-0.05468841647326028
l9,480,-0.03481471362818885,0.007489737666337494,-0.0921308087576414,0.00023339729388721251,-0.054851180715338725
l9,481,-0.034508407751006664,-0.03307081502287087,-0.024259633799776647,-0.007965134854063196,-0.07273804732731595
l9,482,-0.026666478864565808,-0.05033464537862283,-0.03967777744841108,-0.0020776601236241025,-0.0145758325076052
l9,483,-0.030342798452446255,-0.015584185831013425,-0.0434120124969611,-0.018471103176564398,-0.04390389230524609
l9,484,-0.007178533765776143,-0.00842794758817653,-0.04344967266504754,0.03146413208961764,-0.008300646899498143
l9,485,-0.028007054564137986,-0.009697343592071108,-0.034084345471203994,-0.006232648609126482,-0.06201388058415036
l9,486,-0.035456606179778125,-0.03269202487793111,-0.04345850067688969,-0.003214266698038491,-0.06246163246625322
l9,487,0.004587654408847378,-0.010515672518591687,0.06837898291697786,-0.014976668257663696,-0.024536024505332966
l9,488,-0.027341032256373705,0.028858835428722692,-0.0785092782601641,-0.006983624628377854,-0.05273006156567556
l9,489,-0.010068321445494102,-0.04118765285507953,0.031721655968218965,-0.009978429964246143,-0.020828858930869693
l9,490,-0.0034952809894082688,-0.03077473454800256,-0.01826572859406125,0.008373227151884878,0.02668611203254586
l9,491,-0.01513222161627507,-0.02896736219677369,-0.01064525035705988,-0.004452068929593306,-0.016464204981673402
l9,492,-0.040667537786673674,-0.03491791351118878,-0.04534125413227817,-0.023493813644443622,-0.05891716985878413
l9,493,-0.03148541787462238,-0.024613656939885084,-0.04278346293846478,-0.03174558103766051,-0.026798970582479157
l9,494,0.0010033532033096766,0.00973766468413884,-0.04666973903522355,-0.025289965219704252,0.06623545238402767
l9,495,-0.03179657080794597,-0.011849843898433157,-0.05902367790735884,-0.02182602357766976,-0.03448673784832211
l9,496,-0.0239440281744953,-0.034750080349526646,-0.03585532178412643,-0.016869096921969803,-0.008301613642358326
l9,497,-0.0473557490772586,-0.04878883879284049,-0.0511789708017051,-0.022328234043002246,-0.06712695267148655
l9,498,-0.005355722946400488,-0.02233932189870691,0.01093247167088478,-0.018199296324968636,0.008183254767188815
l9,499,-0.024350331237082176,-0.0337591227897929,-0.03577151897141865,0.023295574030786075,-0.05116625721790324
l9,500,-0.011970214388717417,-0.029906752281154633,-0.029850035734719168,-0.0058795078217287414,0.01775543828273287
l9,501,-0.030667235557325433,-0.03631498228191183,-0.07309934432687819,-0.018794808897879135,0.005540193277367424
l9,502,-0.035402704338910275,-0.0284551337823454,-0.04936317640519591,-0.008481780395523978,-0.055310726772575806
l9,503,-0.0389526525854316,-0.014099613203542877,-0.06840579410586255,-0.021391256439630864,-0.05191394659269014
l9,504,-0.02867585808875913,-0.018213826944894426,-0.055328385498304725,-0.031615543118302364,-0.009545676793535011
l9,505,-0.03556227737810403,-0.03442687659027191,-0.049583241406629175,-0.024908541554843282,-0.03333044996067174
l9,506,0.005309619080370621,-0.012075607526067955,0.0602713399768718,-0.019363785960613604,-0.007593470168707754
l9,507,-0.028983754490317475,-0.02121548551631017,-0.03121669362656419,-0.016762418483819503,-0.04674042033457604
l9,508,-0.025862926965061248,-0.009339311904004107,-0.043716948479320526,0.013820307356983903,-0.06421575483390426
l9,509,-0.029473444168644523,-0.053372643576826334,-0.046997805746285065,-0.013173033460820016,-0.004350293890646674
l9,510,-0.035426883446746674,-0.044461519835323454,-0.055273585112515566,-0.001268202443120663,-0.04070422639602703
l9,511,-0.02805361146323685,-0.0029816539898350515,-0.02793279491861473,-0.0276568106915559,-0.053643186252941726
l9,512,-0.00807817592589898,-0.053540159556423696,0.06660064153682735,-0.013710787908756796,-0.03166239777524278
l9,513,-0.04672955287642309,-0.05197367639576699,-0.02601326487174511,-0.03373689478478617,-0.07519437545339408
l9,514,-0.015972641097893724,-0.04085426773543656,-0.024554592026120658,-0.00953633506651196,0.011054630436494281
l9,515,-0.01602538206777236,-0.025523501186820223,-0.03055243284642227,-0.016362938531876488,0.008337344294029546
l9,516,-0.022529392826786083,-0.014500838133912688,-0.07679010578138015,-0.012715050765598618,0.013888423373747127
l9,517,-0.02905124430920593,-0.05515633428385481,-0.05027480313272405,0.013269449474160352,-0.024043289294405204
l9,518,-0.008684650554937605,-0.04959395490772438,-0.028387271017640082,-0.010434738367345996,0.05367736207296005
l9,519,-0.004860027616703622,-0.03331362924220241,-0.03211077382054925,0.007127346393494608,0.038856946202442566
l9,520,-0.025178428100569653,-0.028747688019153863,-0.04282779196587796,-0.015947501799960115,-0.013190730617286683
l9,521,0.006545833398989803,-0.03207042561385334,0.008869910440365319,0.05020389748243805,-0.0008200487129908173
l9,522,-0.01797036450737403,0.08020697735850038,-0.05447206401232061,-0.017214993721472265,-0.08040137765420363
l9,523,0.0007810855052625488,-0.039227698902444444,0.06243593389317502,-0.005948100703741018,-0.014135792265939362
l9,524,0.008225519688743568,-0.023801452481744895,0.06860694727367654,-0.016312935912485706,0.004409519875528329
l9,525,-0.036758611103422406,-0.048904185419311436,-0.06145543795214771,-0.018154896875726786,-0.018519924166503686
l9,526,-0.014450560532827486,-0.030026199297754345,-0.039038754352701883,0.0005410968446332041,0.010721614674513083
l9,527,-0.006481649613471306,-0.021854583646772063,0.07855241449491165,-0.02370337954776939,-0.058921049754255425
l9,528,-0.031093586585022526,-0.01679237049009858,-0.08564916322122526,-0.023458770618671507,0.0015259579899052217
l9,529,-0.028649305759256994,-0.031205693190665604,-0.032265911748924736,-0.01933591849919475,-0.03178969959824289
l9,530,-0.014814180546629795,-0.02612746446634629,0.05618200628321479,-0.02818727750764538,-0.0611239864957423
l9,531,-0.02658708561153665,-0.06807339909314487,-0.06025679869801002,-0.004486262392213595,0.02646811773722188
l9,532,-0.03184463419426588,-0.04916961166332712,-0.08003710732832905,0.011545853435385962,-0.009717671220793289
l9,533,-0.016235580809600584,-0.07347152307416276,-0.07376702339624346,0.0071713706688162565,0.07512485256318761
l9,534,-0.003938829453915577,0.027213218768587673,-0.039794627874162096,-0.020568257656875113,0.01739434894678723
l9,535,-0.021772855003539253,0.03531982717387768,-0.05835016642652141,0.006315407313520431,-0.07037648807503372
l9,536,-0.013781658672447548,-0.01845975130661092,0.03548265518541331,-0.016292199245058488,-0.055857339323534094
l9,537,-0.0037025920018741616,0.06725909939508475,-0.06189809206353441,-0.025563013324560863,0.00539163798551388
l9,538,-0.016505600359150073,-0.021615228172433373,-0.06521664238108432,0.007192624658562348,0.013616844458355044
l9,539,-0.027256496390727518,-0.022512185045990868,-0.025381111133375024,-0.01217583817214805,-0.04895685121139613
l9,540,-0.03354690295636407,-0.04945984759699172,-0.08201847904645013,0.015578716017922337,-0.018288001199936774
l9,541,-0.004570039531667113,0.016639268774850717,0.047719611135023675,-0.026256682133762435,-0.05638235590278041
l9,542,-0.018333630153459363,-0.04842651617213502,-0.04574140883516915,0.015979593374103606,0.004853811019363111
l9,543,-0.03970031176725546,-0.02422736402968851,-0.037269401221807025,-0.033534528446409466,-0.06376995337111685
l9,544,-0.010611667939066581,-0.0434741009695155,0.06688644865463371,-0.02487477056504947,-0.04098424887633507
l9,545,-0.01945505233810668,-0.020963372207869403,0.033214581588328324,-0.02308825125684145,-0.06698316747604419
l9,546,-0.006279217082575499,-0.06551268752681748,0.019596440429989235,-0.00760691490869444,0.02840629367522069
l9,547,-0.008843242292951616,-0.03489020634927682,0.05230570727445469,-0.015825445429867416,-0.036963024667116914
l9,548,-0.018277732209069524,-0.05307568790669412,-0.0551906557175916,-0.01097356544003697,0.0461289802280446
l9,549,-0.014000109552260012,-0.05364869739326073,0.048341693746987976,-0.012911257234078361,-0.03778217732868893
l9,550,-0.019227360755107933,-0.007866939595665225,-0.044561448910585395,-0.008816291241162816,-0.015664763273018294
l9,551,-0.005460606859390805,0.04099380042607485,-0.02436409072233343,-0.02191766491176261,-0.016554472229542032
l9,552,-0.007540101001161244,-0.017646509092837367,-0.025803722082148216,0.01673890665416037,-0.0034490794838197593
l9,553,-0.020609416536836966,-0.04882499598935254,0.05496961062728852,-0.02475260428903172,-0.06382967649625212
l9,554,0.026826576564631954,0.0943323117076798,0.028266754507849202,-0.01467662903184503,-0.0006161309251561508
l9,555,-0.01681076901849249,0.0523478322808476,-0.05109084286415238,0.0013238143170368425,-0.06982387980770202
l9,556,-0.018794684530611398,-0.008382069233486535,0.006876045241586553,-0.027175995458898546,-0.046496718671647064
l9,557,-0.0024164578910545152,-0.03427288967931811,-0.03362183558437813,0.001839167310201815,0.056389726389276376
l9,558,-0.033222530980747816,-0.04965264169326246,-0.028181433502686575,-0.0012968797206256428,-0.05375916900641657
l9,559,-0.014687191977607029,-0.01563785004243163,0.00046964794059212514,0.013124188240057885,-0.05670475404864649
l9,560,0.05778949429738396,0.11143393619098121,0.06580243820928382,-0.009137389967009371,0.06305899275628019
l9,561,-0.02876469379014847,-0.039825630816841456,-0.004429986555137683,-0.009336705706808024,-0.061466452081806705
l9,562,-0.017190556561701525,-0.011050248758605656,-0.029148003451462078,-0.016710672390659573,-0.0118533016460788
l9,563,-0.018479712000930522,-0.05236108842820464,-0.03545333334239608,-0.025014572812346366,0.03891014657922501
l9,564,-0.02016116658547244,-0.012177985758753762,-0.029658114143948897,-0.015862626711952425,-0.022945939727234674
l9,565,-0.023482629183584795,-0.07059278782135844,-0.04076961727658204,-0.022043317971955818,0.039475206335557136
l9,566,-0.028153767664317045,-0.028184455253721336,-0.03736813457212447,-0.026209150661953045,-0.02085333016946933
l9,567,-0.03939778423677612,-0.05221879780728618,-0.014238946646094243,-0.03578384069275367,-0.055349551800970356
l9,568,-0.005436582333743962,0.008965319900473985,0.0013402853028760004,-0.017335221737921076,-0.014716712800404756
l9,569,-0.028658332427916218,0.009250215865678325,-0.03946079625212848,-0.03583601993466821,-0.04858672939054651
l9,570,-0.0321318994827908,-0.0116501102831743,-0.032580432182531927,-0.017584661030435635,-0.06671239443502132
l9,571,-0.02402037728452927,-0.03607163954887461,0.01349231349838074,-0.006175971463374777,-0.06732621162424843
l9,572,-0.023108798079346314,-0.044267527511061486,-0.02692865553116603,-0.013647414274774292,-0.007591595000383431
l9,573,-0.0379669332358602,-0.04389934810989811,-0.021002403485193083,-0.021585633534670606,-0.06538034781367902
l9,574,-0.03152236440716337,-0.04159101394191983,-0.009370363503481857,-0.0021571144148040833,-0.0729709657684477
l9,575,-0.019023748774049252,-0.04951326374558343,0.0015552195770176767,-0.026238600156179653,-0.0018983507714516023
l9,576,-0.030282890381873095,-0.05267258155874172,-0.07221358969444966,-0.02611434478148961,0.0298689545071886
l9,577,0.01119042786264008,0.09544447434207362,-0.010415028782501836,-0.011603852627733195,-0.02866388148127827
l9,578,-0.027329485996796153,-0.023660901286360968,-0.06918892832901044,-0.010086971188913559,-0.006381143182899647
l9,579,-0.03637415359133372,-0.051374935044884516,-0.03154825810214443,-0.013789398932256449,-0.04878402228604948
l9,580,-0.04299619659185253,-0.07013836068112883,-0.03027990302391952,-0.022077673996571606,-0.049488848665790175
l9,581,-0.02187698365444295,0.02304671878827165,-0.09553360472629133,-0.004021956410907423,-0.010999092268844702
l9,582,-0.005006216395243606,0.03400196532058297,-0.003066711768132741,-0.013080534971629336,-0.03787958416179532
l9,583,-0.019893355736343182,-0.060714482153005456,0.010627885159757381,-0.018972992603256033,-0.010513833348868611
l9,584,-0.030639155454371063,-0.05799763457524283,-0.05611049491531025,-0.01658502422491446,0.008136531897983273
l9,585,-0.00679149813464404,0.023746127256781557,-0.05987563944496702,0.008248689099005876,0.000714830550603434
l9,586,-0.0029072617546897915,-0.012180209040233952,0.034221671456258713,-0.0347567458862155,0.0010862364514315748
l9,587,-0.013817306692065429,-0.012364123106809753,-0.021672507746981744,0.017683579930290717,-0.03891617584476094
l9,588,-0.004905444943093301,-0.04234609552155085,-0.011415318361471114,0.003187383142135139,0.030952250968513628
l9,589,0.005779121229384241,-0.012959224331695137,0.04278097635167887,-0.006522383522375423,-0.0001828835800713512
l9,590,-0.03692017074846506,-0.028093831840729354,-0.05199004576694476,0.001577335293801111,-0.06917414067998724
l9,591,0.010174163454589519,0.01791202868872943,-0.03391448986038811,-0.024611826259543047,0.0813109412495598
l9,592,0.0072557682664769335,-0.012909529614939245,0.04050790140706645,0.014645665855915539,-0.01322096458213501
l9,593,-0.01336746863865599,-0.058088744913355674,0.01818301395613815,0.012342645554254192,-0.02590678915166062
l9,594,-0.013939358729564297,-0.023585973447320406,0.025915218599011688,-0.013178555073331766,-0.0449081249966167
l9,595,-0.02441527405662959,-0.002205779556507777,0.0022709572912046876,-0.031055643246266335,-0.06667063071494894
l9,596,-0.046084534819240595,-0.057002663812872424,-0.06254478331043849,-0.009892318214970632,-0.05489837393868082
l9,597,-0.05040513118623373,-0.060819393772001185,-0.02699819879444157,-0.03662085447643332,-0.07718207770205886
l9,598,-0.014774357479195905,-0.03691839743006428,0.07459237875248637,-0.033210966621265874,-0.06356044461793983
l9,599,-0.03347857267228792,-0.013036837653213257,-0.031015433411593542,-0.023133196454089157,-0.06672882317025573
l9,600,-0.015793665059784735,-0.022717403292510163,-0.05650913344455508,-0.015107035388766557,0.031158911886692855
l9,601,-0.02644862535696928,-0.010128270855676818,-0.030006326065644115,0.002440905283288674,-0.06810080978984487
l9,602,-0.03193322148185941,-0.04644127577356376,-0.005567350730129379,-0.005547460361599541,-0.07017679906214495
l9,603,0.00919382290713311,-0.003577927475010994,0.017350147241650356,0.05568186758060038,-0.032678795718707306
l9,604,-0.008682617917381568,-0.022775584660437508,-0.01923228294287503,-0.030999727408733024,0.038277123342519294
l9,605,-0.008523440338547425,-0.025177645314140448,-0.052858329662163084,0.029568960995969784,0.014373252626144051
l9,606,-0.0230723438498463,-0.049715192694125394,-0.07374298172135188,0.00739385522998319,0.023774943786108872
l9,607,-0.04377564614226943,-0.05434725620107003,-0.05176116157101723,-0.014688130028776164,-0.05430603676821427
l9,608,-0.03551341921493807,-0.03729509161899075,-0.04240178652637093,-0.02674132610227094,-0.03561547261211967
l9,609,0.0006565660060913452,-0.019117323819622563,-0.006651374592281477,-0.012158315509833772,0.04055327794610319
l9,610,-0.036517122879265715,-0.044419365519245003,-0.028783811115049227,-0.0063383173843087875,-0.06652699749845983
l9,611,-0.006327140969197566,-0.03520856236294117,-0.0022221314711028664,-0.02839667689093958,0.04051880684819336
l9,612,-0.01878131825017618,-0.07514216469573996,0.05297626026287165,0.0056431407691597425,-0.05860250933699615
l9,613,-0.006089419538556537,-0.038365115904387834,-0.008209868075338156,-0.005998810993706192,0.028216116819206036
l9,614,-0.019993243748923833,-0.028359410432549064,-0.009940893054473375,-0.03228937460590246,-0.009383296902770434
l9,615,0.004842239774294439,-0.03167166674930105,-0.038880728355204314,0.020172976113580553,0.06974837808810257
l9,616,-0.028936010636459168,-0.052640993161192445,-0.048075466946298814,-0.0011524881051072126,-0.013875094333238209
l9,617,-0.018392901107660158,-0.03301122025735085,0.05446082038606343,-0.03906712071472556,-0.055954083844627654
l9,618,-0.025395291708441736,-0.03019615222189298,-0.020386067464167747,-0.005147433576063629,-0.04585151357164259
l9,619,-0.0038234809126830426,-0.02606366668307047,0.07245899773592582,-0.022724007878806567,-0.03896524682478095
l9,620,-0.039269902230442896,-0.011137465617579565,-0.07343142139017406,-0.01050148446649194,-0.06200923744752601
l9,621,-0.010339089256414528,0.02723749903260117,-0.054474389269652854,0.0032366387276725273,-0.01735610551627895
l9,622,-0.02674739439110198,-0.04103040927309594,-0.025482917454033555,-0.004196471580858797,-0.036279779256419634
l9,623,0.004746964868541145,0.058778900868130333,-0.05705478743622269,-0.009767858534459247,0.027031604576716182
l9,624,-0.020360088666021774,-0.02371563851674162,-0.0698845002697167,-0.011298178164294459,0.023457962286665676
l9,625,-0.020299889142610134,-0.0027761376315002285,-0.029795819043357784,0.016840358658135927,-0.06546795855371845
l9,626,-0.020508076058241287,-0.027937829480742683,-0.011671101083440412,-0.0061153102581260835,-0.036308063410655976
l9,627,-0.025317872445655948,-0.013844328829142633,-0.07348973554570436,-0.018829581912672463,0.004892156504895666
l9,628,-0.031298553869103414,-0.06618229702753572,-0.08148921827268732,0.03698926528646633,-0.014511965462656935
l9,629,-0.024980540663609756,-0.0018690114044894678,-0.04945372817931893,0.0033709687371128874,-0.051970391807743516
l9,630,-0.031197342196103893,-0.05325747808664984,-0.042920975505607244,0.005128506207704714,-0.033739421399863224
l9,631,-0.008123360457248222,-0.053998307541888335,0.06214685420669395,0.003718232310484228,-0.04436022080428273
l9,632,-0.005931439181339735,-0.03728386404580966,-0.029326227131134242,-0.022623152695803783,0.06550748714738874
l9,633,-0.0364216189233468,-0.0497933476648354,-0.051292000386342296,-0.03164142624642754,-0.012959701395781962
l9,634,0.013352271268531293,0.03451963160236465,-0.005177189280469225,-0.015213428210698491,0.03928007096292824
l9,635,-0.02237375645357291,-0.05142004244283385,-0.025463428285904668,0.017779543593381575,-0.03039109867893469
l9,636,-0.051576807440669996,-0.049310292745655265,-0.09016521839387678,-0.031713801235087116,-0.035117917388060825
l9,637,-0.024051920518669435,-0.053371426194596394,-0.027941570343082634,-0.00250585169550475,-0.012388833841493956
l9,638,0.014086360783308082,0.028012645139930747,-0.030883684170200418,0.0072913775194754565,0.05192510464402655
l9,639,-0.02562770020728772,-0.037871207654747004,-0.06848079690647337,0.011235221390918924,-0.007394017658849433
l9,640,-0.02944252615761057,-0.04615232676876581,-0.039801243116884405,-0.020846785155563194,-0.010969749589228875
l9,641,-0.0427188617223164,-0.043725177930435184,-0.05829043698021922,-0.024835090566486348,-0.04402474141212483
l9,642,-0.03209421701515516,6.34636344095385e-05,-0.06761330975087788,-0.008503911810108133,-0.052323110134044164
l9,643,-0.014872986789033546,-0.0466520190933965,0.053508358346692715,0.0023128862525113748,-0.06866117266194177
l9,644,-0.010397665789570078,0.0540767837422112,-0.058004460284518375,-0.034099828847018475,-0.003563157768954661
l9,645,-0.01495928825472706,-0.025754323209995426,-0.033728324814048444,0.027481480305097866,-0.027835985299962236
l9,646,-0.025740755030627727,-0.049233417389636734,-0.05314463471816379,-0.0016957319052303514,0.001110763890519958
l9,647,-0.003937643637429603,-0.02884494396936785,-0.029686128370314594,-0.015422375753239995,0.058202873543204026
l9,648,-0.0024724110805384746,0.047793611409395434,-0.04009442355334436,-0.0071307546032709414,-0.01045807757493403
l9,649,-0.012639330123518634,-0.021495503630240116,0.001918113039296225,-0.03657454493200694,0.005594615028876298
l9,650,-0.03325339158315955,-0.0668535785836708,-0.06596085971584838,0.00032159380717007406,-0.0005207218402890981
l9,651,-0.01752779523223215,-0.038467040185777714,0.026182202068196152,-0.03582520937340009,-0.022001133437946938
l9,652,-0.03969720723056709,-0.044815971035541975,-0.03371525157509986,-0.03969439058294715,-0.04056321572867938
l9,653,-0.04045313303466618,-0.02041366648165554,-0.05300278540235877,-0.02010722152057453,-0.06828885873407589
l9,654,-0.01397163390065384,-0.023724779499627504,0.05157480399343603,-0.022650284066579464,-0.06108627602984443
l9,655,-0.024952622255019832,0.006321598104985834,-0.04941711173553305,0.0001856446661340702,-0.05690062005566619
l9,656,-0.01658357093582069,-0.030961139692104837,-0.05360384200597729,-0.011429461057631221,0.029660159012430583
l9,657,-0.0329996771816571,-0.050418767241106686,-0.03174757888370815,0.007768514136319418,-0.05760087673813298
l9,658,-0.022089464715899627,0.0637503285334667,-0.06923641981223572,-0.025432964376588298,-0.057438803208241185
l9,659,-0.0139249600634855,-0.020645981528848785,0.0012245231831633438,-0.012962756729103797,-0.02331562517915276
l9,660,-0.037540157549411535,-0.02604880952893166,-0.05373757144067458,-0.007299111191252549,-0.06307513803678733
l9,661,0.020028908762478377,0.12205844270472448,0.031821542653920724,-5.48043777088388e-05,-0.07370954593102286
l9,662,-0.04093664796142699,-0.019087838018218374,-0.065477236737614,-0.023344902603796173,-0.05583661448607941
l9,663,-0.034864398364081534,-0.02366020841127025,-0.020694412350088107,-0.02461720349810046,-0.07048576919686732
l9,664,-0.0324903259863111,-0.035906724260043286,0.004903060949953837,-0.026456852755781322,-0.07250078787937363
l9,665,0.029540078866872994,0.09810803450362729,0.0364117553055871,0.027636963063935573,-0.04399643740565798
l9,666,-0.04920389828811728,-0.047190311446397806,-0.06354513966859718,-0.038012000650072465,-0.04806814138740168
l9,667,-0.03923369647832774,-0.02443278929649512,-0.057126904756040923,-0.015078412332513356,-0.06029667952826155
l9,668,-0.02271555960804999,-0.059767623090639654,-0.05400007637609902,-0.0013547554845142183,0.024260216519052948
l9,669,-0.004993569418450164,0.04925281790331584,-0.050635712720464354,-0.03177139268993769,0.013180009833285548
l9,670,-0.03166479624178869,-0.025848236215198293,-0.051687465332049716,-0.025160589181471717,-0.023962894238435034
l9,671,-0.001793590832413739,0.01661660881667576,-0.05270838849309392,0.00011867750871476061,0.028798738838048444
l9,672,-0.017846855465178328,-0.04244692772211602,-0.014841457034737406,0.04311165824766585,-0.057210695351525745
l9,673,1.7124660392950266e-05,-0.03629236434675268,0.041139235570329884,-0.014559627302310045,0.009781254720304645
l9,674,0.009200117361381011,0.03498695369634921,-0.02559958829599728,-0.0061441284950734506,0.03355723254024556
l9,675,-0.010523950710360216,-0.034650974586996015,-0.017586422385079733,-0.00660726252646099,0.01674885665709587
l9,676,0.02094607917876392,0.09986944325442197,0.006415911201317117,0.013503811049527175,-0.036004848790210583
l9,677,-0.01587508183721708,-0.042728739961897064,0.013394702948451923,0.01466166464674684,-0.04882795498217002
l9,678,-0.020696819516328714,-0.0019690392851882087,-0.031799288473021506,-0.02172786787877097,-0.027291082428334168
l9,679,-0.04615739149518308,-0.044396462151605934,-0.07667633262744766,-0.00283311874245827,-0.060723652459220456
l9,680,-0.02430698002904872,-0.02876508717368828,-0.0670808699668391,-0.02361886576637677,0.02223690279070927
l9,681,-0.005324145184997313,-0.02174827499641695,0.008882985582418108,-0.028436439353648306,0.020005148027657897
l9,682,-0.018035662459928437,-0.02123663065999109,-0.03674025594325789,-0.0051375092550633005,-0.009028253981401474
l9,683,-0.026512991916760646,-0.01930321613997788,-0.05236978319464852,0.002937246170524878,-0.037316214502941064
l9,684,-0.017740173593894737,-0.04930841820209602,0.00505744333087161,-0.013867481225372428,-0.012842238278982102
l9,685,0.04496318652254497,0.13560420384255775,-0.02185191843283,-0.013935963216226711,0.08003642389667884
l9,686,-0.0268837313799651,-0.03150281785511117,-0.04764483502692267,-0.024590727481338122,-0.003796545156488435
l9,687,-0.01782965992451684,-0.011821006050891958,-0.061825105472215466,-0.025650726951714088,0.02797819877675416
l9,688,-0.035609064595547066,-0.033707020541145064,-0.02832968960631654,-0.026718186471536967,-0.0536813617631897
l9,689,0.02253430582490376,0.13065944508854505,-0.04110265409651802,0.0025425633854997114,-0.00196213107791169
l9,690,-0.007337682629470789,-0.029624262796729656,0.0058992633094046565,0.0010197388533954906,-0.006645469883953644
l9,691,-0.030764611701083938,-0.030605160566019966,-0.04862071687256359,-0.010254228357642068,-0.03357834100811013
l9,692,-0.011413700250430104,-0.013987840572785711,-0.04320401897130707,-0.036716619134281994,0.04825367767665436
l9,693,0.004988289119543937,-0.0027181456376680242,0.024367090835398564,-0.015324761735371523,0.013628973015816732
l9,694,-0.005416564451595688,-0.007806679463382678,-0.03340614458278032,-0.020763901612020432,0.04031046785180068
l9,695,-0.001186549327203218,0.04657875044277628,-0.07923165465725582,-0.010273597450937422,0.038180304356604085
l9,696,-0.028493040182517904,-0.01771115495322296,-0.022897359118094474,-0.0359426811186209,-0.037420965540133286
l9,697,-0.0015120669842319506,-0.016988894668335294,-0.06720688158762651,0.040462746391491854,0.03768476192754215
l9,698,-0.020708265592415773,-0.038389632878619365,-0.01571054515826069,-0.0004800484223855036,-0.028252835910397525
l9,699,0.024160476753233653,0.07437461042436998,0.021387254970791726,-0.028817405071310226,0.029697446689083126
l9,700,-0.03048888889735761,-0.03695657988947456,-0.06993607532430575,0.024574413443923682,-0.03963731381957382
l9,701,-0.033785995722929826,-0.0451697260308801,-0.05845064993997629,0.03216112524140211,-0.06368473216226503
l9,702,-0.02421105460114016,-0.012198090708417552,-0.025828044655986853,0.01665258165440316,-0.0754706646945594
l9,703,-0.032674930517594736,-0.0362052563594166,-0.04949754429127587,-0.03957603824710304,-0.005420883172583447
l9,704,-0.023119407357747354,-0.02415165050267464,-0.04813875413170707,-0.027228349837383894,0.007041125040776195
l9,705,-0.04475759067762106,0.00848875672625832,-0.08644350683267688,-0.028939154031669048,-0.07213645857239664
l9,706,0.008773375956735403,0.043582270768998385,-0.0019503308272360211,-0.012990409973631363,0.006451973858810614
l9,707,-0.036442604468634884,-0.05567834490531192,-0.040041368580035944,-0.02242360053448618,-0.027627103854705504
l9,708,-0.018634176679665236,-0.03236903372685127,-0.019930103031797413,0.007458750546252635,-0.029696320506264903
l9,709,-0.01598387751297845,-0.011691038447563475,-0.04623945403529003,-0.00010008557298562355,-0.005904931996074666
l9,710,0.012424502068909781,-0.05686934887220752,0.0737614858808819,0.026877283129482402,0.0059285881374823435
l9,711,-0.023558284505703755,-0.03011155307567409,0.0341838182908376,-0.03190430434104415,-0.06640109889693438
l9,712,-0.019900484627666977,-0.010361259536452408,-0.044981305432870315,0.000977103186988195,-0.02523647672833338
l9,713,0.016236448397886617,0.11081289104001399,-0.03989925667627939,-0.01836979125809782,0.012401950485909686
l9,714,-0.02385571112082851,-0.0402763880269459,0.0038266155510012466,-0.03104303419330734,-0.02793003781406205
l9,715,-0.03231203946053207,-0.011257362781996814,-0.02787975543666757,-0.03238033237776245,-0.05773070724570145
l9,716,-0.023545700625375303,-0.042132304953768275,-0.011254423820905177,-0.023598301426453687,-0.01719777230037407
l9,717,-0.017483254029982152,-0.04678250232738494,-0.035150768867087824,-0.030634170718754294,0.04263442579329845
l9,718,-0.006560201474736517,-0.045118447262688655,-0.027212597434703983,-0.0068058486802832965,0.05289608747872986
l9,719,6.587772272833615e-05,-0.005860924261231635,0.03238617691782442,-0.013225391123492403,-0.013036350642187038
l9,720,-0.002591679641433805,-0.06887115346921041,-0.01376247298786732,0.0027045190845171943,0.06956238880682532
l9,721,-0.02914216172888244,-0.025354081996814253,-0.0004650772885103783,-0.029244426307603953,-0.06150506132260117
l9,722,-0.02824036236292353,-0.02035576575036184,-0.0034158305120051465,-0.014096131882131858,-0.07509372130719527
l9,723,-0.013191129343395119,-0.02836137865459885,-0.06537773632539619,0.01657399159674094,0.02440060600967362
l9,724,0.024380085092377272,0.027306353306031265,0.021199063120021032,0.019767498302599877,0.029247425640856906
l9,725,-0.0007185084839299912,-0.03941293661606383,0.0755583968065864,0.0020090260418666457,-0.04102852016810918
l9,726,-0.01858628096879031,-0.04129105548203613,-0.034031785128287126,-0.005959565028087338,0.006937281763249375
l9,727,-0.008574049593690942,-0.05344940171268733,0.044561731844483345,-0.029113285014371056,0.0037047565078112757
l9,728,-0.04336117521538595,-0.05411328589538315,-0.06448766358612466,-0.00784435452693242,-0.04699939685310357
l9,729,-0.019883730029157682,-0.00034054095289436266,-0.03515305881158749,0.014468628059242976,-0.05850994841139185
l9,730,-0.049589789150228686,-0.04419854687576305,-0.0848087737142027,-0.003151191955237456,-0.06620064405571154
l9,731,-0.02561504539848332,0.02671988756588887,-0.024399729500331924,-0.03026396694327243,-0.07451637271621779
l9,732,0.020342855543016698,0.11333844176897756,-0.052046137220543125,-0.0036989243136932764,0.02377804193732563
l9,733,-0.01024009244105825,-0.028687755923565008,-0.03945340518145224,-0.004817887738865262,0.03199867907964952
l9,734,0.030926941500324462,0.1511815459383956,-0.04484419744705578,0.01174202502703157,0.005628392482926441
l9,735,-0.010347878495535529,-0.0309451782094162,0.054063955775021696,-0.034301715777119796,-0.030208575770627816
l9,736,-0.04423052250578032,-0.07553627003042665,-0.0409982387827507,0.013116076945059195,-0.07350365815500315
l9,737,-0.023397359432923627,-0.04141036610269537,-0.0466885414693345,-0.00037676750473017787,-0.0051137626549344626
l9,738,-0.002572557743218724,0.08251651914632058,-0.03975827151187404,-0.002785797394392428,-0.050262681212929004
l9,739,0.0071939406732517515,-0.05773423018283591,0.11518243718667252,-0.0032363193583171967,-0.02543612495251241
l9,740,-0.011393284353886736,-0.004734028870992241,-0.04140209523767868,-0.00646653114744049,0.007029517840564466
l9,741,-0.02058843925624703,-0.0511172762638082,-0.013878594316732173,-0.013296059217805824,-0.004061827226641916
l9,742,-0.023552097413045706,-0.02411512906518776,-0.04581293637393695,-0.014042739042880795,-0.01023758517017733
l9,743,-0.038262690445556594,-0.01129298332933966,-0.042835679937717946,-0.03058109749597524,-0.0683410010191935
l9,744,-0.03105468519671348,-0.04012111673456972,-0.04369736716067444,-0.024966142016584036,-0.015434114875025728
l9,745,-0.044050972192349186,-0.05444889526997905,-0.06578222663518972,0.00531118916923745,-0.06128395603346544
l9,746,0.005322486719250109,0.0961914188360399,-0.007619265562374251,-0.014412387879407514,-0.05286981851725771
l9,747,0.005683851242381695,-0.039061500277383907,-0.028850023008079224,0.04195368685847255,0.04869324139651736
l9,748,-0.005900335034405882,-0.0340720979725996,0.054251621001977814,0.0056640305762313565,-0.0494448937432331
l9,749,-0.045443457293989235,-0.04815043849838814,-0.06200595827140354,-0.014944169458468411,-0.05667326294769684
l9,750,-0.0034849087166723726,-0.011369822716355012,-0.015565280668572372,-0.030590990082611822,0.04358645860084971
l9,751,-0.028138629072836013,-0.035091082235249066,-0.05080911902548807,-0.017314814915679377,-0.009339500114927544
l9,752,0.0061568525850856145,0.083555607450777,-0.03061276507638677,-0.028139808801882354,-0.00017562323216541859
l9,753,0.006903320474344905,0.0899297571731972,0.021469702153393406,-0.02702240042646716,-0.056763777002743834
l9,754,-0.04602602478300722,-0.04346536444027212,-0.05221979898821109,-0.03239438384946208,-0.05602455185408358
l9,755,-0.02821869817782205,-0.044128415923520715,-0.019543833768222017,0.004134246653081243,-0.053336789672626714
l9,756,-0.03209185851306008,-0.04642459976166214,-0.05571478616011108,0.016563791206690916,-0.04279183933715801
l9,757,-0.03572295506589333,0.0023982721121326663,-0.049967808433933975,-0.03302213861179277,-0.06230014532997924
l9,758,-0.0038486962977772564,0.027231638356916152,-0.056285449067179645,0.02583987303240101,-0.01218084751324654
l9,759,0.023339973407564697,0.1005260657163548,0.031508901925030364,0.018782501369602647,-0.05745757538072902
l9,760,0.0032372003544425057,-0.04308008350737387,-0.011466880952079648,0.012329300350443516,0.05516646552678003
l9,761,-0.00653922446683553,-0.03165555310799254,0.006636425644730423,-0.0015448087895508144,0.0004070383854708152
l9,762,-0.019639819168045934,-0.007345593202819668,-0.011365357715402395,-0.04225736004361989,-0.017590965710341785
l9,763,-0.009398061556395072,-0.007886775368128261,-0.007718703327956423,0.016515410792824727,-0.03850217832232033
l9,764,-0.0027364091972266356,0.00423451065857481,0.02658869919588816,-0.030257681899240496,-0.011511164744129016
l9,765,-0.021970123558200248,-0.04099569554647761,-0.030015407327541647,-0.0316627235633687,0.01479333220458698
l9,766,-0.020154078207486614,-0.02724532252048753,-0.027227579081106172,-0.02291546361825555,-0.0032279476100972072
l9,767,0.017581623042447533,0.0641353218750585,-0.022999875411180395,0.012033247951821034,0.017157797754090983
l9,768,-0.013333358636333309,-0.03241929988189235,0.023478517655081216,-0.007457192584227255,-0.036935459734294844
l9,769,-0.004863259361652068,-0.013626420297940492,-0.06804948238121444,-0.010299846766654814,0.07252271199920148
l9,770,-0.03142860930334747,-0.021917622217727736,-0.046727064105337966,0.01135932317424021,-0.06842907406456437
l9,771,-0.026542662582379535,-0.05467224681634018,0.04639273681111468,-0.03156171075792069,-0.06632942956637196
l9,772,-0.0075716752993664725,-0.0046361294810463825,-0.049731367527943084,0.007134539383560138,0.016946256427963435
l9,773,0.00044336458764797923,-0.020146725215517833,0.02730087693134633,-0.012389518498271246,0.007008825133034665
l9,774,-0.004992588858881958,-0.0060378368854572245,-0.07340905116773003,0.02283018374654993,0.03664634887110949
l9,775,-0.033853560519069924,-0.04568212126615313,-0.08342538434406507,0.0027059895990106126,-0.009012726065072096
l9,776,-0.00890935916135726,-0.0058917778946328235,0.025832442319675485,-0.009157861755432435,-0.04642023931503926
l9,777,-0.037884640096360014,-0.032472725694019405,-0.041270028071062365,-0.02023107813072251,-0.057564728489635786
l9,778,-0.03597116286852689,-0.02400788796983338,-0.07089571684588526,-0.001997410513784086,-0.04698363614460483
l9,779,-0.004624744237711052,0.02676363624324007,0.03411587294077823,-0.01460982844864667,-0.06476865768621584
l9,780,0.00140721182911137,-0.017658212195434977,0.06915358754112164,-0.0024308292742629936,-0.04343569875497818
l9,781,-0.0183211673223918,0.015564856331938768,-0.031106512998332086,-0.004045028867030871,-0.05369798375614301
l9,782,-0.016340261540507765,-0.0029423053186390137,-0.040437720993481335,-0.007333616392984055,-0.014647403456926656
l9,783,-0.033516921787317126,-0.04054878432424707,-0.052690376239735985,-0.0061273507251730945,-0.034701175860112364
l9,784,0.02031047824349458,0.10375167287345097,-0.004306697373137595,-0.013037030799751288,-0.005166031726583772
l9,785,-0.0397642991030816,-0.06111133901664319,-0.016948612964066426,-0.017053906035628154,-0.06394333839598866
l9,786,-0.007081074027509239,-0.045105708895576704,-0.04599952171894956,0.0312587915056588,0.031522142998830514
l9,787,-0.027674572357319394,-0.027702704020352104,-0.02461633358104585,-0.011845271745422943,-0.04653398008245667
l9,788,-0.025947939610250888,-0.0654211429401847,-0.009872795867035659,-0.01713888230110155,-0.011358937332681639
l9,789,0.005875354293495668,0.035949020013115306,0.06807252647196652,-0.018870820030327536,-0.06164930928077163
l9,790,-0.018961758286671678,-0.00392958437926226,-0.056912310957113785,-0.01983244662572442,0.004827308815413748
l9,791,0.0050612138775416975,0.00020482096869210882,0.08727765547390845,-0.012443343382333227,-0.05479427755010054
l9,792,0.0037430867185075777,0.021616576082955145,0.010920736260201364,0.00933982590605157,-0.026904791375177768
l9,793,-0.012912364889716536,0.07622917777846516,-0.051568568526113065,-0.016731164777685825,-0.059578904033532415
l9,794,-0.025896318060668243,-0.03162123772644877,-0.014244512121476833,0.001260810979739334,-0.0589803333744867
l9,795,-0.014961376459220868,0.007341060033129743,-0.0009251922620709253,-0.007433415812993335,-0.058827957794948954
l9,796,-0.028559918142727275,-0.05469070154828824,-0.033229111227436686,-0.01756410245019741,-0.00875575734498677
l9,797,-0.03779103499437961,-0.044515034976180146,-0.049814560929969,-0.008144378372159537,-0.04869016569920974
l9,798,-0.029328122820284457,-0.018601867404084853,-0.0671704977394247,0.014432312649448796,-0.045972438787077075
l9,799,-0.020661320678154634,-0.02259533568174536,-0.055488630991934934,-0.004788351966796462,0.000227035927858226
l9,800,-0.04401427990774975,-0.02723343237601061,-0.06448313373182898,-0.015451741042150847,-0.06888881248100855
l9,801,-0.02385445862916473,-0.02797802805615551,-0.015011620356909519,-0.015827968180059496,-0.03660021792353439
l9,802,-0.024447562701678603,-0.022205357493716785,-0.01955303927000024,-0.0020361484038015146,-0.05399570563919587
l9,803,-0.034152352733129866,-0.022139520161139604,-0.05627833864364701,-0.04128607104358236,-0.016905481084150485
l9,804,0.031767928745291905,0.10239143614410548,-0.013124552642219001,-0.018231509140124166,0.056036340619405316
l9,805,-0.009485261049056377,-0.04179000861157403,-0.009847445997204884,-0.0007684469892832329,0.014464857401836638
l9,806,-0.00969670606365055,-0.049340246842737245,0.030818897701610677,0.0055696793400953105,-0.025835154453570944
l9,807,-0.04111545470464638,-0.043247485443354,-0.0670766730672464,-0.032430014302954877,-0.021707646005030223
l9,808,-0.02287705844403342,0.005563164826253323,-0.03978009058936441,-0.021569044007221386,-0.03572226400580121
l9,809,-0.02372347203134844,-0.04224273908068709,0.019204476843553933,-0.009135426432445446,-0.06272019945581515
l9,810,-0.02872479956475274,-0.046576423604202916,-0.004326261943018848,-0.011619864196480973,-0.05237664851530822
l9,811,-0.0005819479575652105,0.01217961982796179,-0.0517959919444341,0.001446957991793599,0.03584162229441787
l9,812,-0.030177113235738844,-0.023786004696464674,-0.017550662213307994,-0.02141571326342052,-0.05795607276976218
l9,813,0.022442718545731745,0.033443364036197715,0.04284573772102265,-0.018651541592128486,0.032133314017835105
l9,814,-0.007817818906116481,-0.052099750192935654,-0.058648251872710874,-0.005942058485692149,0.08541878492687276
l9,815,-0.044661408904712534,-0.05186777435513748,-0.03598842140073429,-0.029893501077405193,-0.06089593878557315
l9,816,-0.034606784629766116,-0.0027102962130393163,-0.04260121501739451,-0.014125172160566076,-0.07899045512806455
l9,817,-0.03255941384728518,-0.002658586307542851,-0.06135565447396775,0.003674469712334121,-0.06989788431996424
l9,818,-0.026533116788186557,-0.029386563705902705,-0.024939504002681145,-0.025003169721841665,-0.026803229722320715
l9,819,-0.04251672545936026,-0.05342634605235749,-0.04205351210510838,-0.01057717197306749,-0.06400987170690768
l9,820,0.0037152718257354366,0.014782372961622312,0.007273092167376671,0.013885532028456143,-0.021079909854513374
l9,821,0.003621839073787331,0.07425814326615099,-0.06052849204670905,0.012331725645365416,-0.011574020569658032
l9,822,-0.021961312685449513,-0.04022175043131613,0.017467026520423146,-0.01578607192104974,-0.049304454909855334
l9,823,-0.02032504914926085,-0.01117136298838742,-0.05082864990175359,0.012709152563265148,-0.03200933627016754
l9,824,-0.037428112999239885,-0.05178185093029122,-0.023570790502552827,-0.026787463813768744,-0.047572346750346745
l9,825,0.0031013933476180615,-0.017180547321164592,0.03980091789072651,-0.01046384292001864,0.0002490457409289673
l9,826,-0.04044414697914647,-0.06499399782888879,-0.05998586953205786,-0.005122776832476819,-0.0316739437231624
l9,827,-0.036192718954454556,-0.007412579681987847,-0.07241532529028687,-0.013278380982150582,-0.05166458986339291
l9,828,-0.008627820408062148,0.039329343710824555,-0.04838467516259269,0.01786075981047459,-0.04331670999095505
l9,829,-0.04234853704453728,-0.034113072044532414,-0.04838979516471478,-0.019662947358166802,-0.06722833361073512
l9,830,0.021841507173300474,0.11245254465627737,0.010151609768430797,-0.011141637115543725,-0.024096488615962548
l9,831,-0.03899851440962905,-0.029534726186844107,-0.02842033270047853,-0.018972009350289035,-0.07906698940090455
l9,832,-0.027968110750829122,-0.038083289510276334,-0.05594072085171213,-0.019592946780216683,0.0017445141388886497
l9,833,-0.02701068835907427,-0.012556128763270672,-0.08273262010929897,-0.026644079329978122,0.013890074766250675
l9,834,-0.03173695911174472,-0.0615892373108418,-0.04362214338939741,-0.009743324529023165,-0.011993131217716498
l9,835,0.005055232731718776,0.04169228591488315,0.052314117173445494,-0.0032465701887597594,-0.07053890197269377
l9,836,-0.0023309140509165,-0.018481303585220585,0.05904077081514249,-0.01675125841263636,-0.03313186502095154
l9,837,-0.027684837595272238,-0.027426239494845538,-0.04945479453684071,-0.0072002624948786596,-0.026658053854524032
l9,838,-0.0028202115165415556,-0.011453848612463784,0.00484080179515509,-0.019230327629716677,0.014562528380859148
l9,839,-0.023303253259920196,-0.032824965261897716,0.008870036526981465,-0.011474687429756937,-0.057783396875007595
l9,840,-0.028409917882657895,-0.04307760247131461,-0.027653148475695468,-0.021554101096923284,-0.02135481948669822
l9,841,0.001684385277179316,-0.02666245342324283,-0.007924084550570028,-0.014513138097088181,0.0558372171796183
l9,842,-0.009418317478475147,-0.04173902972054964,0.010093154486840008,0.0004781165768200158,-0.006505511257010977
l9,843,-0.014841656007153403,-0.014152270339603746,-0.024009184469649572,-0.03255983980999271,0.011354670590632424
l9,844,0.009124496960129293,-0.038019342602484386,0.0320203183039025,0.0005618630335534427,0.04193514910554562
l9,845,-0.016995166761531358,-0.031523751621514016,-0.030692155644881466,-0.008167895766206155,0.002403135986476214
l9,846,-0.01207222764614376,-0.007406272094561853,-0.0042845908182779155,-0.020066155265364236,-0.016531892406371033
l9,847,-0.03346940596591307,-0.0423169491587332,-0.07167582846708562,-0.01506179820546837,-0.00482304803236512
l9,848,-0.04113206065308436,-0.03285846898821489,-0.07556768929460964,0.012283458026585386,-0.0683855423560983
l9,849,-0.020753565327174532,-0.036826297063641995,-0.04115444311728601,-0.026715523647117663,0.021682002519347543
l9,850,-0.021271625928304467,-0.0649750650491777,-0.014821172553377733,-0.006690820575095326,0.0014005544644328997
l9,851,0.01637343661015569,0.07509791997679906,0.02727040226125868,-0.03347047762675934,-0.0034040981706756337
l9,852,0.016814014142558203,0.08475194515377006,-0.06162518215867486,0.0032102242272100605,0.04091906934792754
l9,853,-0.026387845904139777,-0.030773193255652684,-0.052549643428437764,0.014331462931711529,-0.03656000986418018
l9,854,-0.015116105269422205,-0.008162992433581297,-0.05596447548355475,-0.02600066526578623,0.029663712105233466
l9,855,-0.02590039515474742,-0.005196940013472472,-0.05355575132571887,-0.022498626187806056,-0.02235026309199228
l9,856,-0.01912779217610118,0.0037080852752933483,-0.0394739926617839,0.0061630115359487935,-0.04690827285386296
l9,857,-0.02738879296800562,-0.023770957179350453,-0.055080596287903114,0.014221237688641837,-0.04492485609341075
l9,858,-0.006701255577358288,0.0685388835650716,-0.056178433805878454,-0.025875041785882194,-0.013290430282744098
l9,859,-0.021171868112691013,-0.03975365319532939,-0.052541909895224594,-0.030956668156700104,0.038564758796490024
l9,860,-0.028476858727024483,-0.04636934464879886,-0.030096528928883103,-0.004128551896227106,-0.03331300943418888
l9,861,-0.002601631055549638,0.03794305968174858,-0.06038823332265196,-0.0025160871050103183,0.014554736523715146
l9,862,-0.029246719144160455,-0.036588339319542154,-0.04121002233250458,-0.017940245433992114,-0.021248269490602975
l9,863,-0.029012088917403315,-0.06074237480641089,-0.052375908644745325,-0.0024442851577500787,-0.00048578706070696474
l9,864,-0.029642208547452215,-0.05535447073629191,-0.06537415518532796,-0.004201769329856169,0.006361561061667167
l9,865,-0.01498611573989841,-0.017802210288354648,-0.035413888696263475,-0.000832557683063566,-0.005895806291911941
l9,866,-0.03327508260609686,-0.044096322532612996,-0.03403844797813213,-0.02486460553186503,-0.030100954381777255
l9,867,-0.021691570317586863,-0.025607489049317166,-0.059528395613911905,-0.03916303247744225,0.03753263587032388
l9,868,-0.007515937614688228,-0.015062056872615064,-0.05674764096532049,-0.02078596125651866,0.06253190863570131
l9,869,-0.04380468151112024,-0.051028386929931224,-0.05101707763713987,-0.009270924493244383,-0.06390233698416552
l9,870,-0.012448205125805158,-0.008456487350214632,-0.015067626332063575,-0.03101206867402931,0.004743361853086877
l9,871,0.01567666799066891,0.08320374596280287,-0.044516597674460215,0.02652251229677803,-0.0025029886224450515
l9,872,-0.024525051575336448,-0.04691690937350355,-0.06762247141258543,0.026459450586674406,-0.010020276101931222
l9,873,-0.03386658708975024,-0.022728017956501003,-0.026578772155613904,-0.02044112800648496,-0.06571843024040108
l9,874,-0.04320966645286547,-0.07010603450610407,-0.026837504846816736,-0.011336160717288735,-0.06455896574125232
l9,875,0.01038632996299399,0.0419749626822218,-0.04638992046334755,-0.010363662891288964,0.05632394052439067
l9,876,-0.027335595862836116,-0.05571529239327661,-0.07295755024258146,-0.02878668316374458,0.04811714234825819
l9,877,0.016717113539283533,-0.004189350617003004,0.022903896328925668,-0.004149663211616798,0.052303571656828265
l9,878,-0.02139461443200815,-0.01798147234856682,-0.02754715535773056,-0.021841435713902565,-0.018208394307832648
l9,879,-0.0226998098046709,-0.02362691819005852,-0.014263584031626047,-0.025912346763393743,-0.02699639023360529
l9,880,-0.03832323210433503,-0.027622137222781194,-0.06205447444697362,0.0010606382125750392,-0.06467695496016035
l9,881,-0.022440221531029553,-0.06960506429987692,0.018711331271542175,-0.025640906818170786,-0.013226246277612685
l9,882,-0.026468450595348247,-0.031627209556957664,-0.032663951728336284,-0.014138465136537846,-0.027444175959561203
l9,883,-0.022994449257771776,-0.023558282937983822,0.003425292598451364,-0.008725630504019763,-0.06311917618753489
l9,884,-0.03923614518467724,-0.08051209061128214,-0.08459475186543335,-0.008274122274827517,0.01643638401283403
l9,885,-0.05203779447600084,-0.04512988905895222,-0.07311106803461348,-0.024422218724738282,-0.06548800208569938
l9,886,-0.018516889142532418,0.007756524269184128,-0.06927866364065649,0.015793879578595203,-0.02833929677725252
l9,887,-0.028465545055430808,-0.043052992344428,-0.009652518683814093,-0.001122668211901241,-0.060034000981579905
l9,888,-0.01187206764500982,-0.010803337586034422,-0.07027885179107758,0.01362023174217715,0.019973687054895575
l9,889,-0.02185204535888817,-0.03077583119328104,-0.04668465410267849,0.005682123885582084,-0.015629820025175243
l9,890,-0.0010618131671652174,0.051978049795431025,0.009447161906497312,-0.002488235317309749,-0.06318422905327946
l9,891,-0.013441209140362499,-0.037255865073620914,0.02927510428745192,-0.02692422023349971,-0.018859855541781285
l9,892,-0.030151452211710617,-0.045639698676633825,-0.04529964929169739,-0.01976512298525113,-0.009901337893260108
l9,893,-0.0040626859477984395,0.006998668792838388,-0.006839198641666209,-0.03207152799006334,0.0156613140476974
l9,894,-0.01704810250281776,-0.05005741424812765,-0.06773425162621444,0.001405236088998041,0.04819401977407302
l9,895,-0.035452408026802176,-0.062349201261872655,-0.03308555493143081,-0.02172607745275932,-0.024648798461145913
l9,896,-0.023027834641983116,0.008805230460851727,-0.059165136385514315,-0.03219689364565579,-0.009554538997614083
l9,897,-0.008472352898547761,-0.016643192122763526,-0.020898149663632556,-0.015896863610307798,0.019548793802512836
l9,898,0.00563070087551594,0.11812013737674722,0.023221546277971745,-0.04444718755866331,-0.0743716925939919
l9,899,-0.035920319838202534,-0.041928195211988435,-0.05867122130620121,-0.012886978631549292,-0.030194884203071197
l9,900,-0.04159699055001542,-0.027567223645058807,-0.057818875503406905,-0.03178188326553861,-0.04921997978605737
l9,901,-0.03073590105524903,-0.016009802861707785,-0.03825988807399376,0.002135716943564966,-0.07080963022885954
l9,902,-0.016599680563070675,-0.03323927051455248,0.04640571636757059,-0.03305270019875555,-0.046512467906545264
l9,903,-0.026248408851019457,-0.025847940555185533,-0.05047507310768014,0.003536033078139691,-0.03220665481935186
l9,904,-0.03458292469392251,-0.021344165405895614,-0.03629945088221157,-0.02144795113338882,-0.05924013135419404
l9,905,-0.02959842979676551,0.017476384875964004,-0.06494036624284333,-0.011625403581367832,-0.059304334238814885
l9,906,-0.03073848639034386,-0.024904009323389067,-0.052487877452531494,-0.007510056171924558,-0.038052002613530325
l9,907,0.008829814142038185,0.07695081109267035,0.03453597546590307,-0.01434028424940064,-0.061827245741020026
l9,908,-0.000717651091397065,-0.018544666498137897,0.0816654372213942,-0.0249946285201589,-0.04099674656868567
l9,909,-0.029484333435910143,-0.054119022639659606,0.01146195718234019,-0.006059701165219814,-0.06922056712110135
l9,910,-0.003338821066137808,-0.02987245342165456,0.041466748240436994,-0.007328482669174146,-0.017621096414159522
l9,911,-0.014448085534793775,-0.016162653509454932,0.01660912265055018,0.007503754644943558,-0.06574256592521391
l9,912,-0.0325694917829327,0.001682445693772256,-0.05617744862121994,-0.025689178775438408,-0.05009378542884468
l9,913,-0.03770010653433152,-0.013292818183580798,-0.04657717288894288,-0.029540720609483463,-0.06138971445531895
l9,914,-0.0029798052288370225,0.03164143409150301,-0.0432103697878586,-0.016364067921223788,0.01601378270223129
l9,915,-0.019517454867704558,-0.03608287011345841,-0.0382391118776754,-0.007101484723472322,0.003353647243787899
l9,916,-0.03023317161059077,-0.03714110723669001,-0.08419047058343765,0.014037302822849412,-0.013638411445084833
l9,917,-0.031481158114710174,-0.010679400859265832,-0.032715513911358726,-0.01767685018052341,-0.06485286750769273
l9,918,-0.01941447581390796,-0.046492249604235245,-0.058257661024797146,-0.03379964351642848,0.06089165088982902
l9,919,-0.022231622097835715,-0.04026355040942417,-0.0494925497205649,-0.01635634941072586,0.017185961149372087
l9,920,-0.034620547481686345,-0.05080370084581787,-0.047057717915917806,0.013310482746510805,-0.05393125391152052
l9,921,-0.019877515602727484,-0.041867662500661096,-0.057944993344967555,-0.017752885436209336,0.03805547887092806
l9,922,-0.03753510483871287,-0.042677469377917804,-0.013449312735555885,-0.03578240109935805,-0.05823123614201975
l9,923,-0.03065824700698467,-0.007998217253505881,-0.05128897022775294,-0.01692454570665084,-0.04642125484002902
l9,924,-0.044021486149646086,-0.0477425798294915,-0.06801393509157605,-0.011166798382505998,-0.049162631295010806
l9,925,-0.0038246762683389075,-0.041447219231348593,0.023616416162852066,-0.001756454194574659,0.004288552189715557
l9,926,-0.043116982305652043,-0.017202435717020417,-0.07649456829951981,-0.01984845468171764,-0.05892247052435029
l9,927,-0.008940963988587392,0.00498343071579684,-0.034058850763737485,0.04409606849223677,-0.050784504398645694
l9,928,-0.03544736590134979,-0.03609800489491539,-0.08404183189313799,-0.01145957091378728,-0.01019005590355851
l9,929,-0.003882080470672518,0.007508886358061313,-0.028220787179891123,-0.023576319466698824,0.028759898405838563
l9,930,-0.020267206236869745,-0.03153578475139339,0.031341038484454284,-0.0200709716787462,-0.06080310700179367
l9,931,-0.008234304355961786,0.05511524478446678,-0.06421760787655713,-0.009096794720490084,-0.01473805961126671
l9,932,-0.03816823282994443,-0.04747877668800768,-0.061912014505085045,0.015183588976064637,-0.05846572910274962
l9,933,-0.011258938996082823,0.013414957603121355,-0.0192024062279476,0.028744692595323224,-0.06799299995482827
l9,934,-0.029714422645213897,0.037619143811508354,-0.07405845736530721,-0.015892260257543284,-0.06652611676951345
l9,935,-0.014846793102947526,-0.03709938762748502,-0.02308195995474273,-0.01281576508187174,0.013609940252309381
l9,936,-0.01259437055683977,-0.0370238423463514,-0.046559393348303224,0.020890975272724585,0.012314778194570958
l9,937,-0.03890851793595965,-0.011801534411880253,-0.0680987308486536,-0.02350885581888771,-0.052224950664417014
l9,938,-0.01793990347180917,-0.028160467830410083,-0.06833520663624858,0.05565278167328744,-0.030916721093865465
l9,939,-0.008904614919637153,-0.048746997089316936,0.05590360940753517,-0.03003514490938347,-0.012739927087383373
l9,940,-0.006541671704608985,-0.037105333015823694,0.02303156452715819,0.044643051262068634,-0.05673596959183907
l9,941,-0.03122463006973561,-0.03558310961302169,-0.0025319653305728267,-0.03334987868443173,-0.05343356665091619
l9,942,-0.028286180589827577,-0.056380169972839164,0.020798637551779645,-0.032221147016991095,-0.045342042921259686
l9,943,0.006163657656269169,-0.036828791148173085,-0.006767149689321817,0.02949660685831789,0.038753964604253684
l9,944,-0.0324449541670556,-0.0539177865931514,-0.05218681082664142,-0.023784640677866172,0.00010942142943659756
l9,945,-0.04072025888307159,-0.018055796930000534,-0.07024108201332072,-0.0418653271980767,-0.0327188293908884
l9,946,-0.017425911792707853,0.0009127183854556482,-0.013256610675392742,-0.003946100274449894,-0.05341365460644442
l9,947,-0.032223226450303524,-0.03276363711302339,-0.057507595152938906,0.03172087798274485,-0.07034255151799666
l9,948,-0.014569666666585301,-0.033012000167079794,-0.006645402438899044,0.016226549479427123,-0.03484781353978949
l9,949,-0.007870560846655028,-0.03781626011469945,0.030968104240106764,-0.025595207588220783,0.0009611200761933607
l9,950,-0.0325196829427431,-0.031487374737172044,-0.06228438925984877,-0.008821179130595515,-0.02748578864335607
l9,951,-0.0348453894243694,-0.0322003280877144,-0.051612810176336024,-0.008796653608329482,-0.04677176582509767
l9,952,-0.015922144956805856,-0.02310861139929573,-0.009887452159553896,0.007372362246892601,-0.0380648785152664
l9,953,-0.0027014523473976133,-0.021312091502474775,0.028514111701955742,-0.005897937324166759,-0.01210989226490466
l9,954,-0.037096541500745484,-0.039626915432821215,-0.06334454659726892,-0.02392206540478902,-0.021492638568102757
l9,955,-0.030678075678330675,0.01775798707175077,-0.06255672371201715,-0.020088968139115683,-0.05782459793394066
l9,956,-0.02226559548937716,-0.02131794415930841,-0.06057748753832436,0.010617089306220079,-0.01778403956609595
l9,957,-0.031502857224920786,-0.02363010035882776,-0.062445746047184905,0.0347336902854494,-0.07466927277911989
l9,958,-0.016533875761286256,-0.01834766026596871,-0.005447924721806457,-0.018232931086986814,-0.02410698697038304
l9,959,-0.021688730310563144,-0.0276189172857949,-0.022784790804833772,0.021117214496743055,-0.05746842764836695
l9,960,-0.029026171465085817,-0.021010378481868514,-0.06878154787619509,-0.019929344107731124,-0.006383415394548552
l9,961,-0.011197114900600585,-0.012441371763748647,-0.060838118603281484,0.0031150641982053843,0.025375966566422412
l9,962,-0.03252441529941729,-0.057214615428601664,0.013885002175257384,-0.02821891792535363,-0.058549130018971246
l9,963,-0.00867838281483834,-0.04939265635948427,-0.013483510520943645,0.026935827809901315,0.0012268078111732361
l9,964,-0.04193663445723457,-0.049553451095332546,-0.04792348081330996,0.004687513987850941,-0.0749571199081467
l9,965,-0.03396517119031987,-0.05613415868895329,-0.04182809664711503,-0.010819927104651707,-0.02707850232055946
l9,966,-0.03885412176130529,-0.019088639649702442,-0.05607194798184993,-0.013542784097697085,-0.0667131153159717
l9,967,-0.0341348976542755,-0.06987205509727472,-0.030717821401650695,-0.014132328543140608,-0.021817385575035975
l9,968,-0.028941029546449327,-0.03143564626408134,-0.06548949700546891,-0.033235835079136154,0.014396860162889094
l9,969,-0.012127697193214016,-0.03023440793309399,0.0016627713023625763,-0.03268841643405326,0.012749264291928611
l9,970,-0.027327630480308125,-0.024816505875275206,-0.023909143157001368,-0.02831969389866517,-0.032265178990290765
l9,971,-0.018503605762264373,-0.0017588031170512565,-0.04700464365084622,-0.0019873844076340403,-0.023263591873525977
l9,972,-0.03301915783974104,-0.02380669087513768,-0.07712130471986361,-0.02212168943049241,-0.009026946333470478
l9,973,-0.03945225385008882,-0.055086758936901875,-0.029513841356032838,-0.02464549806417118,-0.048562917043249366
l9,974,-0.028122878269679494,-0.0427480381411795,-0.06014414540123631,-0.018419242528279024,0.008819912991976842
l9,975,-0.012149249455838456,-0.03233318024684211,-0.061101547578184104,-0.013842951534061957,0.05868068153573434
l9,976,-0.034348026651455456,-0.04158810110884301,-0.04325926004202654,-0.024383647182395354,-0.028161098272556927
l9,977,-0.03578919562339202,-0.02159213368618931,-0.03650378512021323,-0.028968984552052164,-0.05609187913511338
l9,978,0.0003727266651166513,-0.014142752635224246,0.017028889413721316,-0.02671447845407096,0.025319248336040497
l9,979,-0.023861376224858333,-0.054700242320536364,-0.006969419466972592,-0.0293468469846269,-0.004428996127297479
l9,980,-0.009738106141876169,-0.03160096304494448,-0.016954589815942875,-0.00610309464366414,0.01570622293704682
l9,981,-0.010463631637128214,-0.039528071326737954,-0.019364690786315832,0.024014110894628474,-0.006975875330087538
l9,982,-0.03729986987903889,-0.03582925838164497,-0.05848510483038747,0.008257608814179921,-0.06314272511830304
l9,983,-0.01652748281068411,0.058862627115206484,-0.0693856570217668,0.00011690905328199351,-0.05570381038945811
l9,984,-0.020181605831694628,-0.043112837961528365,-0.051801077099554976,0.0005085323314632621,0.013678959402841567
l9,985,-0.046083541962091634,-0.030990161279759853,-0.06456367227609813,-0.0199349185324099,-0.06884541576009864
l9,986,-0.03506729423171899,-0.02948882710699984,-0.04650841887989318,-0.004854710378305336,-0.05941722056167759
l9,987,-0.0102509942109652,-0.009889791827058276,-0.05669365810593428,-0.010025208300900918,0.035604681390032686
l9,988,-0.03267446262156358,-0.0699094963999911,-0.052582174732637064,-0.027857437466696843,0.01965125811307066
l9,989,-0.03028579951773228,-0.05541760114834144,-0.04936309306595227,-0.029565526598479386,0.013203022741843973
l9,990,-0.010472582085074754,-0.02754287403474509,-0.07192954042956601,0.007448861788483232,0.050133224335528845
l9,991,-0.010601954863171389,0.014217518217776507,0.01292531042716532,0.000721553176495612,-0.070272201274123
l9,992,0.009473916603106255,0.027076564187147635,-0.036642696252176976,0.00986164021770192,0.03760015825975244
l9,993,-0.004695283523143497,-0.0333314851785733,0.037874920287519806,0.027255996751543075,-0.050580565953063567
l9,994,-0.008389169420581674,-0.012528556399703445,-0.022493066849917316,-0.030506078268324393,0.03197102383561846
l9,995,-0.023354247060069996,-0.0389431368222779,-0.054701748369737166,-0.026636444345675022,0.026864341297410107
l9,996,-0.012177023988630006,-0.04717320264240086,-0.018162422812572406,0.018596849176004085,-0.001969319675550847
l9,997,-0.007070844336046428,-0.04159936111520654,-0.06414613197518526,0.015741696392791358,0.061720419353414734
l9,998,-0.027848376900484577,0.0027282715877360066,-0.02650374685566699,-0.02182764876883536,-0.06579038356517196
l9,999,0.009132359267636097,0.11621437249661973,-0.03091589640281286,0.013727991041868181,-0.06249703006513066
