arm,permutation_id,mean_signed_destructive_score,mean_energy_destructive_score,p3a_dsa_reduction
h0,0,0.04289800675359336,0.01395622402683076,-0.0004984035846571865
h0,1,0.05233292767270656,0.036103049286855274,0.004664455926369143
h0,2,0.039881018068428586,0.03128271399660112,0.0019618098241178635
h0,3,0.02729329851826296,0.006511369114702598,0.001980937615684246
h0,4,0.026675709947545367,0.010494956969199293,0.0017291258759395223
h0,5,0.034456448997903184,-0.00313879339912467,0.0010140659131939232
h0,6,0.03810896922717438,0.02109743853088683,0.0018461374472686517
h0,7,0.038509364183119024,0.019463473488096787,-0.001391384990003673
h0,8,0.019448796119789308,0.013110438267828043,-0.000304056028563241
h0,9,0.04502762392464932,0.02755539541469344,0.0019239909492043841
h0,10,0.011535347872494293,0.007052140842085736,0.0005810331342154994
h0,11,0.03809786814309182,0.015903998941106064,0.0023155612439914306
h0,12,0.04336410014031537,-0.007491744655547399,0.001981414315099319
h0,13,0.021184993914267695,0.005700824165756227,-0.0009134769878700465
h0,14,0.023705794508271708,0.004961982797153448,0.0014951698746626485
h0,15,0.014824017405039944,-0.008062278086764909,3.754976724423104e-05
h0,16,0.03126606249208833,0.02371600311155097,0.002172318912343459
h0,17,0.018552729205718734,0.007799645455970193,-0.003652552315698034
h0,18,0.04258565333974673,0.0017605623541386978,0.0013420792139704502
h0,19,0.03535462809117845,0.02087175223403614,6.105632803436018e-05
h0,20,0.03853104342335884,0.007487066474533052,0.0011238805043560416
h0,21,0.022002295112982274,0.01224655194267314,0.0014221787052818343
h0,22,0.02271197050387203,0.0025595209294796053,0.001780053344623284
h0,23,0.026146237360027358,0.024748617242441026,0.0012836299999720536
h0,24,0.0426451783040351,0.01966072220656937,-0.0010608972889051033
h0,25,0.008041159103256769,0.002686455593629452,-0.0025995702663907214
h0,26,0.028737434469744326,0.01971176486100493,0.001439744137888973
h0,27,0.04593163106418114,0.035469350280321145,0.00021339331720078656
h0,28,0.036047375215030215,0.01694005626558999,0.003303187699543213
h0,29,0.04550470307693673,0.029332840319154972,0.0019813299476649027
h0,30,0.03212151725474029,0.015540521237431739,4.650326995393034e-05
h0,31,0.023681622303586954,0.009986469782457034,0.0005064277950761909
h0,32,0.05431738343923595,0.04278002494879041,0.0024806299556675423
h0,33,0.032216260064553914,0.0169816803415788,0.0028273560790796977
h0,34,0.031140337358166865,0.002603361712248096,0.00349009106575053
h0,35,0.025134889366644878,0.018497017510324183,-0.0012455502476595775
h0,36,0.02148618435677875,0.0166353254980441,-0.0011362476141128747
h0,37,0.023066175808641128,0.018034431250194806,0.0030731835484114275
h0,38,0.03816739850155823,0.016148744194625357,0.0017734467337166746
h0,39,0.03465968760877379,0.029792730721340595,0.0025746170241143134
h0,40,0.034132124411999996,0.026097019966294953,-0.0005837163893369457
h0,41,0.04139603232511364,0.023744642483563096,0.0012332352499813382
h0,42,0.02503279537650997,0.015954485783522515,0.000771204277277186
h0,43,0.030102009187797783,0.015177984316875521,0.0031723531474643013
h0,44,0.01810653332536865,-0.011771971063614857,-0.0014287113246100928
h0,45,0.03144103081053462,0.014816222696019477,0.0027991595639685987
h0,46,0.04342157036781186,0.025026350719940565,0.003264615951257769
h0,47,0.040149077058866535,0.023714297803161182,0.002265038226433323
h0,48,0.03933009505143571,0.0017618637990453531,0.002980001873717092
h0,49,0.03663982522055567,0.02383001167532721,0.001682300490133465
h0,50,0.04013152457889138,0.026422363014958122,0.0022263006576959607
h0,51,0.034417286670704386,-0.0015982610576161464,-0.0005407645536456241
h0,52,0.037824497314646405,0.02789570690864488,0.0023194513620109006
h0,53,0.040296297831425895,0.011906637347691415,0.0021737368382691376
h0,54,0.015560183572726323,0.011847842426144681,-0.0030827051740053564
h0,55,0.03289940140370502,0.010380786175707386,0.001592107026270526
h0,56,0.04895577294268227,0.03342335974058603,0.0033125598492406766
h0,57,0.023578177751690754,-0.005469135656553638,-0.0017171049153951712
h0,58,0.0434980859161324,0.02380298096810702,0.00016067048876998273
h0,59,0.025469724625793003,0.004288045973561402,-0.0008585786235529203
h0,60,0.03773043847503388,0.010182914471601356,0.0015687528857725656
h0,61,0.017828828874734668,0.012340565406160724,-0.00091940513745669
h0,62,0.03261450694907551,0.019129163128048403,-0.0008167817337305988
h0,63,0.035699433033844034,0.033708819482709,0.0033599050941371432
h0,64,0.038878053436727136,0.011224759050969795,0.0003610724903797453
h0,65,0.03810507773530864,0.022670535202531882,0.002297240938857426
h0,66,0.03707006644174734,0.029884423022439294,0.003946896299263629
h0,67,0.03883567419648254,0.027337255870894858,0.000694771157000717
h0,68,0.03012335141023486,0.018127034403006524,0.0005024452402859854
h0,69,0.03652275072556019,0.024230432420012934,-0.00045235011641105204
h0,70,0.04605737129550454,0.004373342214402389,0.00058302539016992
h0,71,0.04107893545566676,0.01693766224134892,0.0015135113560771128
h0,72,0.0241582028739883,0.023865771515247044,-0.0010431832677950297
h0,73,0.04451335408039957,0.03291691291076928,0.0004308040611930822
h0,74,0.040608197476563954,0.03207505854378157,0.0018589329095115039
h0,75,0.04828836723724454,0.03231696832213163,0.0005544243700076168
h0,76,0.025859603395567216,0.021869172163203814,0.0022833735003636225
h0,77,0.042111008867480815,0.027682784723240848,0.003200548976536339
h0,78,0.03958286815192473,0.01960082563215009,-0.00036811766614616584
h0,79,0.04619764099674512,0.0309096839755577,0.0027474795906311513
h0,80,0.06360634307687843,0.03262350421380665,0.0028570188688775617
h0,81,0.03896391491116559,0.010839131087625789,0.004828758613135563
h0,82,0.029542254777630606,0.003464373591195835,0.0003343363985862913
h0,83,0.02991005165868178,0.027269586145917277,0.002330926370119621
h0,84,0.05857770692382782,0.01815167487202163,0.0030898702164526273
h0,85,0.05111585215251378,0.0460466579408131,0.004254379581850293
h0,86,0.03974480821382105,0.013595952267643922,0.0003898308013605468
h0,87,0.06176463735121834,0.03307457337432433,0.0028829508480328046
h0,88,0.04390880013448731,0.03580530062322455,0.001437382079117035
h0,89,0.032571336020901676,0.033655519493188936,0.0024814786722305664
h0,90,0.00859612247921094,-0.0053415015351387755,-0.003477369427163797
h0,91,0.029810636265977436,0.0015659248232509082,0.00038258844552654394
h0,92,0.020584292012495356,0.007562685848653144,-0.0016161432651088286
h0,93,0.029233545768441796,0.027150017996772826,0.0035734031115329484
h0,94,0.006756616343024669,-0.00158505278302766,-0.000853200131254664
h0,95,0.023831576799849374,0.008484282582343326,-0.002379183569147268
h0,96,0.032999192776858095,0.03256014228054081,0.0031802443360629765
h0,97,0.022742684157820325,0.012177180518524521,-5.385398858493936e-05
h0,98,0.034067813795365415,0.019348776448767212,0.003561908453009478
h0,99,0.0324800576565499,0.021497179465865095,0.0020947553326804242
h0,100,0.033581352557733195,0.02480396161441102,0.003747482512876751
h0,101,0.024594962449434182,-0.006050327124244696,-0.0012156091131076533
h0,102,0.04072669686816721,0.020657186347490444,0.003850732749415992
h0,103,0.04329283409610442,0.019252761905304693,0.003006154800322372
h0,104,0.01695683288286139,0.019565940615937565,0.0007383491502705431
h0,105,0.023060483170532355,-0.00012259520183977718,0.0014544224108247298
h0,106,0.04094674721119092,0.01991784227092733,0.0014033258647748463
h0,107,0.0368807239315354,0.021013669313449036,0.0004836677693656668
h0,108,0.03928552036845261,0.027071674568660747,0.001762139999702179
h0,109,0.04483175582667417,0.027805301989397412,0.0031976369876032967
h0,110,0.025013084373698716,0.03364752317513598,0.003018958420280716
h0,111,0.02603828463541801,-0.0082564813228017,0.0007213998049203699
h0,112,0.029287587400751932,0.017027329350597926,1.583368780896802e-05
h0,113,0.02506231668584262,0.017572579089638874,-0.0012414519283203938
h0,114,0.025442124135052473,-0.0028656387057780057,0.0005181239975892461
h0,115,0.031340007714605156,0.02392952190571384,0.002429076499470915
h0,116,0.01950317699117733,0.02324035993323814,0.0019382808379643083
h0,117,0.030143830357864033,0.004611046681142511,0.001519140766805103
h0,118,0.024429659824418155,-0.010775828937229694,-0.0025709961672778594
h0,119,0.037942212359023314,0.02791529063607396,0.0008325261258612354
h0,120,0.021521722558054582,0.027192372455526678,-0.0005646840929810697
h0,121,0.0416105976334178,0.028869518465268588,0.0004338834950406475
h0,122,0.039992849463495725,0.01819076578642403,0.0028992581020674014
h0,123,0.03449091795632205,0.009253808362704764,0.0012168112501141012
h0,124,0.04214703337685835,0.02250177890691795,0.0020066713631850547
h0,125,0.034588917444510314,0.010377522625472937,4.748674528898679e-05
h0,126,0.05633960072179977,0.024392506314450575,0.003029825672950165
h0,127,0.04215485510703726,0.021326577738340846,0.0008967192691900388
h0,128,0.03966093280569862,0.014732970725917748,0.0014870417846092091
h0,129,0.03392276289111389,0.019952813912516743,3.4664468883821315e-06
h0,130,0.06030624421202335,0.03152935920917389,0.001128985904701276
h0,131,0.04845702192301678,0.027820085837311437,0.003275447112682473
h0,132,0.032325526434875136,0.024821574606689517,0.005542438617508147
h0,133,0.04308755058862916,0.028647985899467217,0.0019063409905572249
h0,134,0.031210410764544227,0.01710216123708206,0.0012435788305720716
h0,135,0.036252579657897785,0.009773949679517741,-0.0012596885037761446
h0,136,0.030270655154207227,0.017490287433009084,0.00021016521585405686
h0,137,0.02371407674931761,0.010267443939523722,0.00011385714088270934
h0,138,0.023821261455243575,0.0027992393592167,-0.00036733704574210186
h0,139,0.03308988134466079,0.02221409774295207,0.0023285319690849776
h0,140,0.023861573105015133,0.01157358991384315,-8.025459161051024e-05
h0,141,0.041779304967816885,0.014335016789042594,0.0021129541224086147
h0,142,0.04701229401910238,0.028028274650190248,0.001273824939388896
h0,143,0.027125428994506078,0.02550491854853746,-0.0026809739465803776
h0,144,0.04669975147317917,0.03342875317451841,0.0022444402932461677
h0,145,0.030874266346692048,0.00706608859764666,0.0028455673307998686
h0,146,0.02070443763267909,-0.0011284701080658509,-0.002578511163713286
h0,147,0.02708536310531209,0.01433694767304413,0.0006303784406196762
h0,148,0.0288451759130273,0.024969253262733204,0.0014823693112440363
h0,149,0.028102556996362688,-0.0011432208225028336,0.0006947644726193398
h0,150,0.045748530698136815,0.03426447202433206,0.004415862428066821
h0,151,0.028593409763379683,0.0007174519369015789,8.869492645440435e-05
h0,152,0.030872358783002332,0.009644397909178995,0.0014184262925567613
h0,153,0.05322391508640705,0.02247151352390124,0.003298262912752932
h0,154,0.03443328061515796,0.020737926437988503,0.002145150407533204
h0,155,0.016649205987781475,0.018554902621460385,0.0012957365090139187
h0,156,0.028469349891585536,0.021210201339584546,0.000854620960316306
h0,157,0.025899621493816128,0.006104692333865083,0.0035138817209452835
h0,158,0.04100157877469152,0.008226646569058953,-0.00024002917426230262
h0,159,0.031098538954618667,0.019271231447783907,-0.0013389966325902413
h0,160,0.03844601854761593,0.03910050904137521,0.0030403890909896543
h0,161,0.05135798464575287,0.03672265882445118,0.003571164917119616
h0,162,0.042678407795976765,0.018993964137471706,-0.0002616441127004168
h0,163,0.03807527170243445,0.004593912626747881,-0.00199589264087143
h0,164,0.04838524257210908,0.01724675820332387,0.0028279764370613795
h0,165,0.03058527172132337,0.029419872882216407,0.0025485285244999066
h0,166,0.04076825744876336,0.01202671265907105,-0.001027970390034182
h0,167,0.03485086658159668,0.022249897954425404,0.0014167277446337835
h0,168,0.0404507700995261,0.026748831075678645,0.003451290382498927
h0,169,0.04021528154284871,0.02319572066105806,0.001358831046407946
h0,170,0.04990982465683053,0.017172575357505694,0.003547062160746672
h0,171,0.020222430062065703,0.009254802218496515,0.0003436877179150814
h0,172,0.03882083338111901,0.029241885346475857,0.00601367104342259
h0,173,0.03671574051754458,0.008684498776502497,0.002521419872429281
h0,174,0.019197391466850643,0.00882238939552539,0.0006515794015017596
h0,175,0.04358077555643916,0.013639951480716093,0.0001794213919855299
h0,176,0.020560627502504456,0.005138837252891848,-0.0009870922647910669
h0,177,0.03634291188945546,0.026542688965714746,-0.000561428857401714
h0,178,0.029789696403155118,0.013404025445169889,0.0017648496200298582
h0,179,0.017912450654597872,0.027327848514738982,0.000969891790163741
h0,180,0.04091927947858312,-8.305928571342505e-05,0.00302942454960293
h0,181,0.04271115575008862,0.02337790695278591,0.0031004225470425387
h0,182,0.025618234204195355,-0.007536286694142465,-0.0012061870488217904
h0,183,0.03756714328957428,0.030474199852207826,0.0029756982088157877
h0,184,0.033244820828504815,0.02164273048306019,-0.0012318348687302767
h0,185,0.0602512586924866,0.027918295984021475,0.005621136385698245
h0,186,0.038373082861406914,0.0235938525595015,0.0021677439432828795
h0,187,0.029510187802335476,0.018797516556100596,0.0029111603408172072
h0,188,0.03506472052084875,0.018712455893955267,0.0016649805814352163
h0,189,0.05454019675912028,0.020903099432632192,0.005059991482698157
h0,190,0.041987284985788485,0.023854290936239052,-0.001844520576144182
h0,191,0.025730920591182243,0.015788150489590043,0.00015366919163922721
h0,192,0.036562278646517656,0.03273915749394655,0.006204101071020176
h0,193,0.02232174453678032,0.017735629590886016,0.003600356587255603
h0,194,0.04519985397192781,0.026601309205567258,0.0011316187206528111
h0,195,0.03800600114875692,0.009224471741800118,0.0017670024499086812
h0,196,0.01856353479629351,-0.0009416601200989217,0.0016800123449616762
h0,197,0.03790230722104449,0.0126530767970695,0.0013401028212622246
h0,198,0.052721093731870144,0.0296129184688698,0.005311229279611438
h0,199,0.04414913507299508,0.02122164250850606,0.0015601540269323411
h0,200,0.01842658528168377,0.012228966968653313,0.002069107133607441
h0,201,0.04940723526494447,0.018562211886846883,0.002605097684296874
h0,202,0.017047377057668043,0.022499435770840924,-6.448169864940452e-05
h0,203,0.03057486268470945,-0.002207286517426856,0.0005199437498389023
h0,204,0.03864140725432261,0.012663556332895096,0.002152671727920102
h0,205,0.03066266178755119,0.011806873084676164,0.002603868229075069
h0,206,0.036383743554317186,-0.005155221932160215,-0.0014786899938857585
h0,207,0.04465012328092919,0.026877982412529845,0.0009454472947298305
h0,208,0.05039924526216193,0.04119250542726997,1.3614396610130922e-05
h0,209,0.027913168086702633,0.011295047878808537,0.0022202015023557015
h0,210,0.04932599925086441,0.025352677067651732,0.002455173314212536
h0,211,0.04120217060049125,0.013407991007709287,0.0023441576302952525
h0,212,0.047040154413715785,0.02191528067731147,0.003644048420848543
h0,213,0.029506365484381628,-0.005639968295875018,4.424979589668981e-05
h0,214,0.03602665848734493,0.027566871051658122,0.0020328932051829887
h0,215,0.03309100255551241,0.01583761218149763,0.0016318603491727315
h0,216,0.040506340499408156,0.016852719468456047,-1.9425279302184243e-06
h0,217,0.04139594527310514,0.020712829572600042,0.0030857783202438926
h0,218,0.03801116013562202,0.010506890820838149,-0.000710613871343154
h0,219,0.023139942844548046,0.005361606416496974,-0.000958169788289962
h0,220,0.04159843703474827,0.009729321377385088,0.0010267389284825687
h0,221,0.027081149649894127,0.0048500027903582085,0.0002596455562366255
h0,222,0.027982748997787382,0.02388403161009564,0.0024235125788701906
h0,223,0.02430801565834475,0.013213638550464049,-0.0003345831207328372
h0,224,0.02604348385301814,0.016919288690976687,0.0036317998642412257
h0,225,0.04335804891729688,0.02059597670850719,0.0016580104260449525
h0,226,0.02894485857618742,0.022079634955622308,0.0028671825538692636
h0,227,0.04983641793343633,0.04330778209952278,0.002610035280446379
h0,228,0.0348659458414012,0.011025802586083667,0.0012706158198057436
h0,229,0.04594901291679798,0.026738354085239703,0.0012335737482378215
h0,230,0.04282683701443666,0.028611294766652678,0.0032870266269272447
h0,231,0.05317299904191783,0.016267519925037457,0.002594357814708728
h0,232,0.0464210289423114,0.02333511103582673,0.0028559401861914654
h0,233,0.04267446703378018,0.017676377264500057,-0.0007149342903636151
h0,234,0.0377105542816046,0.020412521533363887,0.0012402379184385708
h0,235,0.0374412771944337,0.008442999635802546,0.0037210016064034204
h0,236,0.039730359893277084,0.01868054653562554,0.004523435627780516
h0,237,0.030335975559304784,0.017332156822089752,0.0040974509685143025
h0,238,0.05382008949271535,0.03384096730609926,0.003083805539601464
h0,239,0.03233376563577482,-0.00030120358487086343,-7.540835777575857e-05
h0,240,0.05571694412022492,0.0271690976789205,0.0038047119255932684
h0,241,0.019380717097226507,0.022743817090612864,0.0015810059555320752
h0,242,0.03099368044985781,0.014700469872737827,-3.853723523242463e-06
h0,243,0.05048204227787598,0.03016145451066057,0.0037278152359215295
h0,244,0.025687638547284584,0.017891959958784214,0.002157156582362625
h0,245,0.05267572600367202,0.019321269093936756,0.0020938603779386417
h0,246,0.027749364281270707,0.009488446536950208,-3.388765999043689e-05
h0,247,0.04869075918987953,0.032869819549542,0.003589601507610751
h0,248,0.020586634582411632,-0.0033005671778353236,6.065843200195819e-05
h0,249,0.02914218135890853,-0.005707487781019545,0.001150359643679991
h0,250,0.018438710141541716,0.017509910328566646,0.002442400911778061
h0,251,0.0391962900879636,0.012720356033303855,-0.0007043775529445434
h0,252,0.026429066669000034,-0.0008527998915553855,0.001118202154583132
h0,253,0.03884132099101681,0.01001317179966068,0.001758523623740864
h0,254,0.037604804024629436,0.0031070622793422167,0.0006077817861664072
h0,255,0.02166383927055415,-0.003143392326311868,0.002578811253773916
h0,256,0.03402947621868328,0.011741578275971467,0.0021956562050539628
h0,257,0.01862248611902177,0.022508138020727313,0.003512673190990951
h0,258,0.05479416222135272,0.032071431318343044,0.0026711487604997477
h0,259,0.009721284629615832,0.0001657788407680577,-0.00024078341383180503
h0,260,0.032679065707527176,0.0051004991485579625,7.937576394566846e-05
h0,261,0.04674829349626108,0.034028820577232215,0.004157181434942011
h0,262,0.045086191399243476,0.029563722358633533,0.004010988537425547
h0,263,0.03126348207030797,0.016010728254059782,-0.0008279913304129398
h0,264,0.040378148558269863,0.013971233724697595,0.001329166683831903
h0,265,0.04491148838300216,0.0077767664574669975,0.0036075361311788583
h0,266,0.02074380442770137,0.013139964462143244,-0.0004833659297156746
h0,267,0.0174682253490062,0.015161022399932257,0.0010464729174198327
h0,268,0.04027441926104454,0.01894422033288158,0.0019754008303022696
h0,269,0.02761482378663716,0.02943393468071889,0.002531624931057669
h0,270,0.02041611549598961,0.00613206259774134,-0.001982525406569188
h0,271,0.047351682353664,0.01211259904177544,0.001907301005898608
h0,272,0.02470747103711817,0.020128633863355342,-0.0019315909094741353
h0,273,0.020430271206398853,0.003966185677790465,0.0019161004389239055
h0,274,0.045019169717417075,0.03385384724829073,0.005265379412602978
h0,275,0.03992970256874235,0.033436670499540806,0.001692975250530722
h0,276,0.025450613129140504,0.02242474745773516,0.002333649101839431
h0,277,0.026664275042900233,0.019133873838973428,0.0018955999813266044
h0,278,0.030973830479913256,0.027431284416188802,0.0025677986242005763
h0,279,0.02662757259714054,0.022604711672440228,0.0034034785644847677
h0,280,0.012687188326613849,-0.006796927246153502,-0.0011989114949817379
h0,281,0.028763560735744816,0.021309483035131,0.0028198417889012286
h0,282,0.03478212769735187,0.01716778051296705,0.0015083291070638956
h0,283,0.033395311879581335,0.01676405639038423,-0.0006059946420477916
h0,284,0.050308719321493174,0.03269806780511368,0.001038520223134517
h0,285,0.02360075543960664,0.018752893233040576,0.00021032035938118665
h0,286,0.01966513962419525,0.004961995095593292,-0.0013559712244928458
h0,287,0.032698633474830215,0.010158403371425699,0.0016554318250202654
h0,288,0.04187592481916132,0.02665095986358256,0.00198426626401442
h0,289,0.03079442377447708,0.02824451732520121,-0.0018969981577817833
h0,290,0.03320863975864522,0.012568009473365765,0.0014756085158617641
h0,291,0.02481462571682639,0.02076989178566878,-0.0009158574750912662
h0,292,0.044226544321862585,0.0281510545657328,-0.0004156784831646429
h0,293,0.00930801639607236,-0.0018266392507121296,-0.0005260110906421425
h0,294,0.037038096025065796,0.013684446653247534,-0.0006616168163668464
h0,295,0.03932276054161047,0.024141648700526232,0.0012853051401951468
h0,296,0.04923473745712664,0.024750466649877255,0.0049728694150769324
h0,297,0.03588646741617305,0.009277952895967997,0.003893323970352664
h0,298,0.029417795615350985,0.015944418972319168,0.0011222417869585885
h0,299,0.03304873897714576,0.012586763434561039,0.0005989197226725677
h0,300,0.03315258732687829,0.02386089190178101,0.0021420280075743862
h0,301,0.04739970698766956,0.04108016565166768,0.005567162516705863
h0,302,0.02597733694500521,0.00353584625993459,-0.002724224865650105
h0,303,0.04687277933807066,0.019100170511055833,0.0001987441670748271
h0,304,0.0206892258520915,0.009399442572003853,8.918126708680582e-05
h0,305,0.017315955177507995,-0.0013001448610887641,-0.0015114300524493125
h0,306,0.026886402886847738,0.017937236758085454,-0.002518912555735321
h0,307,0.025234594913492496,0.006033542909576844,0.00036358520794071503
h0,308,0.021172239570323124,0.0005705618701279461,0.00029098210378556083
h0,309,0.04333237127908823,0.035621681604902374,0.00055524046368538
h0,310,0.036418961481682416,0.012489860475886135,0.002111346292724718
h0,311,0.005707807422822085,-0.001097632386861046,-0.0014746311049481397
h0,312,0.01801574959563585,0.005803806736187947,-0.0013517836561627943
h0,313,0.022130280060298834,0.009597663236261395,0.0003317820890212633
h0,314,0.007185536442860284,-0.0071606687536672695,-0.0013247823254723132
h0,315,0.041770629125518294,0.017271497898946338,-0.0016519408344791865
h0,316,0.03688707988526846,0.02138506380593675,-0.0012676928994870633
h0,317,0.026353013694121893,0.015037331933179326,0.00028302025453579797
h0,318,0.03647194804593781,0.027528452552549692,0.0024885503868947987
h0,319,0.03218464276069409,0.02202097625127326,0.002488260897326835
h0,320,0.04920277951171179,0.008800964880131452,0.0029479224334297218
h0,321,0.051755303444093514,0.02977035492034121,0.0015994133329720619
h0,322,0.0397155382859605,0.017901362412888273,0.0022998237841976524
h0,323,0.044449072955657795,0.0348749714139297,0.0042328929389943305
h0,324,0.027046236790746983,0.028183822333454654,0.003168466995671226
h0,325,0.05769588311681051,0.03806665555650528,0.005564688710151837
h0,326,0.04468889567514589,0.015352511009558494,0.00302611415245022
h0,327,0.0062323604386854345,0.011534762936095923,0.0004295346380205269
h0,328,0.03289568525407296,0.02356763248497672,0.0010596256877
h0,329,0.03668431994190006,0.023617951992855796,0.0027778337491966686
h0,330,0.03704453464171909,0.023665940670776396,-0.0005907668756290918
h0,331,0.025178291597960232,0.019224182434783327,0.0008993760421961986
h0,332,0.059107070763402464,0.032361904288393854,0.003368335453075758
h0,333,0.023790858114593215,0.017621113928851725,0.0023374048170695634
h0,334,0.05012134876679779,0.026521012142610198,0.004827232718216407
h0,335,0.03178067660475102,0.022490255001745764,0.003837689680004791
h0,336,0.019427166853908297,0.012279039200412255,0.00024345310148509705
h0,337,0.06180296466728126,0.016225774073977565,0.002672745501483393
h0,338,0.04778845072885975,0.025133418377426768,0.004533671356672368
h0,339,0.05760144450085298,0.020375222541614363,0.00507677317592929
h0,340,0.027221029866915096,0.003558192481464703,-0.0006981981627599177
h0,341,0.055199992640054485,0.024346504890311888,0.004657542243358932
h0,342,0.0209767644403588,0.01153204359300948,-0.0012700024567779454
h0,343,0.0375733046402508,0.0333971923774287,-0.0005690954259660241
h0,344,0.05110964123448584,0.042329106815268636,0.0025815585150313213
h0,345,0.03792151205063736,0.03135024784811185,0.0025157336546188657
h0,346,0.04915275418604201,0.0172135842967383,0.000302687957390201
h0,347,0.03161435741421703,0.02290269827936315,0.0022057386601176954
h0,348,0.03896868462984615,0.018597402337447225,-0.00024393603337298855
h0,349,0.02169294290116851,0.01649348674066466,0.001102447330393997
h0,350,0.05187645021198917,0.03905496199664919,0.0028865272086939786
h0,351,0.04908489633618863,0.01684402187700284,0.002959833484049764
h0,352,0.025508081972357002,0.011958462366671165,0.0024921938442380547
h0,353,0.03357994954853473,0.00022326294303040388,0.0023562818299015433
h0,354,0.04070850376884471,-0.003350204005054638,-0.00010815910946702142
h0,355,0.02816735990742457,0.00029039869679252893,0.0016805276215192614
h0,356,0.040063637429428325,0.022160607872408408,0.0017101795480175608
h0,357,0.02603177914481371,0.0012492892490989036,-0.001171100305478723
h0,358,0.03481636367249596,0.012361517015499776,0.003060935456806183
h0,359,0.051656263201822025,0.036284926016113224,0.005351627496162007
h0,360,0.03536202556790586,0.030968537039344678,0.0038589195833395075
h0,361,0.02332964098546281,0.010305588662529262,0.0009926257274525598
h0,362,0.021773060727963717,0.002323994999175549,-0.0007528686554995399
h0,363,0.022953410065930234,-0.0002794508795807213,-9.738085406139517e-05
h0,364,0.027876815462245033,0.015247773692002715,-0.0013412003212605662
h0,365,0.025620574284792273,0.004063911194337362,6.0178043832979054e-06
h0,366,0.021557672387272193,0.009574696416107458,-0.0006232751221595121
h0,367,0.05698836295480468,0.034414873865120515,0.002379279635798966
h0,368,0.03861413190379071,0.01669750191398807,-0.00011835293657130007
h0,369,0.03343467881974766,0.0015409277144384035,0.0015424332629634153
h0,370,0.022536353274003627,-0.00465017769393874,-0.0003337211942492377
h0,371,0.05686558026094067,0.01987029411759742,0.002478512988212624
h0,372,0.030396055429336304,0.01095904212276688,0.002220527956882265
h0,373,0.039889163530511744,0.03185905045291275,0.003277491184052033
h0,374,0.04320697941164778,0.024589844526052375,0.0035906174427431507
h0,375,0.03680754397882045,0.020044435344253438,0.0026737831619107403
h0,376,0.03772874285859944,0.017715784119534048,-0.0005999459442091282
h0,377,0.035788919677854795,0.021116277759181765,0.002736671336074013
h0,378,0.01339243002047222,0.015002450571513245,0.001752977152707101
h0,379,0.03524051816966761,0.03123010610370689,0.0013169491545051214
h0,380,0.04052425796307782,0.02030943566393125,0.003237739100190356
h0,381,0.03782870108633091,0.015804718152825088,0.0021962853003990785
h0,382,0.02595087787884128,0.00977351100224189,0.003514515984060571
h0,383,0.033126021371637414,0.022540902972307642,0.0017429963980760046
h0,384,0.027198737900109137,0.019809326134255734,0.0012732903681295282
h0,385,0.04038082172360111,0.0399057185867566,0.0008652588067269402
h0,386,0.045551519005087956,0.024787326593189846,0.0009497062538187239
h0,387,0.01780797022177305,0.013737450032568809,0.0006193582209138575
h0,388,0.04462600074776458,0.0135594577140313,-0.000628788389236282
h0,389,0.061805617568116686,0.018451330811588867,0.003538464725986415
h0,390,0.03420725156627495,0.027997587343420668,0.0013246959238861036
h0,391,0.022262862642403423,0.01647137627394681,-0.000573802542655287
h0,392,0.035170305433927955,0.010593829494682017,0.0004871371041980635
h0,393,0.039659771013062534,0.028094147641575706,0.0006725023711149929
h0,394,0.055110524169793895,0.02613594351777414,0.0012204125706117032
h0,395,0.03658611012042682,0.025086252623544317,0.0014987290359886245
h0,396,0.02791418662719517,0.017342719920373645,0.002770142589175811
h0,397,0.04131817870758465,0.024306736806288448,0.003964768009457828
h0,398,0.03635548191594842,0.03538229283102545,0.00203311151344861
h0,399,0.03853663208265903,0.017588874470088382,0.001189397288642331
h0,400,0.027812182635546502,0.013492255864558416,0.001291036099967004
h0,401,0.02807311408561309,0.009884339832673608,-0.00015271482123925886
h0,402,0.039499256057096054,0.01719699556144519,0.002401314573258803
h0,403,0.035787423898831675,0.029734602768180303,0.0013621968756167007
h0,404,0.05022021145823058,0.01280801136915662,0.0029010291185737466
h0,405,0.037101366603074094,0.026837826490278893,0.003376125219903993
h0,406,0.030546729388153403,0.026391520308577575,0.001322325407977193
h0,407,0.048682174365973524,0.033941550140999206,0.004694710712209844
h0,408,0.019722459246795408,0.018917896781627523,-0.001249966046798614
h0,409,0.02042660816657234,0.010542265585338334,-0.00011242529738064114
h0,410,0.04511837259793044,0.039577345750765776,0.0010930344693622365
h0,411,0.03103578685213942,0.006229097149908932,0.0009120698208569336
h0,412,0.024688065658002717,0.016029577567580142,0.0002238828059588963
h0,413,0.03648302761003402,-0.004963521724658419,0.0017580499786775444
h0,414,0.02786435113727835,0.011515711397940484,0.00045538115789426487
h0,415,0.058879611231686564,0.02910565282091753,0.0032966147739120167
h0,416,0.04141672309734502,0.03158826096078822,0.0008864168637305416
h0,417,0.031907201067120625,0.018570236633758598,0.0038313308962716333
h0,418,0.05214986552485906,0.0398028336948284,0.001641557746104181
h0,419,0.03614449107771078,0.015198029293880738,0.0051919307091078965
h0,420,0.03525684564802681,0.014834470931573147,-7.004890972802302e-05
h0,421,0.02734179904849702,0.0180684262539794,0.0003170841020548156
h0,422,0.042699009633242524,0.03928443920045865,0.0056354188874467685
h0,423,0.04113650603899585,0.024222501201384288,0.003935889259087454
h0,424,0.06230918035482927,0.029060283269915894,0.0036069000864435512
h0,425,0.0533363197564291,0.012253067954001716,0.0018212886650557328
h0,426,0.022851263271749352,-0.003195477243517089,-0.0008072802890476695
h0,427,0.03098664663421919,-0.0015869589072277038,-4.1795923704997543e-05
h0,428,0.025155276472035377,-0.013562661239456632,-0.0019572071018026937
h0,429,0.05865022205741305,0.03692594484663709,0.00521778348062177
h0,430,0.043548559568441836,0.028795740706435292,0.003330070762937949
h0,431,0.04958228007790659,0.012451293779881356,0.00033617601982836257
h0,432,0.04088839948505204,0.010553559807370588,0.0009228944416407178
h0,433,0.02899245717412502,0.011612781065408015,0.0011469976290528045
h0,434,0.03560651295286205,0.012327389917801003,-3.6715134982227534e-05
h0,435,0.028946830163549542,0.015204084838050943,0.0016186792818742783
h0,436,0.03207723297943868,0.03226734437053304,0.0020202388636844696
h0,437,0.037230727845028025,0.009983024641963096,0.00019073990761595862
h0,438,0.053498553615466286,0.02621649130082713,0.0045265555651310616
h0,439,0.03722880786837206,0.026439636137094588,0.00044172777343580633
h0,440,0.02401581559044495,0.014166539848195485,0.005122330035678548
h0,441,0.0392830996705638,0.009163129741706952,-0.0005061687587203509
h0,442,0.04031002943923552,0.008755774410633087,0.0030538788485954343
h0,443,0.015873634409234484,0.010617178201245062,-0.0008119925124873777
h0,444,0.0418370229096582,0.006361297478539533,0.0011925863137838123
h0,445,0.04376693596327421,0.02838199350387295,0.003515322608748724
h0,446,0.029173277726738014,0.007753550348053618,0.0005517673100018795
h0,447,0.033484283409203064,-0.002534910222950975,0.005592093303683217
h0,448,0.03661550218845264,-0.006253958789912622,0.004129823411047534
h0,449,0.03951259480348679,0.024339164228685692,0.00042494457090109855
h0,450,0.03166553799186523,0.016416353285252542,-0.0012341402090838
h0,451,0.040706834740103906,0.022846036676946447,0.0007001341462795331
h0,452,0.024702446165596328,0.0011330884753447297,-0.0012328918933694737
h0,453,0.042667121818970574,0.033517134424098524,0.0022709220140456525
h0,454,0.024358057636852705,0.03592080063554069,0.004439539012139341
h0,455,0.05278026500753996,0.023477796052110846,0.004521944291330203
h0,456,0.034700573557178906,0.009726122454298724,0.0014076653192810471
h0,457,0.044279518881453934,0.023927340264695646,0.00270409582970243
h0,458,0.04441135777481235,0.023157745766613797,0.004487816105097469
h0,459,0.01870992557387962,0.006903409775946272,-0.00266277132087189
h0,460,0.042534470719455646,0.018316876672912805,0.0008640954503075665
h0,461,0.054069920357189535,0.03404772950205724,0.003449161367566535
h0,462,0.030112276534269324,0.020664940389784857,0.0039705436928250655
h0,463,0.032137152120291855,0.006228975497936162,-0.001042535777120603
h0,464,0.02597846959032401,-0.001739379937767748,-0.0001734513209986808
h0,465,0.03125561105306073,0.014574429141351992,-0.0025931416425347986
h0,466,0.02951249148724663,0.004831065476751254,-0.0022559426060585913
h0,467,0.054688075514892076,0.013334635110715353,0.005007763081887594
h0,468,0.03844271788488216,0.02745057710828222,0.004043951567669897
h0,469,0.034343803513194104,-0.00898950446248984,0.0014850741651164735
h0,470,0.03215534421843646,0.019099576789185904,0.002607932029670253
h0,471,0.02974694582229895,0.031417830077476214,0.0014159617839441657
h0,472,0.0360471798147179,0.012123052513965313,0.00311312506952626
h0,473,0.054546541655666386,0.03368426509684283,0.004299214335882688
h0,474,0.03813955644300089,0.01382578069839082,0.0009628831325542728
h0,475,0.030172935239484125,0.02696529709677644,0.001813885847044298
h0,476,0.0400835409058388,0.0033410668484086456,-0.00026179040582961603
h0,477,0.033191154292477765,0.01895759899800085,0.001482774041386662
h0,478,0.03572347944982168,0.016498589478314812,0.00368600336867158
h0,479,0.043033518413482165,0.009775759055077167,0.0011470645757752545
h0,480,0.03536237351754859,0.012713062993673429,0.0036179196989636698
h0,481,0.028971513424644237,0.010144181756107089,-0.0002647541488604093
h0,482,0.032111718697375696,-0.0032293112117836326,-0.0020754145158409227
h0,483,0.02333718206590329,0.006121859330911427,-0.0015216086945219441
h0,484,0.04113674399543488,0.024788293867614504,0.0008014744600940019
h0,485,0.043666829490482936,0.01893293534884407,0.004418742485098477
h0,486,0.03487653795563557,0.018665377220917465,0.0012464741840153338
h0,487,0.03460155192632422,0.014702893966919055,0.001948980592459165
h0,488,0.013248454814191422,-0.00836576139890711,0.001769535405656829
h0,489,0.044016672642385575,0.01470864867819014,0.003594724165179113
h0,490,0.03928721666266111,0.008067352195787051,0.0022610884648550152
h0,491,0.03932668633438636,0.01839670627180726,0.004912939668362974
h0,492,0.051521927663837855,0.018421680845288238,-0.0007065027039837449
h0,493,0.044152924085531585,0.020312462561654736,0.0029849321688549283
h0,494,0.039139054197047066,0.021844773026197157,0.00298983065696903
h0,495,0.0416211639550388,0.015733642072577866,0.0018226719431071868
h0,496,0.013498687159277541,-0.0004586874724948446,-0.00014465133795677453
h0,497,0.017196472826632517,0.020318264691137865,0.0015014620133394795
h0,498,0.029975483237951437,0.0027065779006927443,0.0015760098121088864
h0,499,0.029724446440087364,0.015303236054569827,0.0032761750113364098
h0,500,0.023756601415767284,-0.010861202387760064,-0.001002228071641736
h0,501,0.05616890019718232,0.013997366278289756,0.004707262997648018
h0,502,0.03784145826435684,0.017701528304695093,0.0019900750504629945
h0,503,0.02133099346407749,0.025012967667792842,-0.0025188394458979615
h0,504,0.029007949164063407,0.013577759981041061,-0.001585137203598487
h0,505,0.015172597062617145,-0.003694714668370163,0.00024952637648372735
h0,506,0.03298165321151897,0.016463381476924072,0.0014657548385636737
h0,507,0.0417046314026365,0.01766408182683612,0.0019224326910054258
h0,508,0.047397137461185644,0.02643886932981184,0.002552969658672744
h0,509,0.04244129955807707,0.02420614003315149,0.0023028374227164576
h0,510,0.044050769002295515,0.01146306522089727,0.0022872931016921557
h0,511,0.03261396235022225,0.008193810559029633,0.00016897039741803886
h0,512,0.038474168502618256,0.02925538493915369,0.001646827262834947
h0,513,0.02822172057882283,0.024872297608723448,-0.0001727636311501836
h0,514,0.03323396583912919,0.0009980399316850998,0.0032306433148318707
h0,515,0.038517097357733475,0.0203823351423156,0.0011234928493407217
h0,516,0.03830228679831808,0.019094119613888454,-4.3465969236543365e-05
h0,517,0.05380703088999824,0.02244521752407669,0.0022794959616668237
h0,518,0.022157678486684224,0.011654454950340216,0.00035525764002151787
h0,519,0.04869182333151585,0.022356672955903115,0.004489710506545603
h0,520,0.029021967556505438,0.020457633062457233,0.000559997921222421
h0,521,0.010219321798576458,0.0001334643900756582,-0.0012329642348864371
h0,522,0.043591443370009336,0.022054667928347392,0.0034942711986455537
h0,523,0.028740225132525794,0.019224013862005195,0.0014719765067220244
h0,524,0.06287862512854789,0.03943824623899552,0.005225600219977677
h0,525,0.03160204071687612,0.018758146955066154,0.0010042369843635192
h0,526,0.027153350627022645,-0.0013824643837649538,-0.0005284886992547202
h0,527,0.03783316951355731,0.016844305080557467,-0.0009207258341778729
h0,528,0.04173396511826297,0.022402429547249702,0.00012126066531314744
h0,529,0.034405532237072975,0.010557522994219366,0.003015143924570363
h0,530,0.040048201982290886,0.028865618292145,0.001201271802879189
h0,531,0.029689193130550604,0.005869050891798991,0.0029138202043237985
h0,532,0.03358926327245297,0.027694263880277705,0.0007319209707282118
h0,533,0.03624052367686543,0.008073151264312985,0.003144696949954344
h0,534,0.04809219651984077,0.023351039009790207,0.004156333542840496
h0,535,0.03668525730321627,0.02735502768755712,0.001646457184113946
h0,536,0.043604107886737326,0.032243207697308554,0.0018510195788153487
h0,537,0.04441414407364925,0.017306257305331488,-0.0011975318228580538
h0,538,0.027459000417982576,0.01059961232698663,0.000809032971190163
h0,539,0.04194485165502758,0.01980548494245888,0.0036260301306589257
h0,540,0.04549522811621179,0.012800829180832977,0.000766317933338052
h0,541,0.03580027592185851,0.015078507861890585,3.9562905937489236e-05
h0,542,0.03748053423862298,0.010792449696621869,0.0009027908983897113
h0,543,0.030515362253429976,0.004817039727711678,0.001339879089917597
h0,544,0.030367909409602562,0.0060350965093745185,-0.00020971555891711427
h0,545,0.029452104171855648,0.01188213130875473,-9.680568761117172e-05
h0,546,0.020292669005158855,0.01314665427212694,-0.0004794099051579916
h0,547,0.029115738112266906,0.007269660461223015,-9.409996024074721e-05
h0,548,0.031201217916951626,0.013856495021969702,0.004395447528680487
h0,549,0.04476402575217909,0.015310584380744448,0.0009700992559457458
h0,550,0.0275392089853313,0.011559777721947478,0.00042380906579341654
h0,551,0.04183485432679356,0.02505825778767341,0.004375656884756329
h0,552,0.029537138270823875,0.028953051640284912,0.0011633703543116399
h0,553,0.024296685285544184,0.011902328509271741,-1.678341630248644e-05
h0,554,0.015910798625359164,-0.0009549463107597824,-0.0022418413902593466
h0,555,0.03113082128647846,0.02384542856677846,0.002761692573845577
h0,556,0.021133462968575045,0.02190869425188969,-0.0008413751693071335
h0,557,0.039110066698835176,0.021889360840852093,-0.0004187663626674899
h0,558,0.03177322210823325,0.02203229696512087,-0.00018133573826381653
h0,559,0.016757507723949818,0.017352975256675847,0.0032332856970150956
h0,560,0.011023933089561955,0.016144663784004157,0.0013694293789973718
h0,561,0.02483523508189494,0.019878292169694667,-0.0022950825941473155
h0,562,0.04746713217428513,0.01713180638525891,-0.0005906588554005928
h0,563,0.035649291908854575,0.025790413382742898,-0.00042394294391139963
h0,564,0.01942771051426156,0.013274906575957975,-0.0008265831676431534
h0,565,0.01884932528693367,0.007093843034487252,0.0020455362905525886
h0,566,0.03643444236363845,0.024889180751235314,-0.0004099284717387318
h0,567,0.02717415949020327,0.018103000875320956,0.003541706659034902
h0,568,0.03162662126873866,0.008963743495171789,-0.0003922817003639619
h0,569,0.034005743807401644,-0.004043702822342704,-0.0013456939735062897
h0,570,0.032222944374630434,0.004952558082501671,-3.862787689555081e-05
h0,571,0.03079115475847767,0.013982945741114295,0.0014139765091535856
h0,572,0.01767520394962947,0.015317607066175706,0.0024438804677545892
h0,573,0.03625488587994029,0.006939691300747425,0.003223819201883189
h0,574,0.03915497025364931,0.01936967101626254,0.000560679420595435
h0,575,0.054137684039881145,0.018235172471193658,0.004100206314233582
h0,576,0.03513464327119241,0.016740845622090248,0.002331119109864403
h0,577,0.04728819835536017,0.03162076268454659,0.005374704567169373
h0,578,0.036080549223658026,0.008681914355338305,-0.002436982575939901
h0,579,0.03260178971219004,0.0005366718098836661,0.0008660030018049992
h0,580,0.026609040263371173,0.012849259921227285,0.000953247961709422
h0,581,0.05795572878176393,0.035657549886633964,0.003142744366589004
h0,582,0.0426012211601073,-0.0019829521788600254,0.003042221965197183
h0,583,0.02973609801543358,0.00855931131716122,0.0005355201361836686
h0,584,0.04196636087185617,0.010959962832375984,0.000516002765510469
h0,585,0.01665977093144371,0.01411998150132868,7.294410081270727e-05
h0,586,0.02788784519661347,0.021826821704808538,0.0020624160712787235
h0,587,0.018666556500837095,0.007315248182799064,0.0006462174992713871
h0,588,0.02572711464004947,0.012067040989076863,0.004447062816302114
h0,589,0.028168855312125155,0.00871634179449974,-0.0009012549393233146
h0,590,0.04531841471893398,0.03071290479476906,0.004542536696762739
h0,591,0.04894277284098788,0.03545247376001351,0.0027160469127629943
h0,592,0.05191424827279354,0.038567303776905544,0.0026930730501002987
h0,593,0.046655534060773426,0.008995086386481329,0.003934154712708664
h0,594,0.010793642359481026,-5.9685865198217183e-05,0.000285820595418831
h0,595,0.045969607036849165,0.022003491316326958,0.0013103517796166785
h0,596,0.05115609766027331,0.02019869397854002,0.0031790832010751354
h0,597,0.03705466479588653,0.022067596755755647,0.0012595186735131314
h0,598,0.03578197127907002,0.006383445698012677,0.0005653790548287518
h0,599,0.033047417320046596,0.0043113767694577775,0.0010702394198961788
h0,600,0.02499391237579454,-0.0072096528073994845,-0.0003655904792404497
h0,601,0.017490296783389907,0.010280062328345475,-0.0018012905379753432
h0,602,0.04663011113465837,0.013946226058312763,0.0024091597694499765
h0,603,0.05493193630894886,0.027408871679041692,0.00455970060223056
h0,604,0.032637429693457114,0.035218113324665776,-0.00041848106694587794
h0,605,0.04377423746704013,0.027699210390970744,0.0020033747425080087
h0,606,0.019858017107432804,0.007626682715602101,0.0016846237591199155
h0,607,0.02060677784993255,0.013854775945750838,-0.0016879086820393917
h0,608,0.024861652405137727,0.011509990708525236,0.0041620063165920835
h0,609,0.015075150617746797,0.023719387874860796,0.0016332333176062787
h0,610,0.04911765986798732,0.02769365703782252,0.003970728363628164
h0,611,0.014268675476902585,-0.0018100186680952302,0.00037258361074667774
h0,612,0.036338570989389196,0.03225459394145947,0.004963077075255657
h0,613,0.05256054465015077,0.030463635931069027,0.003470853141354855
h0,614,0.04754339876275515,0.01293550318963399,0.0035798104290861036
h0,615,0.040783580805987485,0.023741076154291593,0.000980789816437807
h0,616,0.023337889770500823,0.0005478507075672399,-0.0015559355690565042
h0,617,0.02053541274517997,0.023135095844715417,0.003574317492593047
h0,618,0.028150699410809932,0.027125631292483195,0.0034148761584646544
h0,619,0.024904378588597814,0.011060334468576995,-3.948870442931226e-05
h0,620,0.041437588229257985,0.021289311776180105,0.003768644813383188
h0,621,0.04289061161073781,0.01865966279538477,0.0031461987220963703
h0,622,0.03724314243279686,0.021977160106228903,0.001334669249971844
h0,623,0.01863554472950499,0.013049340642928654,0.0003566102581707461
h0,624,0.006049719775460092,0.009846408386749377,-0.000757751425345296
h0,625,0.043177208216411314,0.023336751016227092,0.002958169185480951
h0,626,0.026334165199864736,-0.002034225333556683,0.0007472499294350322
h0,627,0.03292747847672531,-0.00885183303114881,-0.00018204503555842408
h0,628,0.05676251600735048,0.03132194890802518,0.006586818463272196
h0,629,0.046361343386672665,0.03475856779533312,0.0035022602721744554
h0,630,0.04107542617091863,0.026842801455613265,-0.0012077804138006464
h0,631,0.04216499782529259,0.012683723294799847,0.005231197002749646
h0,632,0.049602060925590906,0.018982975757928233,0.004187610942569791
h0,633,0.03767358578291862,0.028125431090422728,0.003146997770422669
h0,634,0.040904566655836076,0.0145539963987949,-0.0012200303820451273
h0,635,0.04305106970013218,0.01569173207290763,0.0009083224902258591
h0,636,0.018847966246591547,0.021158065482942648,0.0006878148027772367
h0,637,0.03817962947096556,0.02653185399570985,0.003443836559598271
h0,638,0.03609221571775059,0.019174419187454626,0.002959305050963203
h0,639,0.027405847323707412,0.006717475098560384,0.0022894222490164066
h0,640,0.006074261953367381,0.00043745006872085435,0.002237525743412945
h0,641,0.0340060390812766,0.005697902109752321,0.0012558940446791118
h0,642,0.03563756521322888,0.021449238295996403,0.0034015882405669714
h0,643,0.03420006134329479,0.021223391587064187,0.0017311108426922455
h0,644,0.03553996673626186,0.024584220445096158,0.001819686639284868
h0,645,0.03236776852224021,0.025510132311779368,0.0017396065839050913
h0,646,0.031037080168782677,0.008328833765426997,0.0013404171645152068
h0,647,0.05653817455968642,0.028335258135084196,0.0028423293779499034
h0,648,0.03857989563942463,0.016061230112931653,0.0005707717426923938
h0,649,0.037834395982623684,0.02942305369018068,0.002223895046557996
h0,650,0.057998581430040136,0.0372578390655843,0.0061446296722931296
h0,651,0.048051317487904886,0.026041013223077676,0.0032914043671595406
h0,652,0.032241034405863365,0.014501087843681582,0.0005206969512011298
h0,653,0.020819818577018735,0.010788444068441469,0.0009549737336306694
h0,654,0.03272004265340851,0.026356029318793557,0.0006274949709700096
h0,655,0.038263023192369065,0.015187286399186272,0.0006262315468714302
h0,656,0.01767881571018889,-0.005351897366628418,0.0007786900399176604
h0,657,0.02930102300565533,0.01846611462072125,-0.00020022254477638948
h0,658,0.02656265571989334,0.016613817865924474,-0.0007793665252025165
h0,659,0.039230220998613535,0.03958203344708657,0.001677652628968085
h0,660,0.025569160032807837,-0.0013538711659603873,-0.0003640694121552601
h0,661,0.035517574365226054,-0.00681038593782592,0.001909261194540557
h0,662,0.029172149637267667,0.016361921903825627,0.0005388750011968402
h0,663,0.015659909090138154,0.005751598327854088,-0.0002823226567774911
h0,664,0.03374083563108072,0.017168874470158423,0.002287257161558266
h0,665,0.0340154696944884,0.007707564829884142,0.00021718358159921228
h0,666,0.026841888338207436,0.019142222196304792,0.0004643125129786573
h0,667,0.04138088748320372,0.01726836055059465,0.0015616483425287407
h0,668,0.023014530499649764,-0.010481273528220241,0.0012178469339382222
h0,669,0.029438209824442747,0.009140050507607321,0.0004648947139265288
h0,670,0.020556634260096383,0.005385572490649904,-0.0012854069622271259
h0,671,0.014529140175278845,-0.0036420840113217355,0.0010105537960873752
h0,672,0.021691054544624996,0.02960347287083783,0.0003183156010171011
h0,673,0.03736772030369274,0.02547654656613832,0.0018872457433745258
h0,674,0.036008448640900255,0.021793923893119967,0.002645777224057006
h0,675,0.021068578887846946,0.006521738664779684,0.0019836198028953794
h0,676,0.03206429600288545,0.00975725485226274,0.001083942636261134
h0,677,0.04603493988121628,0.019445322764673305,0.0007654955168584516
h0,678,0.03853990363180528,0.03575759194646003,0.0024350833045408697
h0,679,0.05338612393944064,0.026669634578746226,0.002872673996760789
h0,680,0.036102612003236986,0.008742173631762627,0.00258382008114336
h0,681,0.025206396050785992,0.010175566152598445,4.637237832602397e-06
h0,682,0.037936371432587754,0.01591756524594197,0.0010429097413911833
h0,683,0.0552758320117813,0.035097741804712694,0.003445643492311692
h0,684,0.02701921951336622,0.014484023531007258,-0.0005290819379963406
h0,685,0.023395322796062653,0.00637313713891371,0.00022292274666817387
h0,686,0.046394254181108804,0.03847573303387882,0.0028633217611914335
h0,687,0.025782410295755398,0.01704835429715405,0.0016329186182076352
h0,688,0.0392624605658225,0.015498282879032784,0.004023152322142363
h0,689,0.06701848049914506,0.04689612109744123,0.0057217687688569056
h0,690,0.03947196753567708,0.033797936993904744,0.0007724329892863661
h0,691,0.04209438911951375,0.023314288979340726,0.0038334966731457033
h0,692,0.046650202823264604,0.03377233782658292,0.003621123202021565
h0,693,0.026754048080885297,0.02596204464532166,0.000375211043958146
h0,694,0.04424937929911546,0.0029495746673171078,0.001556649456338537
h0,695,0.03904374048926162,0.015469753086354968,0.002598664715081367
h0,696,0.0359557922275263,0.019264396750457834,0.0044894314386661905
h0,697,0.0328994476162917,0.01293649359032889,0.0014115426023468885
h0,698,0.03837883339307286,0.016700084298678163,0.004718892287225556
h0,699,0.04323625724062454,0.03529534846325461,0.00249555523994371
h0,700,0.06103150288087196,0.032932021146219376,0.004006169422218606
h0,701,0.02082132171580496,0.006124225849181167,0.0003763130456240656
h0,702,0.045300049453243334,0.01908465364272098,0.0017940295690899491
h0,703,0.04423662110713007,0.01250355959340145,-0.000331790312500043
h0,704,0.04274200813346129,0.02865243816624175,0.003090464221120007
h0,705,0.02162944111374659,0.012665965394132648,0.0018362499017123795
h0,706,0.021038399401014325,0.009746991605310623,0.0005804527086062757
h0,707,0.038454075489028954,0.013950722176316467,0.004369765406078224
h0,708,0.037389854829438886,0.029252359281909345,0.0026468848787355513
h0,709,0.04485234343348317,0.02800611486642589,0.004707642788678178
h0,710,0.027418831170741745,0.007947525788721432,0.0001541141576783618
h0,711,0.03531662642363084,0.0005962812753974936,0.0019290446932101629
h0,712,0.0180247505637678,0.007701172370929828,0.002544961045057814
h0,713,0.05639091569665276,0.027681051116887477,0.0026088791264536892
h0,714,0.05120865957338286,0.035145150103614006,0.004891833349676965
h0,715,0.037035084206966024,0.013664311609286824,-0.0006570922196466101
h0,716,0.014142488113290682,0.02109531254931832,0.002449622198341766
h0,717,0.036073235688248766,0.017158920046877205,-0.00015434354642455744
h0,718,0.060054849699497245,0.025412216827967956,0.00013786096761706727
h0,719,0.022302981354211115,0.01024620025262092,-0.002158448075974787
h0,720,0.05090191895773632,0.027413882441631104,0.004174136194075886
h0,721,0.016875042019731532,0.008082856466666732,-0.0023957194140553956
h0,722,0.030825642387420433,0.029715552295905195,0.0007551468175046631
h0,723,0.028536370902161965,0.004404530020004713,-0.0023048076931717573
h0,724,0.023380882508393416,0.0002170340483291528,0.0009903506564148117
h0,725,0.021741050352863056,0.020002138725703805,0.0003646972966685406
h0,726,0.05466711988412526,0.0393969568141318,0.005950681073104171
h0,727,0.02221512507951518,0.00018805551379316027,-0.0011506612809085355
h0,728,0.0367093038763623,0.007309963754289047,0.000512790729265472
h0,729,0.04005986154522638,0.03090495702621918,0.004700033652886574
h0,730,0.029276493497178546,0.010656062141008768,-0.0007647803589501301
h0,731,0.029911031155684414,0.020643722633605477,0.0016697858523481864
h0,732,0.035966711423498235,0.015738929633263045,0.0017433164074521406
h0,733,0.04343555409749335,0.0392848423257787,0.002177891970720284
h0,734,0.035355687114766984,0.019429974985684544,0.002028292212880025
h0,735,0.05191546018273101,0.035682904581851076,0.0009513290876274163
h0,736,0.052309663141338905,0.026271564611374892,0.004844533092895446
h0,737,0.043147413930101734,0.0307778980449334,0.004947044747793096
h0,738,0.03343869344828529,0.01904148210321352,-0.000388856497129878
h0,739,0.04646474351191453,0.02290754802662952,0.0038606940276540306
h0,740,0.048071246756399025,0.028532607443134655,0.003958844516835673
h0,741,0.03856860729130482,0.008664545209942049,0.003123733841395974
h0,742,0.00910355794235324,0.013632248279268523,-0.0013552726415935194
h0,743,0.060152376131894725,0.042515286196867896,0.003755024954383674
h0,744,0.027516498252517195,0.017180172215172054,0.000584239314748982
h0,745,0.04517145701002236,0.015409706972762446,0.004432362301260847
h0,746,0.04528645274571845,0.022138307090886294,0.0013826023945302038
h0,747,0.035803117703048296,0.01472608256501472,0.0028472048623561447
h0,748,0.052528439034023364,0.014040104027711803,-0.0009900798255289638
h0,749,0.02936765906939156,0.017948302898117177,0.00023823125717685142
h0,750,0.033163783148822665,0.010031401052475256,0.0011884422458561927
h0,751,0.04981315142207968,0.0278014219089346,0.000867594141702773
h0,752,0.03211429576801691,0.02235092529149633,0.0038424705990719693
h0,753,0.03831474896830135,0.02236859860135877,0.0017732924394391815
h0,754,0.024321133650666696,-0.012306117317033858,0.0006202507414275355
h0,755,0.030949266731758344,0.0310301582781613,0.001779016186957848
h0,756,0.032193619124798976,0.008957209655149448,0.001872659652151292
h0,757,0.037985750295760956,0.009909135928909532,0.0005701915839813558
h0,758,0.02406329715666914,0.01405411619663528,0.0009969118339761946
h0,759,0.04897276896719188,0.039395485812257,0.003933508188785875
h0,760,0.024654903000151995,0.013689548251145637,-0.000899627470364925
h0,761,0.03902364411551755,0.009674923832327133,0.0009978081012415652
h0,762,0.023970194458631636,0.007076181364242852,-0.0026817238356813817
h0,763,0.05030488953851918,0.008191450881329262,0.0037121972296015396
h0,764,0.04043632210466512,0.029234198601337184,0.0020545983098684273
h0,765,0.007945133345712195,0.005790267963373955,-0.0009185476788577149
h0,766,0.022186052971799153,-0.0019809964659458744,-0.0012827787670274824
h0,767,0.03872825311352722,0.026140858163798887,0.0050793516518878356
h0,768,0.04274443756885431,0.02134047137130486,0.00307445796109687
h0,769,0.027347502130663632,0.02595323518387253,-0.00044425597392947587
h0,770,0.03879505124040103,0.025718143798652983,0.004318549130159966
h0,771,0.04842033467813072,0.0455577518267093,0.005780699427596061
h0,772,0.0225748889605169,0.02525818948643772,0.004589796868887953
h0,773,0.03237213796530499,0.022706354998854775,0.0014088170205217932
h0,774,0.022517575601444025,0.012045988560435877,-0.0002294852127916495
h0,775,0.0319860023150057,0.02439480314624692,0.002655891164371907
h0,776,0.022433138760470296,0.0030661735816377503,0.000676194675927326
h0,777,0.020682858059480308,0.026679110505857747,0.0001281229283010242
h0,778,0.048409126004461206,0.01510958531127288,0.003461899184087826
h0,779,0.044214658214587574,0.030525790358732287,0.0028717922098649745
h0,780,0.01521865791443968,0.0020304067247256374,0.0032662050808491116
h0,781,0.028468041816440637,0.004754811849085312,-0.00283470706150436
h0,782,0.03327176647897253,0.015023164287214185,0.0020368623133793415
h0,783,0.051041327991612526,0.026028068282828512,0.0029209669761939357
h0,784,0.028061072402364707,0.00934733961646329,-0.0009535151325499622
h0,785,0.036154909711545447,0.029724875315010883,0.0007926984594140911
h0,786,0.02395715009674374,0.016269224249315983,0.0014363962755747914
h0,787,0.015160716140270989,-0.013946614280906914,0.0005011814964463832
h0,788,0.04477943633195707,0.016429209458762608,0.002624797594230342
h0,789,0.03079869914196378,0.029732353956577036,0.0022472909699964134
h0,790,0.020465779195427254,0.01527411266388096,-0.0004780851684965232
h0,791,0.022181948705596716,0.010456796113077704,-0.0021228124870740672
h0,792,0.045290796673921684,0.02878005229245319,0.0030229392178235137
h0,793,0.033129737533359994,0.015035664941902373,-0.0009624537045855642
h0,794,0.03524801214541488,0.00895747052806799,0.003099671177404001
h0,795,0.038993006376868956,0.029603237522433885,0.0028292124814585495
h0,796,0.030402977437413915,0.0002281758518882515,0.0012624728058722682
h0,797,0.05176662592881938,0.023623097170723258,0.0018032191668176899
h0,798,0.0387704111370929,0.02681894616276447,0.001733194324562336
h0,799,0.04374686645036967,0.022463971208237905,-0.0004719125017962258
h0,800,0.03238530836710846,0.03174785758490824,0.004586346314518452
h0,801,0.04571332285009806,-0.0015977070687234543,0.004287681366006175
h0,802,0.02776756950176142,0.016606955192876513,0.0011821815413925675
h0,803,0.04797803791194384,0.013320090519158065,0.005707513953373348
h0,804,0.0429679421397316,0.013700174680555743,0.003290356854571439
h0,805,0.04032970720142881,0.032666257520564485,0.004398237338521828
h0,806,0.03259907133785976,0.025497179674802327,0.003238155937813675
h0,807,0.020634938778706556,-0.006351934807714685,0.00035110895031810864
h0,808,0.02184153811975456,0.008262101844306483,0.002029636419405632
h0,809,0.017188547795114164,0.002679670271426706,-0.00020543578531822464
h0,810,0.03251342677942887,0.007739958625029626,0.0029988165176269926
h0,811,0.040658165984698125,0.02141431480418427,0.0035315048625593182
h0,812,0.03119480476930553,0.02508785741380594,0.004876641262244822
h0,813,0.04128940068589305,0.03634317848216281,0.003074692988163012
h0,814,0.04111081645913891,0.01330572107122654,-0.00011297540714775341
h0,815,0.01918551399393265,0.006310451890451537,0.002003156973960732
h0,816,0.03946808666666072,0.030472270015128335,0.0023430319875948416
h0,817,0.0365461900782755,0.02472319029753839,0.0005573476552382424
h0,818,0.017874270271512303,0.020267719213098973,0.0013436674472322785
h0,819,0.04529374180857685,0.017810004389658705,0.003054530582498689
h0,820,0.043715431261349746,0.01305424746569054,0.0015604368441457371
h0,821,0.03974381496190465,0.02579334089881469,0.003962530980305346
h0,822,0.02630074580195786,0.027539162727538376,0.0027677272835752364
h0,823,0.04379406993215772,0.029367834431234363,0.0032885351916926535
h0,824,0.027931725405492564,-0.0010118585740771149,-0.0025680522424375942
h0,825,0.0160908165813232,-0.0069569092892672844,-0.0017655714924817469
h0,826,0.053760845007883425,0.044824671873179116,0.003411677887924269
h0,827,0.03434869006258038,0.008201339402923643,0.00178386196162885
h0,828,0.03453036587044325,0.020927799085010634,0.0005428162885733282
h0,829,0.03755730870655828,0.0105830154203838,-1.5011006347636496e-06
h0,830,0.05573575394080141,0.03805616230696254,0.00340186243990824
h0,831,0.0296044452170216,0.01178404572679534,0.0005202325329781259
h0,832,0.038247446763413,0.014042670620775573,0.0037995963737444695
h0,833,0.01897152033122343,0.011573164967881168,0.00019268179586442763
h0,834,0.027956513602354696,0.012882945410683017,0.0006785826187867272
h0,835,0.03947105676457906,0.021400510656102916,8.41996130921405e-06
h0,836,0.02657094332720749,0.004688072406209632,-0.0011732337022751786
h0,837,0.05882265835062332,0.04049371102871066,0.0026156127659523647
h0,838,0.02478997242519981,0.012079091971953351,-0.0017189910289172072
h0,839,0.03978394268722462,-0.003787695500793064,0.002273068145827121
h0,840,0.042700879342971496,0.020207676054462505,0.0028146940515489695
h0,841,0.041009000505132245,0.01787913919510193,0.001411460645773197
h0,842,0.017411769847251707,0.00715382328858711,-0.0003480440682076288
h0,843,0.02440458664172064,0.019728308424945225,0.0015858012778246758
h0,844,0.03982148220193951,0.020729623169041703,0.003096893526972024
h0,845,0.04676407580151506,0.01977074598150035,0.0032582469211536067
h0,846,0.04115020117847234,0.0150474612363626,0.0021396290882323625
h0,847,0.04464562955693495,0.029488819227817084,0.0027985633552659863
h0,848,0.04653067940585303,0.01865904732456483,0.002964455100763424
h0,849,0.039827677849682205,0.006375691748549335,0.0032223958590885723
h0,850,0.026364931156076896,0.024023403327367146,-0.00010961640269419276
h0,851,0.03861792364960845,0.01051071141755374,0.0018899192948467153
h0,852,0.028838781855153615,0.012233242748532772,0.0007917721341534588
h0,853,0.041356790912779676,0.012905669714924968,0.0033708441752000363
h0,854,0.02579362286031591,0.012207063286009522,0.0028795634391396772
h0,855,0.03005443626206277,0.0056523473741955385,0.0038034863040025024
h0,856,0.044960457724130556,0.02503906934651085,0.0035198457758238272
h0,857,0.03206024572553399,0.018564659202026462,-5.2748503465780815e-05
h0,858,0.060394043794953986,0.03874821810354506,0.0030373277224975104
h0,859,0.028161650506231845,0.01041840352977563,0.0033876560746177956
h0,860,0.03764416903553368,0.014560706047191367,-0.0004070119336358673
h0,861,0.034398854486010065,0.01925895401102729,-0.00016763256249636635
h0,862,0.02992228377480363,0.012446020812024183,0.0010090510566161783
h0,863,0.029203507381946794,0.008594331837681955,0.0026751230545935993
h0,864,0.03027742483844847,0.0034847655247326192,0.0008663537822980846
h0,865,0.03483166213206926,0.026344115317331777,0.0021333959048741753
h0,866,0.05603528575839366,0.03139513048190663,-0.0013767066547620463
h0,867,0.039147757421089294,0.0198872180334298,0.00444595344605269
h0,868,0.04138709287542296,0.03074187551460564,0.0028290849286162533
h0,869,0.03374706430323082,0.015390033468250722,0.002028195192390992
h0,870,0.037359827966272414,0.012939549578442764,0.004174437610749328
h0,871,0.03510181181431617,0.025165605097976086,0.0033160655041155327
h0,872,0.03863619207049189,0.030861923638023946,0.003549671762254993
h0,873,0.0489383751406688,0.018653107629920854,0.0033287740932737278
h0,874,0.027898553701465417,0.02923541964398811,-0.00037301164501288243
h0,875,0.048762354269797595,0.015164321699932964,-0.00010439687627985259
h0,876,0.013955635982481862,0.0004810787232770626,-0.0005905012564822324
h0,877,0.029188497522775508,0.030994137350098525,0.0009390444273394131
h0,878,0.035276185106844604,0.017000701413690922,0.002518512059293262
h0,879,0.05313839663631621,0.037439905355678205,0.004331767047688629
h0,880,0.008541761581649446,0.012289673288810398,-0.0012956827434935673
h0,881,0.04512807286718791,0.020857112930437717,0.0018039325428620785
h0,882,0.037967544128853545,0.015828688049060128,0.0018735744305692567
h0,883,0.055086272761383615,0.03438931957819804,0.0028594813830531106
h0,884,0.027180693284326478,0.007737079523049837,0.0012140363111696581
h0,885,0.02950625242300888,0.02406903623676056,-0.00037390780073364967
h0,886,0.034706287044283676,0.01928176523541062,0.0029771133397123568
h0,887,0.04063562916582594,0.02126356146415794,0.002668160459921056
h0,888,0.04423332039613531,0.01238081031602785,0.004572558314926291
h0,889,0.061110517163405806,0.041205458652478634,0.002502659888404519
h0,890,0.03398088136217076,0.02040772359579393,0.0006576825674244591
h0,891,0.051032409617357465,0.01700253852938783,0.002612048412475713
h0,892,0.02986271710240221,0.009936389379624648,0.0006157714768730794
h0,893,0.015347255800721774,-0.0015835239042417022,0.0007646534783042364
h0,894,0.05093682476919895,0.033205951414945103,0.004350177451514518
h0,895,0.04484113684947031,0.03747831996635983,0.0004996411425056482
h0,896,0.043520921975988294,0.011305873992886115,-8.243767875255881e-05
h0,897,0.037912807900917576,0.03286777919934446,0.0020026353582878876
h0,898,0.041988125372252764,0.03034454590340406,0.0056564111145971496
h0,899,0.028515026365625785,-0.0018792266925344494,0.002020200125456344
h0,900,0.020888283957480023,0.00937351427621078,8.989366701498422e-05
h0,901,0.05175298951980875,0.027709404144726384,0.003611938908832667
h0,902,0.03477315697512552,0.021912505472453832,0.00031469892716897503
h0,903,0.016373853555952708,0.004736061660998353,0.001160532190265301
h0,904,0.027514032686911553,0.002443874295522815,0.002785930831386959
h0,905,0.03131148642352104,0.003643992221990501,-0.0005059551093545473
h0,906,0.032610685059994655,0.018974250679344145,0.003530210379070793
h0,907,0.013230511028316625,0.006860325228259804,-0.0011852026810221942
h0,908,0.050921305010801776,0.03619961508473805,0.002810900507231275
h0,909,0.031731249809659114,0.014131610581211266,0.0016360518004819905
h0,910,0.042250910553415594,0.03561470823207127,0.003194001415118772
h0,911,0.026440866042051585,-0.0035239278775145016,0.00018685726888244465
h0,912,0.02113453865361455,0.008920842381922485,0.0006304338297293266
h0,913,0.034785659530000686,0.009318302519245912,0.0021989634478113414
h0,914,0.03798757727338433,0.02020465872078504,-0.0004374556895764157
h0,915,0.021771350222707694,-0.003230721047715355,0.0007225511017912953
h0,916,0.062334159272180494,0.023334540446678816,0.002259906754129016
h0,917,0.022340259742778198,9.903595491044838e-05,-0.0022212605128173316
h0,918,0.04916108660948956,0.01910504064269388,0.0023194972509787337
h0,919,0.065826048752016,0.045502996673170995,0.0063830966388431064
h0,920,0.03056172694309035,0.00432380599661859,0.00027700382302039105
h0,921,0.032926613983407446,0.007979357287015078,0.0003275092761971018
h0,922,0.04191300808716093,0.0261945129157701,0.0023207552419547296
h0,923,0.04512246830982282,0.01903369794119244,0.003622074977326004
h0,924,0.03400429601925395,0.023671853234756745,0.0033152747153691146
h0,925,0.04315738487391435,0.010920204557322611,0.003395520439243633
h0,926,0.038724067173143,0.006822682543513408,0.0006032912516888689
h0,927,0.0365373890052688,0.009420335210035791,0.0012921439177378032
h0,928,0.03342367634206541,0.008035210804102026,0.001423717646943871
h0,929,0.017990781524203046,0.005271044334516664,-0.001181212355291695
h0,930,0.04871464780673298,0.032571718149019026,0.0025157132927739363
h0,931,0.04417167840566017,0.03916738897940647,0.002205716079874697
h0,932,0.044306495012381666,0.037447501417397,0.003434634641384022
h0,933,0.037245961223169186,0.02569182499514345,0.002810521050673402
h0,934,0.03561918434826439,0.02333799117660519,0.0014427833373747195
h0,935,0.029776303645981585,0.023514314218585484,0.0030494699372446954
h0,936,0.026091413500777906,0.015585400475777247,0.0022431428514984603
h0,937,0.02823230942800785,0.026417655556660605,0.0011311116969724376
h0,938,0.025383886352593216,0.011418790752863305,0.0017288085679724556
h0,939,0.0129597286133556,0.007027727991100342,-0.002535013081469218
h0,940,0.024117929902613654,0.030315847830638443,0.0017829838972340624
h0,941,0.03677569309686386,0.013829683522471613,0.0017934548649338167
h0,942,0.01446118996145687,0.010397888410067824,-0.0011414447384427992
h0,943,0.029574410189711783,0.025787626897569024,0.0010634967703114612
h0,944,0.03735264239739137,0.02894425708577345,-0.001140236432778152
h0,945,0.02906624873718106,0.03132578894640234,0.00403303826402163
h0,946,0.027624395578342717,0.030420450957253597,0.003982466971097712
h0,947,0.03982493450325035,0.03783098141488857,0.000603330560704904
h0,948,0.020898348214014394,0.006269759557788718,0.0021560868765217157
h0,949,0.04758578668844344,0.013564808668080285,0.0038244074806957243
h0,950,0.039071695175280835,-0.0019735383259358533,0.0010262976313665517
h0,951,0.0429271947077571,0.0361514560659513,0.003468507011110939
h0,952,0.03925655911636234,0.011710852576816911,0.0005775842438309096
h0,953,0.04793138877182862,0.02776395029107331,0.005031033115686633
h0,954,0.05851783795267293,0.021693374832284895,0.005136821785960419
h0,955,0.05550485959424079,0.02862418613560661,0.004976682910791213
h0,956,0.03004339781419271,0.010658443254281492,-0.001973286557386968
h0,957,0.030285003238846375,0.02052485969211775,0.0014011238598613878
h0,958,0.031392769115736234,0.003305872232165552,0.0014414728009079108
h0,959,0.03627722546529364,0.011466434419597932,0.0030521980526772136
h0,960,0.026542205308079037,0.009222515203771917,0.0012276972383727983
h0,961,0.04620925694617614,0.02772289418488801,0.0019745534365122916
h0,962,0.03723793525463232,0.01731211596332987,-9.785197067557717e-05
h0,963,0.03183979786674292,0.019258129579044145,0.001047344066396267
h0,964,0.025950610647743795,0.006909516970337685,0.004419801081670885
h0,965,0.024568751043467427,0.007827867560551222,0.0008416888203620216
h0,966,0.03648009901384446,0.005396726742434674,-0.0013945112695924093
h0,967,0.01851483670510225,0.019886452383366594,0.0011288805934776174
h0,968,0.04317500497118867,0.023615039131407306,0.002721765045234055
h0,969,0.052244646423742165,0.021897448650452213,0.0022971152600990484
h0,970,0.0390834699631668,0.022252124308798155,0.003503713542714472
h0,971,0.04368769522299447,0.03342648831312877,0.0020717601524111026
h0,972,0.02644410846250588,0.018631574357414582,0.00043826105759473704
h0,973,0.009729178275219892,-0.015784274632245278,-0.0007482424646314649
h0,974,0.014040847799373172,-0.008448131021181072,0.000545556869667437
h0,975,0.047419178929966256,0.029358081553927152,0.002638973969853425
h0,976,0.034327415726026135,0.010991971548905414,0.001722194660902948
h0,977,0.04636618356055391,0.01980996468541134,0.0039251772312990825
h0,978,0.023230908700611248,0.015084192802120786,0.0006430700764122448
h0,979,0.038473342932473474,0.007543480762988447,0.0006169734858299257
h0,980,0.03600687500812488,0.014754457127159382,0.0022921281501242377
h0,981,0.04395569838946041,0.025895309222830783,0.002993964422363552
h0,982,0.052367685113671944,0.0230853915330301,0.0031168618705037115
h0,983,0.015020461761353071,0.0006610533253436583,-0.0010985289512355548
h0,984,0.040439147606875,0.011476078855078222,-0.00033455573737993364
h0,985,0.02664832529336835,0.03405204932555924,0.0013981490280270245
h0,986,0.05988628607158088,0.04340821463757141,0.0059465506157353135
h0,987,0.035705761742744764,0.0338543049624193,0.004869683646542983
h0,988,0.02110877586028543,0.014939536281797285,-0.00030172282274599864
h0,989,0.02384932697619747,-0.005581694863963557,0.0033387044719100293
h0,990,0.006134044483304453,0.002179602714637331,-0.0022491726714056193
h0,991,0.061163750346670626,0.02313602196784164,0.0032585646569655265
h0,992,0.04057105503510169,0.02333639179112915,-0.0010436792771741383
h0,993,0.039444622983780084,0.019595093795912837,0.0019734930326006893
h0,994,0.04294758825680058,0.025819052043561247,0.004102487188853412
h0,995,0.04513984565038378,0.033828314242607946,0.0013286000182905354
h0,996,0.023416123822863705,0.01843782008362123,0.0042072744442217674
h0,997,0.04294620804869359,0.01318913195807289,0.004155941536672553
h0,998,0.020513264364292714,-0.00434161767996398,-0.00020883988944137488
h0,999,0.02706833642341993,0.01250314007838458,-0.001046453695656271
h9,0,0.97608224944377,10.643462986745586,0.2398814003190859
h9,1,0.6986379042907458,5.503777248666476,0.21587288241951094
h9,2,0.8300036918213602,7.390236532944594,0.22039540553296086
h9,3,0.8667012534847447,8.33155936305283,0.2429713390085799
h9,4,0.4523747144963598,3.90353234024484,0.17959716933952832
h9,5,0.7473040063769207,6.285335001874046,0.21801262221550363
h9,6,0.7283355696272211,9.18732066544836,0.20276158044149523
h9,7,0.9405914399118327,9.97873420821648,0.2301525072195115
h9,8,0.8148348660201814,9.399466045969897,0.21008584044445705
h9,9,0.5104455871302945,7.007568875098621,0.18670251652204328
h9,10,0.7341038489285583,7.591812432508911,0.23879024740631494
h9,11,0.6251939671174483,4.617663662268159,0.19236175682273834
h9,12,0.8510562587723361,9.769713021712553,0.21267006131529556
h9,13,0.7604392256699869,8.194081158179497,0.22479618832689452
h9,14,0.7086809916856156,6.961576643853241,0.19920509448820592
h9,15,0.8182871699137593,8.582304684230179,0.21622506692529622
h9,16,0.9389411605665101,10.878135937807194,0.23016864590157915
h9,17,0.621842195850732,4.762326871076923,0.20489442021568346
h9,18,0.8256735259743031,7.581949258340744,0.23997161646999443
h9,19,0.8284828094373716,9.338485735900187,0.21020920569531482
h9,20,0.5619774309443596,4.242337375826729,0.18876631332719304
h9,21,0.7758668542871066,6.73368298081097,0.2168334323922257
h9,22,0.9771342135383576,10.822632686670495,0.22657630361401734
h9,23,0.917547042551608,10.355917355244358,0.23878473377505474
h9,24,0.8845748309128987,8.472599016384269,0.22003617105577972
h9,25,0.5985741920917269,5.745798693159098,0.19456792246767696
h9,26,0.9175391498917249,10.481305861506304,0.22941272622187928
h9,27,0.6499482758440985,7.381243388096272,0.20601114834498674
h9,28,0.8869280857111467,6.829273506614344,0.20445534287068717
h9,29,0.7596469646212538,7.145356447216598,0.1942207002937895
h9,30,0.8248692824272101,10.272686243211835,0.23198065245646232
h9,31,0.9651508519009744,10.428313763570124,0.22395017865190114
h9,32,0.6606749909621055,7.394155599639054,0.19129857487812507
h9,33,0.7130393545409717,10.003236812944674,0.21366148786075653
h9,34,0.812410911513868,7.66452350142322,0.24420120901197812
h9,35,0.7031486503807505,7.5232301058139,0.20246054907396627
h9,36,0.6968459578032897,7.794612163045556,0.21281913187983123
h9,37,0.8287021827316378,10.496435420634123,0.2382883557394322
h9,38,0.6763417708574572,7.4071844948296865,0.2080360322810099
h9,39,0.7797468248471631,10.051565632170629,0.22448995681058848
h9,40,0.7435512533921254,9.877494285182921,0.21293553124936476
h9,41,0.7610463417958127,7.112409267601253,0.22729509370319118
h9,42,0.7352145010553011,6.774803819344769,0.19855200100564738
h9,43,0.8302278385932438,9.70943283245584,0.22456939041299553
h9,44,0.7602399535107536,7.757714849424058,0.22618090006035635
h9,45,0.7812671216246542,9.676821452050675,0.22335133633353343
h9,46,0.8435397647418168,10.267084829488512,0.2191821186231582
h9,47,0.7722369145733476,9.371205060178742,0.22148496499260972
h9,48,0.8863549739948382,10.295139657244384,0.22494646945976393
h9,49,0.8787808424002059,10.446777498543161,0.23482466985220718
h9,50,0.8997318827345795,8.87181464535012,0.21975124777051447
h9,51,0.9868905593222926,10.35008857460392,0.2343042790996482
h9,52,0.9014604058555595,10.694911193070126,0.2300651486317284
h9,53,0.761856527058792,8.030834458051487,0.1987431449269155
h9,54,0.6966914845837335,7.210208945966106,0.20393615250103211
h9,55,0.8158564390282166,10.072482685925399,0.2212475132466869
h9,56,0.9278198191627631,10.694042684460102,0.23628049208724716
h9,57,0.7925102344861489,9.85774510983268,0.21464470321340587
h9,58,0.8062997418764706,8.261660451782147,0.22063710475995668
h9,59,0.8470984566375366,10.081176775108037,0.2110759022513243
h9,60,0.8667073055646967,9.951912994305339,0.2230291682916816
h9,61,0.8606187267165522,10.448954416730647,0.23937953996286465
h9,62,0.9788771546843857,10.82682514293297,0.24776681760729957
h9,63,0.903925748338885,7.502391266197864,0.22975349093532302
h9,64,0.7612497633106008,7.262740776948884,0.1959481215009083
h9,65,0.7972513959672995,5.871499897732106,0.1993529046034487
h9,66,0.7793764926680573,9.97400657718664,0.2141991799272369
h9,67,0.6661961578470698,7.857601357988024,0.22905036066373674
h9,68,0.8654816308410018,9.201466883802643,0.2180517188614297
h9,69,0.7416277855660285,7.298817498766645,0.20834372450386068
h9,70,0.8862047259950513,10.464679053696859,0.2154521263679015
h9,71,0.8320756725725875,7.55978615023875,0.19525713872847794
h9,72,0.6953059028912181,9.422291351852017,0.2100773622158891
h9,73,0.8000613066870963,9.582822202328137,0.21526210840041485
h9,74,0.8677326317288927,10.395231031933568,0.23077333249796456
h9,75,0.6148179636906054,7.991298645434742,0.18988622227798999
h9,76,0.7430596444894682,9.92818456272138,0.21986688049539121
h9,77,0.7092259469910891,7.142643910984921,0.21414994124479328
h9,78,0.6321802278745102,7.53030377071471,0.1995827145657441
h9,79,0.7726380301559892,9.686742995487121,0.220402455355605
h9,80,0.8811913228781745,9.95583199348625,0.22401729320649866
h9,81,0.9062594352332629,7.346268352465613,0.2169854917396264
h9,82,0.77422264170418,9.23475766627433,0.20949506082523106
h9,83,0.7233961122309518,8.492780048883976,0.22111538257747443
h9,84,0.8376857214495526,8.498339865609667,0.21725130415831662
h9,85,0.9410707875986071,10.868217803235074,0.23531069676921254
h9,86,0.7522531331067855,6.751630719000309,0.20418871403530633
h9,87,0.7771864053954773,9.898868514969502,0.2202857461093089
h9,88,0.8779044041322798,10.608216982966862,0.2302183577776616
h9,89,0.7331329466670277,7.876813699539172,0.22281147521247582
h9,90,0.648293144827402,5.369052605704347,0.1905603296805535
h9,91,0.7469491793845948,9.498729181930834,0.22060157006833506
h9,92,0.7940590740519655,10.271765768638922,0.21760658063463745
h9,93,0.8001517013718169,8.381836449548308,0.22904801823801882
h9,94,0.8846078538881197,10.730380587848531,0.23355905921415024
h9,95,0.8226864939902937,10.03362517805931,0.2240516704885476
h9,96,0.7617492804025884,8.970301862927828,0.19287069418686983
h9,97,0.8797208460660138,10.531333910163514,0.24200101782489045
h9,98,0.8636039003519651,8.630697733331884,0.2218430730242545
h9,99,0.9122538337869525,10.124207642631147,0.21892383316453481
h9,100,0.6561614641657283,7.311617295363905,0.2019384896709438
h9,101,0.8305185257866978,9.971466329600137,0.20438537077616903
h9,102,0.8339026866124077,10.250889902429211,0.21710453247706543
h9,103,0.7470640190474793,8.677037159020985,0.2224860015036078
h9,104,0.8774578747266929,9.253158058827465,0.22296258458689527
h9,105,0.6362970126955154,6.125301579609205,0.20952445662046806
h9,106,0.7575967526593846,7.791217799214458,0.21187198638698362
h9,107,0.7467504860277638,8.88810289067664,0.2232880376833689
h9,108,0.6689987283683316,7.91368429417024,0.20407594115260597
h9,109,0.8604547509460032,9.957741458558404,0.2129595894521437
h9,110,0.8630179195872512,10.664757285827923,0.22750832425255174
h9,111,0.8330707544399971,9.029365816549877,0.21620161253975645
h9,112,0.897599574556458,9.820804286442298,0.22543979832971656
h9,113,0.535531834932374,6.635456576988002,0.18906999757709522
h9,114,0.7646781677630643,10.370084837310419,0.22552416043596285
h9,115,0.7931143302284835,8.743597334955307,0.23694285472761373
h9,116,0.78854031788577,9.880769081574805,0.2080978834213076
h9,117,0.7883666725813399,7.207848381536561,0.23540372214789287
h9,118,0.5853586217306026,6.270781930920589,0.20553890264716504
h9,119,0.7564549650384533,8.246910341300085,0.20121502740529287
h9,120,0.8973956243150778,9.856140735371387,0.21769786241237454
h9,121,0.8777257905250058,7.859642839916203,0.23475629472221277
h9,122,0.7405092188938026,7.523818511468619,0.20878541805961986
h9,123,0.6822243019483362,5.1245741574281976,0.1940615206837033
h9,124,0.7211115506672128,6.3557623966821,0.20169487872073577
h9,125,0.8172956032448806,10.210977397289922,0.23977740844728784
h9,126,0.592913149890853,5.8740043340796015,0.2012458853213096
h9,127,0.912430893319539,10.452614590035509,0.2197633839680585
h9,128,0.7069086551643617,5.258489474810398,0.2079528598143653
h9,129,0.9172326174676202,10.660628553057483,0.2323205574746762
h9,130,0.6517336520733072,4.594704092983718,0.18707180973972828
h9,131,0.8544014482173004,8.773106931076562,0.2366428967068603
h9,132,0.8096488517538987,9.766152317295663,0.2210590300276317
h9,133,0.8864427047198964,7.282388059895251,0.23430878621803103
h9,134,0.9657374539910553,10.37084959680606,0.22393246436174674
h9,135,0.6940981167939742,7.548466428940969,0.21135990046252737
h9,136,0.8449745328140457,7.738869190172912,0.24103785080784368
h9,137,0.701594064754251,8.272095643134648,0.212768547824915
h9,138,0.9053237668590088,10.07968012324484,0.22730727974609302
h9,139,0.7332204398129583,6.7250613814454345,0.2222755924687885
h9,140,0.7962935179462838,9.657078592690306,0.2161596893760266
h9,141,0.8101649584634208,8.937201228284351,0.21946308010806417
h9,142,0.7933903774089718,9.999361109925452,0.22196268321606086
h9,143,0.7505450229486226,5.624428639936843,0.20670165549693012
h9,144,0.8604272601099408,10.426316807916646,0.23404082153174827
h9,145,0.8706318082732593,10.260174749656157,0.2329114311209541
h9,146,0.7659579459335242,9.922621373331683,0.21880088374984358
h9,147,0.8714774722569727,10.148687367531224,0.22686526023845147
h9,148,0.7430658042138313,8.022530954151373,0.20990842477148103
h9,149,0.8646731201032921,10.25791683668364,0.22731485423909015
h9,150,0.9122479982912468,10.434814382273565,0.23176863694201746
h9,151,0.7656331275331989,8.219760029101256,0.21968220774782324
h9,152,0.8671828784961448,9.652027818294748,0.2184529355955441
h9,153,0.6932569899954759,9.585321287953544,0.21692156162591736
h9,154,0.9498344149127129,10.647345461422475,0.22069178379569743
h9,155,0.7788810126522483,10.020530968134535,0.21419763030125075
h9,156,0.7956721315961612,10.312859617744994,0.22266657438873327
h9,157,0.8301761260675349,10.198661080812974,0.22136824825463286
h9,158,0.8678124862341277,9.791715456266413,0.22095554993712288
h9,159,0.7756907432069969,8.753089564231786,0.22696938155672444
h9,160,0.8118251227367073,10.079000685329412,0.22099387730337522
h9,161,0.8285863589435012,8.31774316203901,0.22863220532199163
h9,162,0.8394010353821975,9.244068882053078,0.21968140442095763
h9,163,0.736496535012388,6.9536119589801215,0.23205766595331065
h9,164,0.7678424778074995,8.560836830921964,0.21106653779475296
h9,165,0.9058566061944924,10.732070796693343,0.22979059128020413
h9,166,0.8426449869962132,7.315261050836803,0.23526416399944586
h9,167,0.734549875664641,6.325463074478856,0.18409491568095693
h9,168,0.7934149536816733,8.555193716904038,0.21793091662471106
h9,169,0.944949489420591,10.084684342429195,0.22973599820073254
h9,170,0.8074403913775468,9.608375794625124,0.2103624811710261
h9,171,0.8009091227930669,6.154374170629012,0.2158719885012738
h9,172,0.7604335119489454,9.717497295030606,0.22038056925781088
h9,173,0.9452028063341207,10.674360682293766,0.23304384649825932
h9,174,0.8145852093180794,9.509218491228369,0.2049353789317807
h9,175,0.8451088220885525,8.152242527730769,0.2387165873107817
h9,176,0.8715211299888005,10.108267290389804,0.23813379639177754
h9,177,0.8357778968093683,10.07323991194988,0.22334834582327012
h9,178,0.8564618531871432,10.347510934976125,0.2286389669134096
h9,179,0.9642440890093606,8.838709269436801,0.2440567014107093
h9,180,0.9231240729393355,10.273178046636174,0.23192851960176428
h9,181,0.7384765289971751,8.323407799398305,0.23440107397679746
h9,182,0.7333144862871304,8.346404489592501,0.199802482868782
h9,183,0.6487275416979642,8.861430855469923,0.19631413996911234
h9,184,0.8528283446302392,9.786608803378838,0.2150320199887507
h9,185,0.8528044286364602,10.29862298092715,0.22979946883530597
h9,186,1.034863698804838,10.909590687058946,0.23625152364956803
h9,187,1.0258969095124628,10.934653214986641,0.231689822916195
h9,188,0.6895796655077273,6.763329272054784,0.20973185221603133
h9,189,0.8843405583885329,10.232429292246309,0.2253364258932191
h9,190,0.8907078482557879,9.9427747751839,0.22608248358219216
h9,191,0.7957969668052238,7.739797456070479,0.23577044095490185
h9,192,0.73177936846389,7.328480895588768,0.21291891170170613
h9,193,0.6797705239950719,7.745588451125491,0.2288082047447883
h9,194,0.5845591336754281,7.579493696545496,0.2027744663260842
h9,195,0.907593426698216,10.622727683390643,0.24496414381880166
h9,196,0.7793946198119208,7.1043948473705,0.23678727232168678
h9,197,0.9030260106865192,10.648176363568615,0.22961822919592384
h9,198,0.7453392152264073,8.539226748857187,0.20149261016228012
h9,199,0.6792490387587664,7.630675091070598,0.21342381903950353
h9,200,0.6501046991213508,6.932357048321496,0.21675310887698523
h9,201,0.7450225770011527,9.461494908585975,0.2161676999438931
h9,202,0.5926740229424503,4.131767889103964,0.20572600470804317
h9,203,0.8991956018948395,10.645716147633411,0.2327488310821285
h9,204,0.8276378373667502,10.037733258873516,0.22308070605860764
h9,205,0.8194241044084527,10.566720630211693,0.22538967103584134
h9,206,0.8133390395928751,7.087692985055375,0.2105000627750284
h9,207,0.7244024399315588,9.487520245889272,0.20139764420282097
h9,208,0.7616860511515322,8.24529959473397,0.21755465924292516
h9,209,0.8994830778793946,8.775403143924743,0.22097166497613274
h9,210,0.6168330886942639,4.4549665244608665,0.18372844866838847
h9,211,0.6795159183606413,6.063513679630415,0.20211844088043862
h9,212,0.867784946300234,10.748474956753544,0.22582411835332594
h9,213,0.6802564724446376,6.258180015410741,0.17340205983976198
h9,214,0.8259093564054114,9.850465574827254,0.22711720837424212
h9,215,0.7131022114561677,5.995195520416639,0.1894860252093202
h9,216,0.9118747073312765,10.084934486620229,0.227601575194602
h9,217,0.7196852169758696,8.082343683445622,0.20174258106937396
h9,218,0.5674158931069611,7.641978163059404,0.20718748359460423
h9,219,0.8942595017929938,7.741631001149749,0.21237370762533503
h9,220,0.8522548246786987,10.498231643895187,0.23657262822804398
h9,221,0.7216641247238023,6.699838544122598,0.20840994216754463
h9,222,0.9554504649862641,10.269608087110175,0.2322802060074296
h9,223,0.9679344693817273,10.605096312823976,0.24003599066227613
h9,224,0.7878305487538906,7.430280899508646,0.2023217870866632
h9,225,0.8353589942693544,8.8178682271453,0.21510784161479335
h9,226,0.7796944766069578,7.463550297283376,0.1932297121002276
h9,227,0.8727005853777579,10.582044418112197,0.23318329915208452
h9,228,0.8549145483969345,7.661225476157174,0.2438003692618256
h9,229,0.7239880944242048,8.270852090572143,0.21637833690067784
h9,230,0.6465394318950873,5.463674686922726,0.20298781432396362
h9,231,0.7534825554956194,9.500027023991953,0.20980049889184182
h9,232,0.9353032516608973,8.694937076079407,0.2444575888381035
h9,233,0.806900433612961,8.23998754340379,0.22574015281073
h9,234,0.7848681513416814,9.470145118035,0.2190185377047417
h9,235,0.8141255709438755,9.868805219718507,0.22547622527866765
h9,236,0.6008699872544557,5.7898156401714544,0.17394330394658614
h9,237,0.5986579506520343,5.160873341354206,0.17875408393293685
h9,238,0.6994142141201822,7.045980102305458,0.20815461058473564
h9,239,0.9541001678388709,8.666908190933128,0.23958751586066548
h9,240,0.7010420098981549,7.985369999827471,0.22548421785786635
h9,241,0.743167514658122,5.738993209369111,0.1869580842191077
h9,242,0.6127018108753745,5.42432128235251,0.1762130060472399
h9,243,0.720643516737572,8.453063252397701,0.21789240486003636
h9,244,0.8684755058507005,7.115143567321227,0.24238211600975387
h9,245,0.6825574813163892,7.0213233316369745,0.20575050718813515
h9,246,0.8661467154470119,10.782199459956729,0.23463873683042025
h9,247,0.7953553109071723,8.723690666722995,0.22067552841632304
h9,248,0.8397573444809743,7.670290434192022,0.21856794254545583
h9,249,0.6113112534799299,6.248917623555746,0.1845822262274449
h9,250,0.8576294839654843,7.44554905443269,0.23217118456647745
h9,251,0.6998021601446289,6.189008303357844,0.18659435499422536
h9,252,0.9031657912357212,10.722788308728711,0.2362851172907074
h9,253,0.9592032758590361,10.90253611267417,0.23332388642828342
h9,254,0.64082248333779,7.843029075615133,0.19951514790726899
h9,255,0.8630617877969846,10.136578632365563,0.2203967984407125
h9,256,0.7461996586657471,10.169988249791505,0.20989293060722078
h9,257,0.8969620387127802,10.072885051726193,0.22198791335423135
h9,258,0.9164559541954245,9.136191182949364,0.2364318418959382
h9,259,0.6757277020778019,5.358446336139073,0.20576614804202678
h9,260,0.8241402442728852,9.517176992487352,0.22202370150869052
h9,261,0.7198104810811456,9.947091462893198,0.20994393979401443
h9,262,0.8117271214996384,10.124134134531863,0.21680730782594845
h9,263,0.8942663299288248,8.19363594023492,0.2331815394320751
h9,264,0.9325075425566397,8.808583315539968,0.23382774171991125
h9,265,0.9059598319695286,10.909117172671737,0.23469656790838123
h9,266,0.7100250916290743,6.375737442718114,0.1942725977787229
h9,267,0.5829521712245759,4.979213965673852,0.1751255502557159
h9,268,0.932581980156854,9.781732721049126,0.23429195669432576
h9,269,0.9054240813479782,9.637891346252621,0.22811749608274387
h9,270,0.7762149802025862,10.010640025948796,0.2018053561997452
h9,271,0.5401346229952655,3.1377470172727113,0.18133610517277787
h9,272,0.8308500592365455,10.18342107213502,0.23405450624128032
h9,273,0.7310291600463004,5.442279846524244,0.21686129354465797
h9,274,0.7820244469346525,7.362618626958273,0.2128564581315763
h9,275,0.6843503759170233,6.703485762343936,0.233118403205965
h9,276,0.9048076000067127,10.3053898545974,0.23152243861385524
h9,277,0.8928240487600434,10.313766760006882,0.21520222570022093
h9,278,0.8163610876322287,9.507363685704089,0.21869055474942056
h9,279,0.6269233672031707,7.095758731316097,0.19496082286794864
h9,280,0.9031498671704943,10.381577351399768,0.22615917505209407
h9,281,0.90358303402714,8.891019389484903,0.22782601085528414
h9,282,0.7541761841624834,5.144329443488437,0.17538101738328118
h9,283,0.7586228956780874,7.864388452650971,0.2158514767509866
h9,284,0.9312730915821432,10.712257597582278,0.2183229907040919
h9,285,0.8053669908070503,10.039035449423537,0.215812506961928
h9,286,0.8797710530003517,10.294107126526441,0.22018454931835502
h9,287,0.8920243368532323,10.738655679304394,0.24453362923100913
h9,288,0.8415579255976073,9.085240292936616,0.21738305933542137
h9,289,0.7828298663991563,7.396988389620438,0.24091092995057276
h9,290,0.9597108740276745,10.360126400843846,0.22829509121366792
h9,291,1.0010601873407032,10.861186565628184,0.23909856720002473
h9,292,0.7359154620956265,8.633079331205325,0.22433600411056084
h9,293,0.9883046454032313,10.744376438369773,0.24917563353043454
h9,294,0.5646588279121291,5.474482397067212,0.20118414754772576
h9,295,0.799989930335732,7.397663334619303,0.2142589033429086
h9,296,0.8830628102000303,8.974647045401356,0.21987639114299778
h9,297,0.8613255724771878,10.129759232573916,0.21206637279090151
h9,298,0.851481860773435,7.2822548688791535,0.21209202631350163
h9,299,0.907995658621066,10.29162935455295,0.24046021621721925
h9,300,0.8179058550638012,9.978518185679608,0.21387978350673764
h9,301,0.9448016199572822,10.702037480261508,0.24298887628343374
h9,302,0.8650893795768991,8.837316223916126,0.21305677675705556
h9,303,0.6430584832777013,4.0768691775273265,0.19858925797481808
h9,304,0.664311261404965,8.201736474212794,0.1975183983857327
h9,305,0.8679949702112167,8.84995067900422,0.2223178846995274
h9,306,0.9506338551495612,9.751648114342215,0.23572375193215206
h9,307,0.981086549663229,10.831651119659433,0.2357867666465469
h9,308,0.7801601613700199,9.826523299772296,0.19928848411999142
h9,309,0.973804847425733,10.687386221573515,0.23348500214464757
h9,310,0.8240961520637817,10.070149618487148,0.2368622068974578
h9,311,0.6946368565973118,8.160631452588778,0.21381467243700267
h9,312,0.7542977631626495,9.186658966350045,0.20190027501593227
h9,313,0.7392800607507214,8.355375914012232,0.22245389141430122
h9,314,0.831567991717348,9.391259036511599,0.22022262606806717
h9,315,0.8865929088890236,9.039822703005031,0.2484165407949541
h9,316,0.9147316689790097,10.778019510060371,0.23952832486465364
h9,317,0.7093212985196786,7.723540317724545,0.22046612459673898
h9,318,0.8550876646249153,8.748396506688064,0.2296288641808328
h9,319,0.7851033771762681,10.234991760246945,0.22460204874081993
h9,320,0.8182753487038179,6.578388551953599,0.21646520074111852
h9,321,0.9006483387982842,10.23860733731807,0.2255191601061758
h9,322,0.9034711697250152,10.622466929881783,0.23429070633634932
h9,323,0.8555893616275054,8.322121292307628,0.22231942148534478
h9,324,0.6997121131139888,9.158696631763835,0.22183080300283148
h9,325,0.9170858666973213,10.616596106206492,0.22526561170120782
h9,326,0.7457264824739616,7.621783000293619,0.21398278901227533
h9,327,0.6015098239493557,6.384165832641929,0.20557650298162627
h9,328,0.6963161008742029,7.926935013233734,0.20796066102128424
h9,329,0.7733938973602746,9.940023628116311,0.20516093293043222
h9,330,0.8862970141392019,8.75648056803777,0.23684177642558782
h9,331,0.828507593960121,8.638234884288215,0.229185692934811
h9,332,0.7695103949503412,10.250335698618185,0.22336856563125015
h9,333,0.9538058100344214,10.796699724361835,0.24257739630808195
h9,334,0.7413810568086372,6.945661987394219,0.19582583819722832
h9,335,0.6928344787229093,7.064269017039821,0.19927029417481962
h9,336,0.9823707222857436,10.859039565446382,0.24027100834391096
h9,337,0.8943979257049698,9.079629668357981,0.2353369448245589
h9,338,0.8064011266996876,9.491157316323633,0.22796108995676467
h9,339,0.8518496062540755,10.071583356904725,0.21768731804117578
h9,340,0.7030992009171659,8.525286962666787,0.2222209309376701
h9,341,0.9752596436956618,11.023809263611751,0.22836276395626118
h9,342,0.7549726314576473,7.667515337950383,0.21304436296920387
h9,343,0.9002808363107131,10.035566590042116,0.2235670829866624
h9,344,0.682854140668044,7.700911932748903,0.2001544361148379
h9,345,0.746388002271102,6.566965185726978,0.23086018968895983
h9,346,0.9418928191207863,10.821123530988439,0.23806969290078964
h9,347,0.7230367910071411,9.774810855239046,0.20109443415422015
h9,348,0.7518716158518006,7.01540652764199,0.22857435788512015
h9,349,1.0341876474680924,10.771091433356604,0.23499999619179063
h9,350,0.8509829179520245,7.640126612996847,0.2346014666827479
h9,351,0.8789711677914899,9.622536755244361,0.20954015280629718
h9,352,0.8996082041288727,10.609502653627153,0.2310781306328514
h9,353,0.6655717669360773,7.313305567696425,0.20754010455892455
h9,354,0.8159226847238048,9.905656775320821,0.23122487303291842
h9,355,0.7165107710456314,7.639619885786987,0.2199145378631969
h9,356,0.6816885891673635,9.08675225749211,0.19039319348483907
h9,357,0.9265681114831128,8.851443858171663,0.22717090804663928
h9,358,0.754395923952547,7.8598460462389195,0.19496289220865426
h9,359,0.8462451878808577,8.345644770322307,0.22019953891927094
h9,360,0.7930119893035628,10.379313892540601,0.2310071512123106
h9,361,0.8617998685477178,10.071868187543357,0.22171425990528298
h9,362,0.8231236650278217,8.714873152992839,0.21962736652006848
h9,363,0.9314255514913667,10.785407263994795,0.23746131151360916
h9,364,0.7710586300176866,7.557661756488572,0.2271804326949087
h9,365,0.7312982266395862,6.959810593007676,0.1829066661363779
h9,366,0.6480277249964491,9.39619212963316,0.19950085969820414
h9,367,0.9378943534948756,10.337941850631188,0.22502999051595016
h9,368,0.8289310899765727,10.69514454142425,0.22527840475542457
h9,369,0.843051375204604,10.635955016032808,0.22753219223757382
h9,370,0.636512819867553,6.201603893738532,0.20235598082543907
h9,371,1.0667789662926261,10.917522851133372,0.24434221778353066
h9,372,0.8863494822931293,10.088048132708781,0.22920345113243396
h9,373,0.901456870523153,10.349284721950898,0.23140653458007887
h9,374,0.924098893268977,10.5648089026773,0.22318948598704158
h9,375,0.6922712908330808,9.126349780036449,0.20132136154690616
h9,376,0.8392238055253689,9.622323999799839,0.22207244485011982
h9,377,1.0179810891639918,10.429684050903466,0.23411919711071433
h9,378,0.7443970427315759,9.297465398207587,0.21976943894879017
h9,379,0.7262776166983376,8.10787353507287,0.2221896317179473
h9,380,0.7559966733588511,9.172786264327693,0.20964161047657942
h9,381,0.8108664961931233,6.77466426597815,0.19446285946347472
h9,382,0.7961099447940334,7.398608198526996,0.20115267562958655
h9,383,1.0510531625412463,11.02654858444641,0.2382939090808658
h9,384,0.7560318427342475,9.350709469807146,0.22595482545076184
h9,385,0.8053006985987377,7.30966983389005,0.2282021958522209
h9,386,0.8256807044342134,9.502034218332426,0.20948076279383804
h9,387,0.9415542371471906,10.550198010932123,0.2320501606296031
h9,388,0.7556508625606633,8.373039420356355,0.21996295936561433
h9,389,0.8575964726243124,8.856313665270882,0.24369248654585357
h9,390,0.8016151206676209,7.072811041739539,0.18933516782310486
h9,391,0.9834340951702103,10.69851678473205,0.23439595058895957
h9,392,0.7122227663586727,9.351849523544704,0.1971274145047982
h9,393,0.9052698631939042,10.200886456408192,0.2277093769203258
h9,394,0.8201680019571834,10.515317883513292,0.227208874616394
h9,395,0.8694078135338765,7.468531739165864,0.23760761778277267
h9,396,0.7021765292838537,7.4595858942489635,0.1985854365575645
h9,397,0.7489641498025399,6.606012975438587,0.20088956371992917
h9,398,0.8077299468365842,10.063045415108204,0.22139783166262023
h9,399,0.5973485863925158,5.707087845810075,0.22073987963034153
h9,400,0.8089732604654197,9.71317695032059,0.21499815429703303
h9,401,0.9296324125888773,9.944394391794999,0.22248506892990516
h9,402,0.9856706813747347,10.89946377115052,0.23348161545866047
h9,403,0.9300809991967056,9.50308720930952,0.21532509294825972
h9,404,1.0193700177868719,10.766111475506593,0.23415539265350158
h9,405,0.8436519710085545,10.336839598255253,0.22214712116551652
h9,406,0.8646781687124967,10.700733724254434,0.23258426748370775
h9,407,0.8362179107484833,10.119197949503796,0.22477307910873642
h9,408,0.8617587877688253,9.514936682481625,0.2229842758639697
h9,409,0.8080133066182686,10.123108905978208,0.1956497560862819
h9,410,0.7659182093263812,7.874721386421457,0.215825240820359
h9,411,0.8865453347372789,8.978702472397334,0.23090402519153336
h9,412,0.6786846633557436,8.127267278704709,0.20440592263178933
h9,413,0.7934720190725562,8.614438927194518,0.22391917574946169
h9,414,0.8731814206162232,10.472258368243976,0.22936116910091542
h9,415,0.8716901677520361,10.544349010276513,0.2273633323654074
h9,416,0.8881019252903987,6.904182051847328,0.2065883180136233
h9,417,0.8099504821785596,10.000624238514172,0.2169749836189479
h9,418,1.003440336254548,10.809244621985627,0.23196891056342422
h9,419,0.9810233997823232,10.703278750419653,0.24126488155958825
h9,420,1.0338323092927093,10.689512778330911,0.24682182384339516
h9,421,0.7899018785296332,7.35968923271294,0.20349348945448498
h9,422,0.7903059789319447,7.595661635160511,0.22408151406093488
h9,423,0.8892878924002426,10.053287304364432,0.22171680733373755
h9,424,0.8243301720719135,10.438397426419993,0.21859064740884301
h9,425,0.874367698682294,8.867578625054461,0.19443616970584593
h9,426,0.8778416767871096,10.401836822689596,0.22104575165486437
h9,427,0.7169216972046697,9.382199612866998,0.21546246821739656
h9,428,0.9003689012852812,10.797156121903086,0.24649459541008995
h9,429,0.7776364164843137,10.02647552729575,0.22723252142548764
h9,430,0.8144240148962778,8.330612130724804,0.21851932913030347
h9,431,0.7674364875678612,8.168641482886775,0.21419446031771114
h9,432,0.9170235651133629,9.709836305543153,0.23265631698212363
h9,433,0.8375859912884962,8.642725426847937,0.2332477895797833
h9,434,0.7565440087409924,9.64256573988139,0.22019859153603455
h9,435,0.6190528526587759,5.55468608455127,0.21167770213734102
h9,436,0.9715962776117939,10.386490609025781,0.22084954722172484
h9,437,1.0143551445455288,10.770598689956092,0.2362711586090338
h9,438,1.000315702776542,10.669669531955392,0.2438021678599666
h9,439,0.8178929919663969,10.025979914648104,0.22431980270577373
h9,440,0.932671723486428,9.923266800920116,0.2343133382536472
h9,441,0.8224817976856088,9.855260459901439,0.23898908473167596
h9,442,0.7898403195687322,9.994205110090137,0.23474297395159135
h9,443,0.9954021307467876,9.43714579933815,0.23921164663831615
h9,444,0.7659742932899811,7.487367980662429,0.22687854706861002
h9,445,0.8523713757608816,10.167374734146316,0.23050479946479865
h9,446,0.7617417808126414,8.196449800938783,0.21914906649204097
h9,447,0.8759082285338262,10.460260195613582,0.2194486432432913
h9,448,0.8945888340840288,10.662150879627472,0.22601010167797256
h9,449,0.6363373176617346,4.537902166463455,0.2042506975487159
h9,450,0.887665471312139,9.784889193882059,0.21505871558005016
h9,451,0.6864731679664922,7.894477267330353,0.19366614136786162
h9,452,0.6780096414122738,8.176197096999852,0.22027339418267528
h9,453,0.878090469975944,10.48450178145987,0.22225114772252524
h9,454,0.7621420870669466,5.6046149732465125,0.20469430407617453
h9,455,0.7552149123284186,9.107822870693006,0.2152783369730793
h9,456,0.8267823717502734,10.055800147159387,0.2247795952654389
h9,457,0.9425394835826726,10.39564422764902,0.2255068740114745
h9,458,0.770393079988174,8.34632954994947,0.22101248612215307
h9,459,1.03657659162221,10.990649703692107,0.24144468037190964
h9,460,0.6366030932305271,7.892863460976508,0.20099492815927286
h9,461,0.8018397254341549,8.3937051006503,0.22057148771892646
h9,462,0.9260656416144589,10.54728062895802,0.24083969785401668
h9,463,0.6716459865691788,8.13489917211561,0.21240565145612775
h9,464,0.8375192442393162,9.850983055440825,0.21439592753557585
h9,465,0.7158476681280678,9.676203295526468,0.22280435689854378
h9,466,0.8048092805081363,9.09426610744498,0.20260420203881468
h9,467,0.8283284414318004,8.379959263649644,0.22983356127330912
h9,468,0.7286385528647632,6.371098357415878,0.22489770204346915
h9,469,0.7057825741307163,8.52999105887859,0.21302537771178806
h9,470,0.8417496104552652,8.414331558094466,0.22142758745419844
h9,471,0.754067385892648,8.461636073756583,0.2062416302058532
h9,472,0.9179593065855363,8.136559576270768,0.22460869736830105
h9,473,0.7455257025348591,9.959760533847712,0.23133652578840935
h9,474,1.022169056541626,10.805225975298393,0.23738587042634618
h9,475,0.6649984810460943,7.391628951419264,0.2043515474436153
h9,476,0.6732693255316144,5.6655926579081655,0.1817209798181263
h9,477,0.7967844476117055,9.967987833111593,0.21811055810303515
h9,478,0.850698615348808,10.136604078900218,0.2386594064046401
h9,479,0.9161923889648078,10.230429954089185,0.2348465733680038
h9,480,0.7174991658186068,7.931565514301317,0.20506758256835558
h9,481,0.7519363440476733,9.327853544111594,0.19824735289407763
h9,482,0.936766186363154,10.695181921599515,0.22859139015075752
h9,483,0.7943801346895905,5.414967449545047,0.1986413184663147
h9,484,0.7357750451937499,7.948379544107976,0.2031717207235657
h9,485,0.9000392459285622,10.87292218907313,0.22483844036847186
h9,486,0.7939141882282449,10.316696002187356,0.22641955406470143
h9,487,0.6686775551605919,6.174725448755767,0.1930168480613684
h9,488,0.36829506886165625,2.38615261363458,0.16719732666115936
h9,489,0.9064077475929918,10.260988387052548,0.231258042188837
h9,490,0.9252369821977229,10.866815544681224,0.2334431788070686
h9,491,0.9585408798439495,10.040736019485559,0.23972790705428654
h9,492,0.810976501251069,9.454048520897757,0.2164605779038259
h9,493,0.6430977460603973,7.912623578354263,0.20577108942438552
h9,494,0.769666117261371,9.53070617847486,0.20385279342632118
h9,495,0.6692747972670896,7.4824652022675675,0.1955444255474176
h9,496,0.777114186125184,9.452270102460671,0.2088689819845485
h9,497,0.5542199160849239,3.418104745472768,0.16635797156690763
h9,498,0.8476621968674807,10.206637220612446,0.229032964993789
h9,499,0.9015069413255119,10.169478485745097,0.21224155712636736
h9,500,0.9093405441207093,10.098632663907456,0.21832394917501732
h9,501,0.8218386441456519,10.213949259028654,0.22719174501184222
h9,502,0.791943214875452,10.08259256202017,0.21646335676864917
h9,503,0.9587148978880182,10.776238771136368,0.24672543338089925
h9,504,0.8180226107226741,8.528039881655666,0.2276645936312529
h9,505,0.7816612954918923,5.745797566655476,0.20562193637013648
h9,506,0.912534685865108,10.634569084346346,0.21454064026114406
h9,507,0.863325623076518,10.259919088784656,0.21967886807223191
h9,508,0.9578324397376157,10.448790671956191,0.23009321645338177
h9,509,0.6287618997692874,5.632979235304302,0.20112055903344758
h9,510,0.5803058210660071,4.75997861678633,0.1881559621104367
h9,511,0.7243825262467936,8.5610179595169,0.20596139599989105
h9,512,0.8461209607451499,7.43088945507355,0.228831445204399
h9,513,0.8256375544652537,10.222956838428207,0.2270336339414998
h9,514,0.6461299903598927,5.4697898068394855,0.17942649419331821
h9,515,0.85627830535685,10.286590462919657,0.2238642011543484
h9,516,0.6837221384576797,5.551722770949286,0.19093476465330986
h9,517,0.9437900102447039,10.820396625400644,0.2384111318265738
h9,518,0.8206341357925148,8.850777096343398,0.22405249184379358
h9,519,0.6588776243770115,7.915173612248943,0.19913558798337197
h9,520,0.769562219500654,7.009080792935466,0.2141071992606032
h9,521,0.7736755319027224,10.004685335867533,0.21793697397625766
h9,522,0.881614054665323,9.436798932158826,0.22184784195681093
h9,523,0.8290349282420573,10.202497969422282,0.23171676966841517
h9,524,0.9598671434597797,9.028749340629444,0.23930976903395262
h9,525,0.7790894524026795,9.350871432328237,0.21753725162078918
h9,526,0.7746881445505378,10.360574450323368,0.22146505265738964
h9,527,0.8203834007120009,8.710495524145353,0.22308370478082207
h9,528,0.8566681189996015,7.623854878667968,0.23827812296968162
h9,529,0.7178510599600079,8.995595560199861,0.21124784425463777
h9,530,0.8936582293100859,7.247315344475449,0.2359510116655884
h9,531,0.8604326343883308,9.908694705949022,0.2235913432910161
h9,532,0.8724240635587035,9.352421947685613,0.225731651707937
h9,533,0.91453094937146,10.365510572028084,0.22553437869306975
h9,534,0.8260589066847888,8.8161438839203,0.20953891902593008
h9,535,0.5689360077794143,5.7867135032241235,0.21544139685960173
h9,536,0.8268862110102517,10.32217459252384,0.2285380052127914
h9,537,0.9003620989450146,10.77725207472015,0.22610008451988048
h9,538,0.8465317969957536,10.782845961841234,0.22300212740946965
h9,539,0.9838371790192905,10.591479505539985,0.23819434804874512
h9,540,0.6743543954933818,6.3489895524110604,0.2183422909716899
h9,541,0.8466124798069681,7.748293068237585,0.22366500470788553
h9,542,0.8725485296703844,10.362991605598076,0.21497320046274046
h9,543,0.8323339367354281,9.842477104355709,0.23152586590682322
h9,544,0.9479443989740127,10.263134126233275,0.24207879328414922
h9,545,0.7028774438481755,6.970805639105099,0.2133517975609796
h9,546,0.9761708220508747,10.48169526414446,0.23709296673859345
h9,547,0.9138675489443927,9.817468685791022,0.23146396181623538
h9,548,0.7674453591435627,7.890199161839809,0.2291309578871603
h9,549,0.5608809677754951,4.18498889569611,0.21063704990915666
h9,550,0.7536529526388636,6.2852151142382064,0.21959903409098896
h9,551,0.7474866322050787,7.877237347134258,0.22049855662825857
h9,552,0.8453731537321592,10.254630894447164,0.23561707896645512
h9,553,0.8829823263968242,10.276808329376284,0.22379011664751564
h9,554,0.8613556869016789,8.601204332783363,0.24077404661872995
h9,555,0.8718439270814966,10.49939519098755,0.22405409691120606
h9,556,0.6492155407223141,5.606849547358535,0.19784434364303896
h9,557,0.7953403390670696,8.79771396492441,0.2303188195354491
h9,558,0.4791074357013366,3.3743274434648836,0.16992770117810535
h9,559,0.7501332490333713,7.932913251219796,0.2142833190665586
h9,560,0.9000066270545353,8.481985982743744,0.21337339775963085
h9,561,0.7366145763336062,6.22767506834316,0.18565253860486675
h9,562,0.8293814118213731,9.59587290906169,0.22252541996739333
h9,563,0.8075811218364344,9.396696768577135,0.21293010413313795
h9,564,0.7821912756516076,9.626848905449126,0.21206846814900537
h9,565,0.7933095957137456,9.658070704482133,0.20439610803799294
h9,566,0.7131540356501165,9.415361412984433,0.20999393053807258
h9,567,0.6772491913998511,5.829689399202301,0.21352278587701895
h9,568,0.9199872044293953,10.720887951266345,0.239675033481451
h9,569,0.8240066392189475,8.293942662673757,0.2238734950342618
h9,570,0.8134667307826212,9.540702299738875,0.2126980286892736
h9,571,0.8068566482949757,7.660680146463415,0.21480189825034937
h9,572,0.7820338565178655,6.98758817649234,0.20288885063143242
h9,573,0.8290915851378784,9.521096328968563,0.2051094217640267
h9,574,0.7623485053985932,9.837710601785902,0.21196972893249383
h9,575,0.8629125164641356,7.470355067633009,0.24007974217472908
h9,576,0.8672822641143717,10.412593639841445,0.23038407508230904
h9,577,0.8042422806217799,8.975058223280055,0.22416933489767765
h9,578,0.8907496776379276,10.527531964790455,0.23407240746199898
h9,579,0.803396598059867,9.830787318838757,0.22684347183488304
h9,580,0.8862407106961576,10.727531214858427,0.23058028687981744
h9,581,0.8196472410803373,10.261351843647315,0.22267775747141463
h9,582,0.76195432831373,9.722562484998985,0.21935110165125338
h9,583,0.5952949164822836,6.409320599963523,0.21008116614672326
h9,584,0.7698210146844637,9.819092283519849,0.21574166855062782
h9,585,0.7008757667827886,5.720829479678982,0.21945585418410166
h9,586,0.8057286528483307,9.02203850192836,0.21619545015252922
h9,587,0.7430958431499413,7.572026350681044,0.19538633248537693
h9,588,0.6852979246967206,7.5851085943712,0.20814648103557554
h9,589,0.7191140566035366,9.720891686021154,0.2129366073358751
h9,590,0.8532346237526146,10.66069583396535,0.2287796068021291
h9,591,0.7631469363439789,8.095715840347447,0.226958357536302
h9,592,0.9206153966943579,10.70593938811353,0.22814492111630386
h9,593,0.7038625990185241,8.491098537172412,0.22734579486326584
h9,594,0.7177440392507435,7.428354846653349,0.2146060088689213
h9,595,0.9319420988368357,10.527906144607545,0.24278104140215223
h9,596,0.9281497966697334,10.399061273419157,0.22420139339411305
h9,597,0.8438840531574396,7.155884064997302,0.2175112042980528
h9,598,0.8800296894639758,10.360853293025293,0.23847107117080477
h9,599,0.8200350986368945,10.37506207018017,0.2114266995577479
h9,600,0.8580698920652112,10.481442565254358,0.23526350319881623
h9,601,0.8005778545786493,7.3572175730518845,0.19922187303070182
h9,602,0.7190704091357097,8.302253171727028,0.21060785506316965
h9,603,0.934869351905199,10.355863569723812,0.2364641035579499
h9,604,0.9419105955950373,10.383360708487192,0.23069390775017456
h9,605,0.7371441444930218,8.144423127349734,0.20905746538203837
h9,606,0.8332232051834187,10.321573631567274,0.23361474245751274
h9,607,0.7437552232037844,7.003405019464076,0.1964117177910387
h9,608,0.7159923676336937,6.76539974834429,0.19815436743730402
h9,609,0.8634915241246042,7.158736122471755,0.23372257192296184
h9,610,0.8346616776373245,8.796713881944898,0.22007390030523744
h9,611,0.8903990403903382,9.940718648169078,0.2139599289811786
h9,612,0.8262773077400981,6.82123901167734,0.2348446672736267
h9,613,0.9349200492088815,10.630229061058298,0.23677264576746432
h9,614,0.665713543775153,9.34941420684535,0.2088661062475227
h9,615,0.8197435373867101,5.472191414224432,0.2042265037393404
h9,616,0.871679483263589,10.265409498191085,0.22074515652081336
h9,617,0.673630175406557,9.005354873751951,0.20211336209114747
h9,618,0.8079301688074234,9.646345019733918,0.2268298575550565
h9,619,0.926031697709822,9.94831822006395,0.22285777817877309
h9,620,0.7645819676122538,7.307075578853309,0.21493174189153852
h9,621,0.9323816828946075,10.70222988636791,0.24423904572531674
h9,622,0.7913645090284055,7.671051324422913,0.20080143072259807
h9,623,0.8278989090034701,8.861755527038184,0.23278568014930306
h9,624,0.9747038267869298,10.79555104232464,0.2407620423490892
h9,625,0.7811539113788865,7.537101245833411,0.23904230326097886
h9,626,0.7065380044655118,7.494040417083066,0.20832457527733206
h9,627,0.6859554038530942,7.529114325297864,0.20306495239743452
h9,628,0.8463012973598767,5.72962362079646,0.18751771051668037
h9,629,0.7007922734229198,6.536446768429134,0.19842043750480406
h9,630,0.7750740428748619,5.082271102761618,0.21869535163491385
h9,631,0.8330943263746401,6.056977916351952,0.1973613959253337
h9,632,0.6898941098864497,6.560216403344041,0.21504118299572703
h9,633,0.7274857278037765,6.851183560424551,0.20661693982797516
h9,634,0.8446852644183978,10.468847979165343,0.23353611450752543
h9,635,0.9140681756603257,10.205774493385496,0.2241438662536189
h9,636,0.9306114124250153,9.401215183982771,0.22138275671776464
h9,637,0.9034847381873864,10.131831980506087,0.21831363605675094
h9,638,0.7700025042918323,7.227880759287668,0.24049369961258513
h9,639,0.8258603352834423,7.316340033352418,0.23317075052257186
h9,640,0.8062745013281685,10.150395125706465,0.22177830903301493
h9,641,0.718633412671301,9.295960744261462,0.19664144975504222
h9,642,0.7977661257638184,9.625348577330964,0.22466207449012787
h9,643,0.8697881442355987,10.275873804223826,0.242034108706425
h9,644,0.8713281294871416,10.716546739824654,0.22306314841919067
h9,645,0.8953630157543041,10.290742147325586,0.22618082909861031
h9,646,0.6729843084456285,7.196559387560994,0.2141477794827746
h9,647,0.7838184752856681,8.128678084737093,0.21902982394653298
h9,648,0.8161871864665413,10.210190531441993,0.22357853329948948
h9,649,0.7404677952942926,8.676032892854181,0.2042380427477394
h9,650,0.839705952560136,9.953244968574083,0.2256428635898162
h9,651,0.8190254600649896,7.659987600916553,0.2130095197625415
h9,652,0.5350573943519575,3.785681856569534,0.1893112099991595
h9,653,0.7602145683916459,8.234691479013824,0.22145844520794206
h9,654,0.9403217209974577,10.187121253683266,0.22423508119489718
h9,655,0.8859245692676815,10.401181569479517,0.23196306924972532
h9,656,0.8085274529789114,8.803534089672304,0.2075830761387441
h9,657,0.6274556256161761,4.635011641141176,0.2060016359958406
h9,658,0.8659352816870933,10.304611541066267,0.22033264069363762
h9,659,0.4827153265784586,3.998196968119232,0.17781639901972665
h9,660,0.8040921536572955,9.399440724323153,0.21727640688960967
h9,661,0.6901481474744473,5.011037573970788,0.19447913285915513
h9,662,0.8502832698533609,8.103354174217166,0.23661079092196577
h9,663,0.75357687259702,9.60646107606727,0.20856236818511487
h9,664,0.8065465852359242,9.983905576794454,0.2226165494954337
h9,665,0.7132497459288254,9.579564421183074,0.2004584737625764
h9,666,0.8809564390127795,8.831393117245323,0.23990485416054358
h9,667,0.657402984757632,5.931087162574598,0.18333844624099788
h9,668,0.805669058778842,9.453121199698352,0.2131643004693466
h9,669,0.8319945245065794,10.133190811555824,0.22133094922462282
h9,670,0.8674341010584713,7.579996853320067,0.2242372778176886
h9,671,0.8482652087570901,8.256795768586931,0.21942667129253193
h9,672,0.653638127155743,3.9289941567300866,0.17816500520673478
h9,673,0.8425901950463297,10.178898771747797,0.21768979651270418
h9,674,0.7878471162540928,9.291279933959215,0.2130271012953673
h9,675,0.7989133739009524,10.109831511663568,0.20949260578057236
h9,676,0.7813741088551952,10.312018792834415,0.2198930666671193
h9,677,0.7228527899999613,9.520415955899377,0.21271918012488378
h9,678,0.890354076159303,10.573771997361204,0.23028218862874647
h9,679,0.6754823113856121,7.025321788476046,0.22539442218473718
h9,680,0.7702964377147884,7.826458214561707,0.23102031256007222
h9,681,0.9002844700154164,10.384059483129098,0.23045854505639668
h9,682,0.7940915424205264,9.893874689992955,0.22039571524164436
h9,683,0.8252247785507364,7.236320027466071,0.23314419213444249
h9,684,0.9523039089824537,10.872253525343206,0.24331363328857097
h9,685,0.9658244315054865,10.50809387991513,0.23046113075454067
h9,686,0.7128506043576163,7.4234315563654025,0.20463844087030905
h9,687,0.7472959871501791,10.068048907723508,0.22428461208472766
h9,688,0.9387816723408389,10.423901133271624,0.23005282928851298
h9,689,0.7821091256638824,9.326542631031845,0.22618694875607828
h9,690,0.7779949633438115,6.5867265589733694,0.2175779189868455
h9,691,0.7877549785795936,9.50519941391131,0.23215375007383018
h9,692,0.8325005705562764,10.463687303036911,0.23104352875081072
h9,693,0.8161478445822241,9.408838756054244,0.2147079715354423
h9,694,0.9026553214109829,10.442190377992903,0.22061789637256085
h9,695,0.8258399001732424,9.463859438837488,0.21397160396528273
h9,696,0.789544543043046,9.163983626574796,0.22643425390756186
h9,697,0.8919129976651592,10.41480111464263,0.2337836024139664
h9,698,0.8509032122623736,9.67265807082761,0.22149502294250198
h9,699,0.9542332236437978,10.454659187146374,0.22343990180526127
h9,700,0.8432506331622673,6.739538566270922,0.23277758082130082
h9,701,0.9401654918006435,10.67653583967912,0.2313276508323696
h9,702,0.7679763749953772,9.506356896644776,0.2212466924437722
h9,703,0.7895909108905386,8.246859851177405,0.22792270665042144
h9,704,0.7506861841867932,6.672082311833039,0.2237085340275964
h9,705,0.8679906409396239,10.463699303056039,0.22543591851254544
h9,706,0.8495255087130363,10.640733959237968,0.21508041334444244
h9,707,0.7294409088233378,8.947363825308372,0.21701764235394558
h9,708,0.8975043912372105,8.857433009752615,0.24690152459389203
h9,709,0.8511194317978,10.02138534176523,0.232498441932492
h9,710,0.8757742848965884,10.135668076882828,0.23303282148683774
h9,711,0.7783232728440578,9.83769192969903,0.22576979090930493
h9,712,0.8517910755408473,10.516008133623654,0.23434612096675728
h9,713,0.9221134564426401,10.419698701385627,0.2304145087338232
h9,714,0.7543989869137444,8.094431910654585,0.211913265585704
h9,715,0.583146428978144,5.122862352517323,0.2025435652200776
h9,716,0.8210888353100775,9.288219638250212,0.21972767122979076
h9,717,0.6594244962763749,5.192181883079861,0.17560035559600368
h9,718,0.7722976765062031,9.813906969481906,0.21858625971116039
h9,719,0.8825843777188078,10.257740927857277,0.23113998345211584
h9,720,0.6438392340739096,8.599570355548018,0.1989828907884184
h9,721,0.7105001850808577,6.968186685593118,0.19700563041813277
h9,722,0.8435536017867517,10.51875597277688,0.22638177495449394
h9,723,0.7411806925104039,9.783403369440196,0.19847861847219916
h9,724,0.7724712858773091,9.915300326953535,0.23232946405456584
h9,725,0.6476795300911331,6.424545294932515,0.2117358989078344
h9,726,0.9946972637342377,10.910246531473234,0.24686559579046788
h9,727,0.8270553539283015,8.139228182707367,0.2414518424063741
h9,728,0.721502298510379,6.549229333357611,0.2025226488777011
h9,729,0.8673927921664228,8.884807636502936,0.22224976373367172
h9,730,0.806416198683495,9.784058552843064,0.2197405225435487
h9,731,0.8272372243219707,8.425953502467456,0.2098577541499314
h9,732,0.7080448660809733,7.962285124334159,0.198603817873585
h9,733,0.8680770007978096,8.508784991903354,0.21365368500176263
h9,734,0.8710011983701499,10.618648135194034,0.22250620064157128
h9,735,0.8633250982496818,7.668776263406359,0.23911394020396118
h9,736,0.5790356115305195,7.309255473743932,0.21372026294005345
h9,737,0.8656031157992905,9.635190228369298,0.22965639687178663
h9,738,0.7738734725448678,9.450618435944868,0.22630174114732554
h9,739,0.583510113373196,3.1143587761053517,0.1586671030161091
h9,740,0.6477922749371301,5.73396366275845,0.20722851052883684
h9,741,0.7310527366464599,5.732475076019369,0.21798927661828774
h9,742,0.7603395536541482,8.207634207939185,0.22644698389560966
h9,743,0.5680831618376128,5.865653033267022,0.19876061656475655
h9,744,0.9707034974432511,10.631085081640462,0.2325002819925758
h9,745,0.7809050808605098,6.8462080232948885,0.22013214989116067
h9,746,0.7687563543251591,7.327252840541953,0.22077826030076814
h9,747,0.7342070378847202,9.996276177207235,0.2157412519830617
h9,748,0.8119121178349848,6.043130705396025,0.2299883253100931
h9,749,0.9220740091966179,9.979176289523481,0.23216761657136542
h9,750,0.818573482429036,9.593010833430792,0.21568913256967506
h9,751,0.9723499715658294,10.86927245261691,0.22533932762332265
h9,752,0.8210569578794729,9.131774882784004,0.21820623460539967
h9,753,0.7848825148753776,9.766981939735855,0.21773042454472388
h9,754,0.6099035525042977,4.024972319209935,0.16943279714318993
h9,755,0.8377604870170703,10.284418971779184,0.2246357716364957
h9,756,0.8564882158805545,10.396776508840537,0.2203759067554611
h9,757,0.6669855405632574,9.668100067780165,0.19862580052278134
h9,758,0.7861173129673015,5.269902120393457,0.1917989681232337
h9,759,0.9012796882413044,10.498813792020806,0.2312540213328358
h9,760,0.9864880478537327,10.819215468412462,0.23507887561560836
h9,761,0.8981897466865186,10.30240679067493,0.2189495784356259
h9,762,0.9446134171613154,10.700413509823974,0.23972343768745732
h9,763,0.5986385411631806,7.144968449710904,0.19615672303793769
h9,764,0.6667492642532794,6.6052134334800785,0.21393997439657667
h9,765,0.9237937351612651,10.605294885501818,0.2394932092153447
h9,766,0.7635591410709655,7.949076249018129,0.21656045210805894
h9,767,0.9828127749580825,10.982223139130554,0.2297082781406538
h9,768,0.6981069351175561,7.527126030447822,0.20960845875652243
h9,769,0.9003330284738074,10.045513561052415,0.21800639941164804
h9,770,0.625954040374533,6.764832052423243,0.1905491450674686
h9,771,0.8059916896682712,7.260985849820194,0.2211535317112801
h9,772,0.8177057120852855,9.774350425588521,0.21129153720099955
h9,773,0.6857885131919111,7.174019102641077,0.20129539960064743
h9,774,0.7178801163939625,7.708753288567751,0.22577613388881085
h9,775,0.9989318877968338,10.496287898122677,0.22812749277238156
h9,776,0.6861662835896368,8.217838789269774,0.21815080985559096
h9,777,0.7789505440302965,10.289959546534346,0.22312583373771364
h9,778,0.6607544092142049,7.410366965337282,0.20478706166986516
h9,779,0.8782953307107237,10.601485604921768,0.23408527867688547
h9,780,0.8131462420959918,7.291884194946431,0.1926303415407843
h9,781,0.7840676171747328,9.874296674054996,0.22756709419486257
h9,782,0.8951164873335147,10.579176511886187,0.23371605462967768
h9,783,0.8811166619506308,10.227604402047342,0.22406942318375112
h9,784,0.9154433179474735,10.043820758860102,0.2216527079265521
h9,785,0.7691997872689665,9.613374873413814,0.23322575015953323
h9,786,0.6833547401191044,8.652044576782359,0.21934428443646461
h9,787,0.8613894901011097,10.15899071290681,0.22126003176646603
h9,788,0.9509435027231057,10.4369241854966,0.2236066956509296
h9,789,0.7551739135300108,5.8535326667569425,0.2053936451897898
h9,790,0.7553509232900173,10.234319450405874,0.21355174605240249
h9,791,0.8577947089748257,8.440509069459639,0.222408294018885
h9,792,0.8485209812030633,10.133752707316827,0.21831511892400018
h9,793,0.7757097028067044,7.2104726847031415,0.20304887958532275
h9,794,0.7550908501916077,7.34945681374741,0.23046769974106385
h9,795,1.0069968168723213,10.99444481708747,0.24225565460740145
h9,796,0.6784642929593253,6.463843588118438,0.1820329361702882
h9,797,0.619280521847467,5.800998215938366,0.21416627838850105
h9,798,0.7610239808640564,9.753213149884672,0.21291946507483023
h9,799,0.6678949255191776,6.193184705674481,0.22315676263587297
h9,800,0.8099967989747469,8.745569826924235,0.2351143181451987
h9,801,0.8802002214473899,10.210237946562424,0.23353048884548339
h9,802,0.721252304828397,6.733460603706435,0.2162403475697422
h9,803,0.8504486278447343,9.842038902027866,0.21432090717462227
h9,804,0.8782595584742413,10.22723552511319,0.21759227941133674
h9,805,0.7755715820583545,8.595553579117723,0.2332335329368102
h9,806,0.8603891531499644,8.831470259815129,0.24227273176890754
h9,807,0.7798197322767959,8.63469538753289,0.21681590580745597
h9,808,0.8062312270529055,10.240920428056409,0.2342377219883774
h9,809,0.7926882802799612,10.673733099168864,0.23080268621178185
h9,810,0.7545268310346877,7.23442749529594,0.22225746871914231
h9,811,0.6993588956547809,8.126803185797334,0.23678181327067033
h9,812,0.7205500698338765,5.805618683542794,0.1861243562367709
h9,813,0.8779192760836823,8.952819781126623,0.2215788764247634
h9,814,0.7142258810631682,6.948291537564346,0.2189419528363438
h9,815,0.9111877918767031,7.7275124097950805,0.21812838689912503
h9,816,0.7421514336645245,8.587202020571075,0.20599966584141585
h9,817,0.7559659785189254,8.837359552125585,0.20267293553423577
h9,818,0.9586438249715158,10.909435689255996,0.237454010424768
h9,819,0.7518770524432465,5.40340716669286,0.18681154278663678
h9,820,0.7767543821605813,9.23117051776543,0.21613328168952525
h9,821,0.7278505464846767,9.345054827508484,0.19606497206096588
h9,822,0.7925218508746303,7.434128230952586,0.19971225079870275
h9,823,0.6913406209412799,6.5072406044518765,0.1926770626202232
h9,824,0.9310231322009971,10.366698780804546,0.23778764472998748
h9,825,0.8598272597548812,9.881704181922622,0.22797039030682462
h9,826,0.8639771393034492,10.218041180030955,0.2233665726541352
h9,827,0.8134117776413714,9.593512501630578,0.2173817868330794
h9,828,0.7757135847750823,7.9507846152582005,0.215632793690776
h9,829,0.7663556398540088,7.517598673313707,0.20953215524106097
h9,830,0.8517960836872718,7.504358572449158,0.2387016639387057
h9,831,0.7289677359138558,6.156580539673689,0.20805804824184768
h9,832,0.7622250309196928,6.7478172664743425,0.19527048467929975
h9,833,0.8600285119187712,10.090729066589743,0.22028020310239668
h9,834,0.8210213024915343,8.672484722204976,0.2363491666308611
h9,835,0.8539124521280813,8.851641777841404,0.21270766510217148
h9,836,0.8359279994738702,10.456044848296601,0.22212946394908767
h9,837,0.7962605911442965,7.161917614805182,0.2036280726524657
h9,838,0.7043819895604785,8.557938707478682,0.19891925201953978
h9,839,0.7248862009269785,7.030213224178421,0.22572599004675528
h9,840,0.9281408142855989,10.856943975243372,0.23460531715480212
h9,841,0.8030903534216586,7.3813280587367185,0.1966927791602808
h9,842,0.8725936628936023,10.580711744290998,0.22772251149789705
h9,843,0.8226518601803541,9.935760162388668,0.2240176224174852
h9,844,0.8922531079341995,10.379057081497304,0.2440582146532974
h9,845,0.9287516945377277,10.230156106352442,0.2313180676452847
h9,846,0.9814022240392177,10.9901354931366,0.24499000044180863
h9,847,1.0406871004124882,10.817669230113667,0.24919618214319073
h9,848,0.8169189982248353,8.778344919857537,0.21971952169947348
h9,849,0.8003562194092111,8.278469682844996,0.223442801033868
h9,850,0.8354276372734329,7.253215861088299,0.2069327126957228
h9,851,0.6966813819403156,8.42714452005466,0.20987280429863014
h9,852,0.8592042944849364,10.292867826718915,0.23379304470085338
h9,853,0.8673485438403266,10.2923293108499,0.2204009563176701
h9,854,0.9780245259854029,10.718412081108484,0.23407553506745318
h9,855,0.743558629421271,7.0748480327733585,0.20943392093451457
h9,856,0.8482554004659554,10.44534153836014,0.22746993683582767
h9,857,0.9327915597871658,10.39037948138926,0.23699023685688825
h9,858,0.9490223919255105,8.858165561808933,0.23467490971611396
h9,859,0.7292555255900608,8.404575957971495,0.21559789931511014
h9,860,0.9557642478414456,10.882425697004932,0.24130717775129462
h9,861,0.9515286565522129,10.770651858089243,0.24011885291248897
h9,862,0.8584549839814195,8.75445228338474,0.22146901369097644
h9,863,0.8363947594365465,8.9287110186835,0.20669123595121855
h9,864,0.583983129535456,7.40639805699013,0.19747112416228926
h9,865,0.8014883273917319,9.252503596543356,0.21297470725690823
h9,866,0.6515253816729036,5.959389940713852,0.19500751457773655
h9,867,0.8290783630869419,10.381846368452603,0.23106385673299043
h9,868,0.9114874541030253,10.831719505390065,0.23172531456449866
h9,869,0.6638747019424509,7.2740293292440334,0.2127223066453779
h9,870,0.8279639476575636,8.774919698405155,0.23556475491053802
h9,871,0.8190733223380389,10.584919279682243,0.23428990833761898
h9,872,0.9554801963661065,10.594465861966022,0.23147129534114483
h9,873,0.9288136308096677,7.427381509009633,0.22319618739496636
h9,874,0.6970373315563146,6.193298319905175,0.21540093693993864
h9,875,0.7446874961164043,8.354341612119244,0.22629998001372312
h9,876,0.7923016932568328,7.308937021457582,0.21450857394032127
h9,877,0.6763100991817511,6.457402864474353,0.21078430311689886
h9,878,0.9587828957032724,10.560686953107266,0.2417196474509139
h9,879,0.7620740430233349,8.626889493672044,0.21801218663984523
h9,880,0.6994071111677257,6.45199593439317,0.19110186023208503
h9,881,0.9114173305092985,7.614361496658208,0.21452108923046448
h9,882,0.8674654845655908,10.201912057888887,0.21353885417622107
h9,883,0.9398448643025417,10.86304693644011,0.22597746092472876
h9,884,0.6418687983681595,5.918308119684228,0.2281789691866146
h9,885,0.6843042504726631,6.045791928022056,0.1945877610561688
h9,886,0.7550907130209195,7.261025739447619,0.2023822978694524
h9,887,0.8587554535846136,9.855522817253744,0.22455173829095315
h9,888,0.7824408336211568,7.804206987055527,0.21923944102953982
h9,889,0.7619668402360639,7.343614081894845,0.22087473712299163
h9,890,1.0487847407558204,10.731675365334631,0.24112100827914673
h9,891,0.8979070567128045,10.354403254531492,0.2355208226150643
h9,892,0.9533089949199317,10.47009694751042,0.222901757451553
h9,893,0.7263901188883873,6.656769108478891,0.1934122274687833
h9,894,0.721838580806953,9.880794803215961,0.21331235368623774
h9,895,0.874186398129879,9.876587653829597,0.22816041492292077
h9,896,0.6623947026330822,6.877072313033852,0.1928988241215705
h9,897,0.8327548551895563,10.195046860836444,0.2166758437694494
h9,898,0.7034024093370881,7.550121777074839,0.21156774280227506
h9,899,1.003450543599158,10.863180241717021,0.23917499611290008
h9,900,0.8640706622120318,10.05551854731256,0.21779823462310738
h9,901,0.8307782172436423,8.874823585548897,0.22648593865701955
h9,902,0.8213592232955402,8.038700331250077,0.23823060819516742
h9,903,0.7952578666697697,8.698169075371778,0.23209573101187442
h9,904,0.6805421877931694,7.547735739889254,0.2005060916312621
h9,905,0.9361238227665636,10.625015979069111,0.23329526118220467
h9,906,0.7519725263870832,6.692045861905677,0.19993089616103044
h9,907,0.9247089105050292,8.924806093623207,0.24279515001408994
h9,908,0.8158036716986773,8.709843427479704,0.22937386489392075
h9,909,0.9571363646895287,10.5693232366344,0.2340639192864357
h9,910,0.919799223838097,10.705367051206041,0.23467067726669694
h9,911,0.601296931000067,6.8417653686069375,0.1943277819401789
h9,912,0.8751683915411663,7.785332105833395,0.2274083320642252
h9,913,0.7203899821788707,8.01321389932777,0.20081606218151005
h9,914,0.85318136083035,9.834333186612946,0.227314117912536
h9,915,0.8512891035967822,10.527445448410601,0.21338497882410054
h9,916,0.7495482531901514,8.318379165110734,0.20539508517918878
h9,917,0.9347524320986696,10.586169061049594,0.22871605278804144
h9,918,0.8824769966650257,10.065574567026923,0.22366181521314077
h9,919,0.7083809670166846,8.783645644296309,0.20534914889977898
h9,920,0.9937506058519006,10.76632071746123,0.24638670430923748
h9,921,0.9937085303416819,10.381451319164679,0.23705488479734255
h9,922,0.8661427808121194,8.884499767096328,0.2262876724770626
h9,923,0.7810944626293757,9.808739392658198,0.2053205751116718
h9,924,0.5830520220016697,5.9385520395810545,0.19769238953547583
h9,925,0.8840136687212177,9.841364890184407,0.23579516344745227
h9,926,0.7239442233755626,8.115834845588326,0.214811345414725
h9,927,0.7742909339472304,9.75555035060314,0.19954660397966223
h9,928,0.7797184987828463,9.028118877218008,0.20461264549223357
h9,929,0.8297079525556137,7.749776110557677,0.2122560755296042
h9,930,0.818778615950454,8.6962128632927,0.23244034544098924
h9,931,0.6604928010956084,7.774851899548533,0.22243702392470122
h9,932,0.7180342906263312,6.456173146557397,0.2210595988082953
h9,933,0.8071646778955305,9.498653971471734,0.22427354692409673
h9,934,0.6961590114135094,7.662130600407802,0.19258350632332205
h9,935,0.7756785371566939,7.438935219020852,0.22856104039875594
h9,936,0.9172319281261738,10.728105164585854,0.22801990860870702
h9,937,0.9185907732532355,10.707793286072645,0.22786111931805736
h9,938,0.8004107269932381,7.314623552069647,0.2162657736076114
h9,939,0.8358125299627099,10.207869845732738,0.24406053085093415
h9,940,0.754785015240635,7.421489319529105,0.20147830286838564
h9,941,0.7255969233950188,7.738163514324195,0.2320417862800159
h9,942,0.8049198858775145,10.16036016993964,0.22242142341429819
h9,943,0.5279888261914043,6.517273709032231,0.18815008960628488
h9,944,0.7946488352957226,8.331101402280048,0.21653770289904614
h9,945,0.7383894422493547,7.854552066780002,0.22995371893847819
h9,946,0.5555897312317069,4.618561369153877,0.17803104922569057
h9,947,0.710590333977926,7.170333417285503,0.21593106229262166
h9,948,0.7817243657507911,7.292890394745587,0.23324316193122047
h9,949,0.7446058298005043,8.10126201709068,0.19858518492636423
h9,950,0.7233716122113442,9.521565254666658,0.22322560598446128
h9,951,0.9120205095596419,10.653046237785114,0.23166708053407462
h9,952,0.8811015024242117,10.635917281905257,0.22849643011478568
h9,953,0.8623871075603176,9.830187126980963,0.22479237147387526
h9,954,0.6956097701590378,6.460541025302661,0.19028083186442674
h9,955,0.8349360819529527,10.067143761217892,0.221505269034751
h9,956,0.8962443097474275,10.488478938473282,0.23494348193237696
h9,957,0.7143887216571241,9.231870245268277,0.20300980694168563
h9,958,0.7449406898780874,9.310617866250398,0.20246773698915813
h9,959,0.7578583903589695,8.82573423800789,0.2252057351287158
h9,960,0.8696954791538984,10.170849150072915,0.23891366274872566
h9,961,0.8178692247953875,6.979476004159917,0.19845130499170008
h9,962,0.7227414964895676,7.0291474844127535,0.19527205862265004
h9,963,0.8790707569499139,10.133405973004521,0.21563447690608747
h9,964,0.7766781394491895,8.354547011428979,0.22404315439762065
h9,965,0.799923361359218,10.438334376114721,0.2204168323871455
h9,966,0.7644774220881624,5.98701336291381,0.2276382467122684
h9,967,0.8126434094578894,9.986313036988136,0.2249519105409889
h9,968,0.7513113600152468,7.785839427156168,0.2294330690422975
h9,969,0.6740396929625599,8.048926755872111,0.21061105770913624
h9,970,0.8609186880593264,9.858041907344518,0.2396790920650135
h9,971,0.7996463708986207,8.849037266593395,0.20803969674700812
h9,972,0.7845134698913521,9.291690155442042,0.20278534165963832
h9,973,0.8354830781158651,9.51906445536704,0.2342978990482995
h9,974,0.8059212869424972,7.556103683592065,0.20338192382370593
h9,975,0.877804230263478,9.652519905141837,0.23007595425210903
h9,976,0.9127701557719875,10.802506176173011,0.24091102368795972
h9,977,0.7752529293239425,8.560634290557333,0.23274828608204426
h9,978,0.816027291236085,9.661231805801437,0.21442021819902488
h9,979,0.7626139437842012,7.0686031967101055,0.21045642718730562
h9,980,0.7778362067335459,7.5330734442013,0.22910063762760582
h9,981,0.8052018898141055,9.435545809765882,0.21306618785754478
h9,982,0.8716039034593146,7.454333370013959,0.23447939001297707
h9,983,0.8415724191623336,8.516255258127176,0.22002399814421367
h9,984,0.8183565828736992,8.558663667595171,0.225081252500031
h9,985,0.7351736081110701,6.333874425131763,0.20537692871485339
h9,986,0.8002516544858097,7.689292215546575,0.2223743688889538
h9,987,0.7033624460131638,6.534820937799479,0.17715943761607497
h9,988,0.6153118080955993,4.738746737352664,0.18747557160780584
h9,989,0.8236720720464876,9.259131236791966,0.223552854180058
h9,990,0.6785143538892069,6.258719718680721,0.2185062663144142
h9,991,0.7581171282010366,9.300687923634497,0.20462347163424072
h9,992,1.0272855244942911,10.878504672466454,0.24821733063554866
h9,993,0.751403563834818,6.700540180206351,0.2184331669283055
h9,994,0.9532825390217607,9.901924284766283,0.23406146055596921
h9,995,0.864480058362855,10.095745374428159,0.2232694909302585
h9,996,0.7117620316756064,6.284810564959799,0.1811150774167157
h9,997,0.8131450819308246,9.50819449260814,0.2318893641965297
h9,998,0.8441299452080551,6.946216516722387,0.22385655811180072
h9,999,0.8068295084211167,6.785200687735913,0.2048962207932661
l0,0,0.027734831938928232,0.0028718191183512154,-0.0022410672771135433
l0,1,0.03890437487731414,0.020227389758088098,0.003974616901589265
l0,2,0.06398315868466192,0.09109948144308262,-0.0025410425188596404
l0,3,0.024274617505401934,0.0282644798098619,-0.0017134421628918928
l0,4,0.04146055146749723,0.04914860579960499,0.004953264919198951
l0,5,0.01623759142961541,-0.13517787448852786,3.477412982581514e-05
l0,6,0.0027012872947646503,-0.14940944562510286,0.001481677965454925
l0,7,-0.0035287321500857404,-0.06798854651162635,-0.003645219735537126
l0,8,0.03590536579107675,0.08601029073814198,0.003315837506353919
l0,9,0.03179207301633001,-0.04860481763024855,-0.00025047034246233673
l0,10,0.02280373098730904,-0.06865549846725723,-0.006031992006043258
l0,11,0.01605170614100615,-0.08662725651442074,0.0028263789607770977
l0,12,0.0415775945633365,0.05492532125273799,-0.0014927167317213346
l0,13,0.038661578837558726,0.005654590030868906,0.00030226932505597777
l0,14,0.06558374440157876,0.0177525610899079,0.0042627804307032256
l0,15,0.0346690524846609,0.05969130957056369,-0.0032382926436380476
l0,16,0.01153657530061624,-0.06730738659297883,0.0020350457415820476
l0,17,0.07723137372085999,0.09103581572405917,0.0010999608448211684
l0,18,0.0808242720312654,0.11113710061027027,0.007300927876495064
l0,19,0.04465350252345906,0.09213199909566203,0.007104609149749236
l0,20,0.013551048171440844,0.012610213716275291,-0.0044288467855307986
l0,21,0.0352778011636906,0.0720818707725202,-0.002085085285155045
l0,22,0.0435170157875886,0.0023244113641743974,0.0037185127092657037
l0,23,0.011007920547023771,-0.04461792006014624,-0.004736308992904221
l0,24,0.06551859333759202,0.12291459899953919,0.004928970615417846
l0,25,0.04496898493601068,0.028354214371246078,0.0024989590811814013
l0,26,0.07363285740753789,0.1644376139286102,0.0019341519393798418
l0,27,0.09199506026306149,0.13831805801696698,0.002079988116355275
l0,28,-0.035565578781776144,-0.2890452550124542,-0.003808350738004983
l0,29,0.018652546315500992,-0.08773358486910247,0.0022379545489267408
l0,30,0.030140521680146217,-0.07446952883488668,-0.00021483650214518713
l0,31,0.007968413429626661,-0.26153939778890933,-0.002451347476086334
l0,32,0.05018018044664982,0.0799398381222679,0.004253936506546293
l0,33,0.06590931079122307,0.021298888534427175,0.001056501765631408
l0,34,0.06087779326843629,-0.0019144419429476325,-0.00032121867118715106
l0,35,0.02762003947220064,-0.04918268113408875,-0.00022438872082443232
l0,36,0.04666175487664146,0.03710610832963018,-0.0026738055237123725
l0,37,0.08323093951995676,0.0662336454993418,0.0052102174808466364
l0,38,0.07952955180532367,0.1738599425574587,0.0075936869957576045
l0,39,0.04988886310423557,0.011329877642825115,0.006255335269314798
l0,40,0.03944465137414507,-0.07822709633136155,-0.004268090782504497
l0,41,0.03760453264071685,-0.0038874063755022087,0.0037297052605389305
l0,42,0.017134205762636086,-0.0919783233076992,-0.003615626285586632
l0,43,0.06225311330088159,0.03987917230926605,0.005465276721827321
l0,44,0.0480270539637037,-0.028480926958774584,0.006338849894963112
l0,45,0.02146083459680063,-0.0316392254655252,0.0020403814635783137
l0,46,0.005800837910421464,-0.2140362072312676,0.003444866561468727
l0,47,0.02168449584217939,-0.07307663420689947,-0.0027786214988321815
l0,48,0.05801676492092302,0.08699806366932486,0.005789147472475861
l0,49,0.012209955483034926,-0.12657453742016656,0.003950320071912747
l0,50,0.04192475895071376,-0.022289796895956067,0.004113511850179992
l0,51,0.02319165373676891,-0.1190332102827917,-0.00013834146661432546
l0,52,0.036069961393676124,0.05014133916643284,0.0033817402331715596
l0,53,0.001466940567917397,-0.11409069015315323,-0.002604120014610794
l0,54,0.082925205188038,0.19293235835450911,0.003518713859236529
l0,55,0.01231579949359745,-0.04481030961027453,-0.0036747902521330955
l0,56,0.053572482373863584,0.005479607725965133,0.0023152592197954016
l0,57,-0.0053193921292392955,-0.05431594566782594,-0.005569320822315811
l0,58,0.0015941766011043918,-0.045515899433600696,0.0020944629746935325
l0,59,0.043342126086256254,-0.06571438169036124,0.004003338804413333
l0,60,0.01279062840782888,-0.05667967568469554,-0.0036148536550251846
l0,61,0.049516261639869,0.0729661213755288,-0.0011323139696242793
l0,62,0.060508476907769115,-0.024358125722442656,0.002726296919238734
l0,63,0.05803530793973676,0.09313480480370821,-0.004249902453356744
l0,64,0.03915664627749861,0.025503571423293195,0.001585409198386283
l0,65,0.05758864079281637,0.08808370490370071,0.006216766831373938
l0,66,0.057788547481124095,0.02591928217902828,0.0034196660242883396
l0,67,0.005276715266333446,-0.12334364532249592,-0.004057447694960291
l0,68,0.04417686664748333,0.018683795684466653,-0.0035205312367316884
l0,69,0.06675212483005605,0.06709677544308995,0.0007453490488103834
l0,70,0.06818985041244333,0.15099695306525332,0.0014503998204426162
l0,71,0.03841521913827947,-0.014892104514427434,-0.0007614507563083279
l0,72,0.022334058400963117,-0.010603310412612157,-0.00539610941958906
l0,73,0.06644369006538373,0.1030668824001088,0.0005676772695355659
l0,74,0.05707019489498839,0.0934949041306646,-0.0010173630427967849
l0,75,0.015324849651329936,-0.11709750129204619,-0.00025596496071339666
l0,76,0.06581207098468733,0.06603081188632658,0.002184418447324055
l0,77,0.05527598054045932,0.04451206130864921,0.005549761112338696
l0,78,0.024094385470795933,-0.07462294617942913,-0.0020756187728876805
l0,79,0.11602363922969237,0.2804237350284386,0.008524228184116378
l0,80,0.07417083649707028,0.12965070911780197,-0.0009131817306172998
l0,81,0.003024201123214246,-0.15451372345273334,-0.0016495938846240227
l0,82,-0.000627026067100603,-0.12935065176011065,-0.00011088750282636751
l0,83,0.03295138574306582,-0.008586577385104141,0.002748573842318746
l0,84,0.05718462592026851,0.08534465373833502,0.004434326873803872
l0,85,0.09050274190230333,0.17624619717182916,0.002342639500203407
l0,86,0.021032234020837547,-0.0237391952008785,-0.002208038184402089
l0,87,0.04802130648966488,0.0995880288010961,-0.0009295488257582425
l0,88,0.06702192343585672,0.06642658436951415,0.006752008422590156
l0,89,0.0685233730213064,0.10261907334281216,0.0036234854954725216
l0,90,0.05397299209084661,0.08441338543908143,0.0021732554968257167
l0,91,-0.010257433003150662,-0.11865924838814243,-0.004824742120323983
l0,92,0.030603268413884388,0.00677655129229407,-0.002949242742816496
l0,93,0.054026484576441665,-0.07035965088341911,0.010016962762658765
l0,94,0.01080822191157733,-0.06798547475600852,-0.002166315856948357
l0,95,0.03212358483550726,-0.014272334375305437,-0.005356855012795966
l0,96,0.09693621789493054,0.11641827867899081,0.005251859229437673
l0,97,0.03378203913191658,-0.023570054075998763,-0.0021778328240480904
l0,98,0.043775572314251186,0.030176393412344023,4.279010462111441e-05
l0,99,0.055885352189083706,-0.0340049292795206,0.0027536009745497136
l0,100,0.017327310347644186,-0.09518755688133,-0.0004917713017313361
l0,101,0.027604963342265434,-0.06427203543622609,-0.0006937576114628137
l0,102,0.018422175249576067,0.022594333327717438,0.0005672368597661882
l0,103,0.020481326117567797,-0.04226594696509989,0.004964038185117483
l0,104,0.02179924739344833,-0.06435480392150877,-0.001565388044385606
l0,105,0.01503468680770004,-0.06729218999745266,-0.0027628855708498722
l0,106,0.053608455122849355,0.147500498425247,0.0007650851814038466
l0,107,0.05421391650121992,0.10034586789044124,0.0023406976762891836
l0,108,0.01736234333658455,-0.12245253116138456,-0.0037850493247238107
l0,109,0.045911793025152206,-0.0066633117012972545,0.0072127912028553945
l0,110,0.03641380075520044,0.0026942416407601255,0.002733566214590732
l0,111,0.05763502752628222,0.03719420816542851,0.006738118833817391
l0,112,0.03879057494378005,0.0026702139326134702,-0.002035562530190417
l0,113,-0.03888058252706794,-0.23468352866608702,-0.008345317405304656
l0,114,0.01872566981062046,-0.04087331855776189,0.0011061770733680877
l0,115,0.04063163326861328,0.0055027491398750225,-0.002923557325675988
l0,116,0.024646510797398075,-0.05898221688763869,-0.0014786392338072202
l0,117,0.017934502501523435,-0.06273531865146706,0.0005122276418862357
l0,118,0.0177422001398772,-0.138154164283732,-0.002718153483767166
l0,119,0.040160454377829655,0.046283615697653144,0.00457243728289293
l0,120,0.001857789764300454,-0.053475488529062684,-0.0008740185797469293
l0,121,0.06235533706390087,0.16876786485172088,0.007576134384243067
l0,122,0.03430726920711527,0.07473692455512006,-0.00288630619546243
l0,123,0.05964306237313819,-0.006596229463857087,0.0068997886772407995
l0,124,0.016583209190158897,-0.12420781493764017,-0.0033591319375411476
l0,125,0.04012259252835293,-0.017637698229996467,0.004788290520356201
l0,126,0.034221236200232555,-0.01813041048141223,5.383682034106898e-05
l0,127,0.004510224435837183,-0.20194674525888684,-0.0019023461198070348
l0,128,0.006269558393293231,-0.18118748348400712,0.0023165172679219925
l0,129,0.03666148655399009,0.01406582995508033,-0.0005464223139607515
l0,130,0.06560439844361625,0.16478984129678226,0.0005614093646714966
l0,131,0.05061990085486958,-0.045389466175476165,0.0003344245316966709
l0,132,0.09226718649491886,0.16198454688656344,0.004372591548804837
l0,133,0.056786079775473564,-0.0024141950071685167,0.00833332119866756
l0,134,0.0712080279082584,0.06618258760233009,0.008124761267172589
l0,135,0.025706939330544118,-0.02188672384193409,0.0049589727182624225
l0,136,0.046945527474252124,0.009735458328282015,0.00420905266101571
l0,137,0.08892919141252721,0.1602824455195985,0.005645617578447275
l0,138,0.014635248335432251,-0.04810553763695762,-0.0040474536982589345
l0,139,0.03520618738621416,-0.0008723548577526247,0.005200162659527668
l0,140,0.04889553639330944,0.0492470254258251,0.003050304554976166
l0,141,0.02016836315135812,-0.10610464911527188,-0.0017713575084294276
l0,142,0.021372757001189697,-0.12174419861253512,0.0035088962299248926
l0,143,-0.012727593364208003,-0.16204366676454443,-0.004101540888331688
l0,144,0.03629606314019465,-0.020008557024509176,0.003497112114618347
l0,145,0.07937976962965826,0.09541262648011728,0.01006095670496943
l0,146,0.007061070831897557,-0.06085258441123241,-0.002326285652989567
l0,147,0.06046100746239792,0.026220898316462155,-0.0027483228683081147
l0,148,0.04122287751653935,-0.01244689959300363,-0.0017363266638969735
l0,149,0.0007159618921354196,-0.037525160996684626,-0.0018521560132940382
l0,150,0.019689929954237694,-0.1260347196975281,-0.004285606080977353
l0,151,0.02377723200268051,-0.1298745424444914,0.0027888919931721746
l0,152,0.03006311254076709,-0.19623147196096227,0.002458466880444302
l0,153,0.015584190603926995,-0.08216143019622804,0.000559952159374276
l0,154,0.033909614430188015,-0.027247973700652045,-0.0010566342794944767
l0,155,0.0035598556815503576,-0.09451263617089524,-0.0030469083077075392
l0,156,0.04209112555450016,0.010572976167836035,0.005983529157933609
l0,157,0.07053133949972076,0.008017554137993335,0.007195070727425359
l0,158,0.028600685935882157,-0.06953839338552367,0.0018188498811474493
l0,159,-0.016549005199933103,-0.15155418616539318,-0.0071129331573315975
l0,160,0.010780951232145945,-0.10999861928186408,0.0015414904182803047
l0,161,0.037011041769512115,-0.10613738145890758,0.0030281638600405105
l0,162,0.07526950155526355,0.15103682416354125,-0.00029675364067407377
l0,163,0.016539613798073942,-0.052650591263183694,-0.0010971098117356578
l0,164,0.046551089825218786,-0.049592083908010356,0.002408051742145792
l0,165,0.09019494173177099,0.16430416218192245,0.009187328142790335
l0,166,0.03685933855891033,0.04769495043482017,-0.0017301413119350276
l0,167,-0.001766532200682347,-0.1677614614034481,-0.0015732354562848275
l0,168,0.02524874880008205,-0.08400292671347452,5.2460496494341024e-05
l0,169,0.05333099103985578,0.048410586683236764,0.0037525228694461673
l0,170,0.04105217448825106,0.07267060657164849,-0.00203700705044311
l0,171,0.0326609156651712,0.029770060689613825,0.004711931435874309
l0,172,0.04913198005514313,0.06915058730942195,0.0015479318869866378
l0,173,0.042352010692416474,0.03496357688945488,0.003673985866977012
l0,174,0.03370487729015088,0.03313463073720688,0.005696204768674646
l0,175,0.030967779681124318,-0.04862878281449425,-0.004609289242621368
l0,176,0.06032074257983104,0.12618980422639217,-0.0020161552536562388
l0,177,0.035465681058278166,0.01816795206235726,0.006075076459394217
l0,178,0.01815441131873384,-0.0816468687154368,-0.0027064495092431083
l0,179,0.027977281010131673,-0.02886797512431806,0.001326441829040482
l0,180,0.05951564971561017,0.11356810879824975,-7.699206853006304e-06
l0,181,0.040072188123978954,0.11895240619178049,0.003011181601813397
l0,182,0.01750582796539929,-0.07933013863993858,-0.0024456904659075273
l0,183,0.05398373488096363,0.039340875240814366,0.005480798270906796
l0,184,0.01456938717897548,-0.0666221096578535,-0.0016156531447067371
l0,185,0.0474320963846704,0.04145324284033458,0.004683694634226893
l0,186,0.05313373642180566,0.09180426011790405,-0.001961646741580854
l0,187,0.014234370743063232,-0.10145163221342374,-0.0011912141381059894
l0,188,0.041029984815005076,0.016979091990079076,-0.00036569910523485895
l0,189,0.033950393174176176,-0.041710672118104516,-0.0004032129305449404
l0,190,0.06717634486002294,0.11213409650108074,0.0033301850062839172
l0,191,0.04189192617432935,-0.05368820970704814,0.0011011892881442713
l0,192,0.0032296573151102837,-0.07492554476657486,0.002425676227775272
l0,193,0.04025525141505336,-0.07722490299584951,-0.0008459744089772058
l0,194,0.0048970387565610545,-0.2757493453077614,0.0018036360372662983
l0,195,0.05727585732062229,0.06864548175045188,0.007955231069084795
l0,196,0.01276646383256576,-0.03119785659399156,-0.003136975516693231
l0,197,0.03380713208094971,-0.08785930395007967,-0.0014838842922937827
l0,198,0.03845736467165356,0.07024182215822108,0.00025558251443946235
l0,199,0.042104929833446034,0.020624736214160045,0.004827728685317345
l0,200,0.05553003275830182,0.048360797643967446,0.004532860148167844
l0,201,0.02445913462361403,-0.09164245075530261,0.0002131966534968991
l0,202,0.029042705965471274,0.0011796028406338907,-0.0011399318366858379
l0,203,0.004642928866574244,-0.0909700190098191,-0.0010719499891971628
l0,204,0.05578037811347886,0.06042259144239723,0.0035812172081098907
l0,205,0.032644877036209795,-0.034403904907004484,-0.0006951291053852095
l0,206,0.0452857791576336,-0.07411935076668158,0.0008707690443375901
l0,207,0.05623797997995877,0.03593231736885684,0.0047742202052170335
l0,208,0.033395317043171426,-0.07230211724822927,-0.0004814873735092815
l0,209,0.0340911518167588,0.09626686065120175,0.004776376496529893
l0,210,0.03485729749269001,0.0011797934493563145,-0.0019242923406366634
l0,211,0.04753505553407257,-0.014278788372219943,0.003535447132320681
l0,212,0.04648527083084625,-0.009549480338778227,0.0015320016060881314
l0,213,0.008917029448305407,-0.15937722944860355,-0.0023532811851790115
l0,214,0.02461196149770327,-0.08310129802073488,-0.00677813864898136
l0,215,0.012178926254651334,-0.06704072645633745,-0.0014748417834198329
l0,216,0.050970858499776284,-0.012835164194935578,0.002109622026948501
l0,217,0.06990918165047115,0.07205912605450271,0.00507355571887432
l0,218,0.010897736883949249,-0.08875135643383905,0.0015486266502119546
l0,219,-0.008850803547855515,-0.16588301101093278,-0.0013637411276927662
l0,220,0.06163625288796783,0.06557315361636103,0.000590195448754692
l0,221,0.038666906639668326,0.11724069862352204,-0.002129675877521912
l0,222,0.06829519509158616,0.04602088525374172,0.005385728855574637
l0,223,0.04454202079922386,0.11031198968606852,-5.102858124435695e-05
l0,224,0.050189760130862286,-0.028907397478194888,0.005059827673804758
l0,225,0.0651136325048547,0.13293064901822452,-0.004484023876859568
l0,226,0.037304627349294676,-0.043437859725556915,-0.005431811996681354
l0,227,0.05470118060819443,0.015055615796537594,0.00037408298687562763
l0,228,0.038038371323439894,0.0640787064327937,0.0026354084372562795
l0,229,0.016474180370845415,-0.06290074197890039,-0.003341956908620515
l0,230,0.044002975791429144,-0.049269835173172315,0.0017235384961394845
l0,231,0.028683027450720412,-0.08158068608132628,0.004108653001226321
l0,232,0.009434040346311059,-0.11335342102935808,-0.000999045709943005
l0,233,0.01094162664075184,-0.04987448097631088,-0.003624176418031047
l0,234,0.017123535806558364,-0.038170930817768636,0.001685853358261014
l0,235,0.040289873717515766,-0.006226521867270088,-0.0016795965165821933
l0,236,0.03286033430045539,-0.020074817904526088,0.005342340917948157
l0,237,0.0037137575065344115,-0.15920532366832885,-0.006629310589916152
l0,238,0.073866496857241,0.1527464996544546,0.0073531074894258325
l0,239,0.0037350478076470343,-0.09729114021724708,-0.0006784317563980097
l0,240,0.03333790193985804,0.06153720188910236,0.0019150128225314913
l0,241,0.07909240597142206,0.1763217693735611,0.0058987752906748915
l0,242,-0.019832935311868315,-0.21824540786828206,-0.004101776046372347
l0,243,0.05980823924965195,0.09617405400364426,-0.0007512149108059574
l0,244,0.08431647727039024,0.18409072193731435,0.004522805111968283
l0,245,0.06044264428447662,-0.028803454394487053,0.002129465444353192
l0,246,-0.001307512568662723,-0.22000361946520217,-0.006831933413704793
l0,247,0.04928603663793792,0.03953153906083355,-0.0030951569777363727
l0,248,0.04589408332325541,-0.012452553791288595,0.008541559655510865
l0,249,0.07831477602629636,0.08414512767174,0.009445091512070418
l0,250,0.036586044272994236,-0.03362927966658273,0.0034102285803672113
l0,251,0.025023749375711276,-0.06998175333729416,0.0006821281719089228
l0,252,0.018021722623638412,-0.04693341995231841,0.0011259215334133098
l0,253,0.04457936501078835,-0.041451779378752926,0.0006370006481097877
l0,254,0.007151288424336716,-0.06256218748525941,-0.0028267042809088077
l0,255,0.040462285661784274,-0.0733749218141585,0.0001811073085618549
l0,256,0.035970706773248186,-0.07112742425290819,-0.0035128242588026975
l0,257,0.05558656944353626,0.031111048479242412,0.004181617884785796
l0,258,-0.007618855836200785,-0.12706675769799813,-0.004269168944309326
l0,259,0.06948595194264073,0.1203765128987935,0.002415945487760857
l0,260,0.07633575920643382,0.126572298074671,0.008210604830510088
l0,261,0.04015737298332817,-0.09288808720969678,0.003172474584715446
l0,262,0.009459662768643297,-0.11623878104611843,-0.0004973412478800918
l0,263,0.015040299550214634,-0.07732225653934086,-0.00200982226914931
l0,264,0.07021060383400153,0.13882190490551263,0.002161459616922869
l0,265,0.05563542390507635,0.019484157988178777,0.00045388977566233603
l0,266,0.05286624562700572,-0.005210581953176405,0.006310048009432962
l0,267,-0.0028348572464040236,-0.14263151865316054,0.00030586723226871905
l0,268,-0.0023550466140672584,-0.15342926438943646,-0.004964420023834831
l0,269,0.04232666061200982,-0.09794956079678624,0.0034935022588172375
l0,270,0.06788869557692637,0.04441306868166557,-0.0001780903457678834
l0,271,0.014021649699997927,-0.11715625615555068,-0.004877673113626053
l0,272,0.03472754328963296,-0.0167005965468247,-0.0007619091818272662
l0,273,0.0713949836015758,0.06476934527417538,0.008380168021449799
l0,274,0.04070833767385425,-0.013247396641005105,-0.0008818347383006036
l0,275,0.021345916428620243,-0.1089879215692141,-0.002154848071559786
l0,276,0.010531851696407687,-0.12463819331771124,-0.002313349068738017
l0,277,0.023470088440206757,-0.05357327873672612,-0.0011496006773277845
l0,278,0.03629845953479674,-0.07762294629038123,0.00663791541123496
l0,279,0.06163712609380183,-0.03631746042313444,0.0027933624502039433
l0,280,0.032328488451533625,-0.06770219530003553,-0.001389780076408458
l0,281,0.043310248004722766,0.024625570863218427,-0.00018257293089368287
l0,282,0.014376365795200298,-0.13416470769707062,0.0010047566203882302
l0,283,0.00914432125052501,0.013404960296423199,0.003769790210737642
l0,284,0.04525010156235554,0.01528691511741552,-0.002553299098938186
l0,285,0.05987476531929813,-0.008870642679764618,0.00461143241311787
l0,286,0.04051161068810925,0.0168744211379947,0.005320122920467908
l0,287,0.016385929529554737,-0.12337498441232012,-0.004413639225855096
l0,288,0.05207966057192515,0.07237594043872633,0.0018213257258470033
l0,289,0.036484034697565275,-0.0348698584784741,-0.005104790924389179
l0,290,0.007291749269012404,-0.13041098191582995,0.0025415484791581583
l0,291,-0.0013840559678165512,-0.123573667418387,-0.001181105466884637
l0,292,0.049645256158303105,0.08316009243848363,-0.0011847465239320056
l0,293,0.012431494174844316,-0.04919779508945847,0.004597635553047229
l0,294,0.04962997353665376,-0.0015297966141082434,0.005432120011943929
l0,295,0.01554491943145408,-0.011715809299214397,-0.0008975839867502312
l0,296,0.0020082606015257524,-0.11689161846024154,0.0010276485991745088
l0,297,0.022272257116422965,-0.05504117505119072,-9.691674200270131e-05
l0,298,0.03826402138556384,-0.07091846049625602,3.025518702526645e-05
l0,299,0.0459154807724877,-0.05084635444920622,-0.0005290102205873844
l0,300,0.07315048700233688,0.05398675484138457,-0.002039079267995114
l0,301,-0.011785678298110254,-0.19601028862144443,-0.0036872657691617555
l0,302,0.07868220313035051,0.12100131666603373,0.003937188166756896
l0,303,0.028448567458499358,-0.057434393980849374,0.0031622846882350406
l0,304,0.06643917715715789,0.1012096044736849,0.0041306210810712
l0,305,0.03429130125588214,0.0021821126873300956,0.0002969491488843143
l0,306,0.012201473888724123,-0.17385181181843745,-0.0005021935551331178
l0,307,0.042329414184495866,0.05591054890566319,-0.0012326747125835991
l0,308,0.026192709061547886,-0.09765989076822455,1.2974359021768818e-05
l0,309,0.022887645577838452,-0.0773122964756811,-0.001946281544252322
l0,310,0.05532127068556365,0.06788450530413373,0.004015694963925247
l0,311,0.012393187539001073,-0.1186526134672384,-0.007792768571121782
l0,312,0.0010158816492192857,-0.10763530024108119,-0.0012142966951210353
l0,313,0.04896060862431958,0.03352955518211493,0.0002692480274895503
l0,314,0.013286887962017857,-0.06951759731927458,-0.004180203031864914
l0,315,0.03252618423576112,-0.001122384723416213,0.0017789238044416383
l0,316,0.05609835512365754,0.015617761245151851,0.009189822797559484
l0,317,0.026120193497969162,-0.12562391553968658,0.0025509601722596698
l0,318,0.0722641865040728,0.04552539374228584,0.0077472295205945904
l0,319,0.03501935105019176,-0.04954972926137523,0.0004037144024804368
l0,320,0.04620991636400479,0.044870670857950025,-0.0006027963845938939
l0,321,0.06407074326098089,0.0404999130875017,-0.0004780680231853266
l0,322,0.048044458932966515,0.013218456358802581,-0.000996644645329681
l0,323,0.10302064583653701,0.13480039665605834,0.0065916424409524915
l0,324,-0.003870393980890806,-0.14739470783644282,-0.0006071980116014893
l0,325,0.06399647342637822,0.1498066748691638,0.0044176850555379
l0,326,0.040608264051633196,0.0007761830533580399,0.0032521987625181836
l0,327,0.07957733946226239,0.11731357646983973,0.00377362864534957
l0,328,0.05699008194600465,0.05519468047942388,4.6538477912117914e-05
l0,329,0.05721262956876235,0.03840517027237096,0.003814294871292193
l0,330,0.05429163738698298,-0.03302168602634614,0.005017432375779085
l0,331,0.02246726335886994,-0.05851030747164973,-0.004694502712263355
l0,332,0.01057992819997982,-0.12990697574735996,0.000606800915490353
l0,333,0.0351309205492582,-0.02916503212932238,0.004566782095965464
l0,334,0.0392462830291821,-0.03410058486373878,-0.000856722140546605
l0,335,0.03280127522578277,-0.07668715647363444,-0.0020944999970193712
l0,336,0.01769813070935168,-0.06257446542980596,-0.003543182055822872
l0,337,0.01114432016971903,-0.07355737100722859,-0.0033536335190013653
l0,338,-0.04146091194726654,-0.304495818386656,-7.085521973423763e-05
l0,339,0.030573615936374147,-0.07221824195774419,-0.002697622869727586
l0,340,0.058946943592482,0.037241292901013676,0.006146267588160984
l0,341,0.03646418257978176,0.00041209925765438304,-0.0002509373018296354
l0,342,0.05326002357760998,0.1061548898292814,0.0034644110623028943
l0,343,0.043125418049493866,-0.01373294966094156,0.00357373067746386
l0,344,0.07346696766633062,0.06663589887154397,0.004711411568945432
l0,345,0.056441977993949066,0.010352551782521133,-0.00028083718705994667
l0,346,0.0366159530106063,-0.13979713462421905,0.0017671167583306257
l0,347,0.04973887929574866,0.035456386241586056,0.0002418568979435724
l0,348,0.02658690392520683,-0.01356166441619007,-0.0004026547323365498
l0,349,0.0664786098529457,0.08814248677618061,0.004387219201941682
l0,350,0.055336739286262523,0.01575026997868209,0.0016230548305261724
l0,351,0.07629303604670516,0.08513969965826226,0.0031568959478971
l0,352,0.05727767125798587,-0.006346754753474855,0.0032987103972648797
l0,353,0.0051255822637656535,-0.14179277053370068,-0.00362836820855811
l0,354,0.05270542708819664,-0.00483222175346211,-0.0014071618512634793
l0,355,1.8991755148764153e-05,-0.1516846114434786,-0.0042448422209003835
l0,356,0.03963087295857224,-0.03570562871958406,-0.0032682475882779664
l0,357,0.05107904127980919,-0.01195870559559524,0.0017951835612645165
l0,358,0.005080416520089625,-0.08099207239690277,0.0007565361331730846
l0,359,0.024143142056466005,-0.13616677011059675,0.0011460267973765178
l0,360,0.03609796413137704,-0.0318628784489393,-0.00047848187660033616
l0,361,0.03336700815638296,0.011695952753744673,-0.0008211972346815713
l0,362,0.026563974776831544,-0.13952704488654905,0.00027770376697046286
l0,363,0.011324725628120497,-0.10703862227815983,-0.0015501924834382538
l0,364,0.003726846182020571,-0.13739290244808844,4.1601757228843916e-05
l0,365,0.026158740400270927,-0.06263382002012582,-0.0045944021088347295
l0,366,-0.008988487162883408,-0.20543305758981845,-0.004450947846996249
l0,367,0.004190538600944309,-0.08696154626985636,-0.005157328122201061
l0,368,0.04222629288693919,-0.06121191439883704,0.004326859567303036
l0,369,0.05886075576813813,0.11848741185252602,-0.002903061479422344
l0,370,0.05140221645454972,-0.022456303970507935,0.003305240351213117
l0,371,0.023434526402921447,-0.1187648157769189,-0.00046753545011411703
l0,372,-0.004121220778272727,-0.0885801925283543,-0.005637875287031117
l0,373,0.05463351941985662,0.033850599742889294,0.007024059149912554
l0,374,0.050743512514280845,0.11017644280837835,0.005569329792516972
l0,375,0.021959970972625885,-0.06112486083917042,0.003335883867315561
l0,376,0.10842437452475669,0.2464947087554206,0.005452822138205389
l0,377,0.020260351583240434,-0.06196047962691057,-0.000980736220912361
l0,378,0.015194900616603363,-0.04164621947352263,0.002225818759509714
l0,379,0.10172284031964854,0.1994908204177028,0.008972874166319367
l0,380,0.07215051390586678,0.14447156971492311,0.007293599677759867
l0,381,0.040815950005067034,0.018698078269787977,0.0017753638885423296
l0,382,0.032120032079262756,-0.18119377532832148,-0.00011625118390398031
l0,383,0.0393935990867081,-0.07747610021595693,0.004593858515837246
l0,384,0.051799398967826774,0.10954357370684756,-0.003575789967709555
l0,385,0.04308120227496975,-0.015130990426467983,0.0028649432813643095
l0,386,0.025254265462743224,-0.08869536002399382,-0.003682518308423817
l0,387,0.04324686795175518,0.013421226080598786,0.0037781060372233345
l0,388,0.04266755127320141,-0.05870201797465556,0.0065473955291259715
l0,389,0.06462919997918672,0.10527911044882773,0.001964486985171266
l0,390,0.021308144299389986,-0.03012574408355355,0.001394097395563765
l0,391,0.059535513953855146,0.08611637530619896,0.0035787906350121705
l0,392,0.03208353616313548,-0.04977680335566559,-0.005330101312011202
l0,393,0.011061181388301415,-0.08458145344009595,-0.0008611095777116566
l0,394,0.03349128751242555,0.04338620257577236,0.00020342385296243787
l0,395,0.023176027859956354,-0.12488743799724877,0.005291504197749962
l0,396,0.11378095644490764,0.24970371755786178,0.00787277279503773
l0,397,0.05205589584230381,0.07026294428740007,0.006084225766125098
l0,398,0.05015908522951258,0.04623245259004451,0.00031492319945324206
l0,399,-0.005256622088048328,-0.17510311813099572,-0.0003971369630879399
l0,400,0.029145029357240962,0.0417133304256108,-0.0001584440356974311
l0,401,0.06079204981808449,0.030648007867055765,0.0008204145837530036
l0,402,0.038456139880504836,0.07758773889254827,-0.00024008168447152054
l0,403,-0.0024230224827530983,-0.11638928560946996,0.0005247569361275326
l0,404,0.03879379123189785,0.008512088045260248,0.0003014293966107707
l0,405,0.033887215741310636,-0.06073524409206771,0.0031643083748724
l0,406,0.07299033353883366,0.022179053101854834,0.003361857858787425
l0,407,0.028362960978695687,-0.09123173838050179,0.002534416697516785
l0,408,0.050909185085400654,-0.019517891228871737,0.0015174419870280834
l0,409,0.0841877248260379,0.050764456718894395,0.006764784360633352
l0,410,0.06324507060922574,0.11689757059328092,0.008270009677099547
l0,411,0.003101026931311419,-0.15265427053990932,-0.0021092666511416816
l0,412,0.011946596108207468,-0.021347887581069938,-0.0064936259872677565
l0,413,0.007400803486182659,-0.17704451792827633,-0.006207481361308264
l0,414,0.06149266992128158,0.03370530224796421,-0.0010559249766887036
l0,415,0.0479692357939446,-0.01022635206471266,0.004683514260192809
l0,416,0.006420998794994838,-0.10488235525365175,7.810380211090736e-05
l0,417,0.04351981509365147,-0.020982397862990165,-0.003493482542866521
l0,418,0.06956166951162408,0.0918108828294292,0.0013667736644768869
l0,419,0.08837536204626861,0.15035639618659305,0.002493078352135684
l0,420,0.03797294003764284,-0.01684806186247389,-0.004045674560945215
l0,421,0.049689093092934726,-0.030934497989274397,0.004323558993249004
l0,422,0.031809258545548245,-0.00904617890728713,2.1391537828658724e-05
l0,423,0.030582810704802683,-0.029144610241868617,-0.002264690224882411
l0,424,-0.0032754708787939906,-0.14023465921166628,-0.005528073527742243
l0,425,0.07766520463586789,0.04429507749094778,0.0067034582792423
l0,426,0.027210192618658823,-0.08474709419226319,0.0009932586459333696
l0,427,0.05826623271740281,-0.01067052919050146,0.00228290025731816
l0,428,0.020018211893181245,-0.026179494140654208,0.0037831719882784765
l0,429,0.040728127490051745,-0.008879493893025843,0.0018937253467363802
l0,430,0.04227398481139247,0.03496741130439415,0.0021163380587611007
l0,431,0.030542753128398596,0.022465821409064286,0.0024783379609983978
l0,432,0.062351965133167014,0.06548287802501998,0.0042597082908876404
l0,433,0.05111181919404406,-0.016227256751495923,0.0009309457874820163
l0,434,0.0516545828929499,-0.030617268415437472,0.004103942937118974
l0,435,0.06999805035460019,0.13925280793784614,-0.0008873492875797657
l0,436,0.09751319921135308,0.11478226057404903,0.007842458614723375
l0,437,0.05441217503869107,0.0230649165864414,-0.0034645116429579074
l0,438,0.047121809486507106,-0.015130605911038902,0.004723988277451352
l0,439,0.04420518016596044,-0.035778089080639154,0.002981773267448036
l0,440,0.07517055990776786,0.18732697932073197,0.008298087408797599
l0,441,0.08968618453404135,0.1921655980777042,0.00860095743509873
l0,442,0.01435160447032512,-0.07657547916783385,0.0010486348568071143
l0,443,0.044755396332331984,-0.02497991161968064,0.0018678845779764822
l0,444,0.05869847271931044,0.070987567721203,0.004781457134596659
l0,445,-0.006193180132529959,-0.15463338661256176,-0.0003250826711895412
l0,446,0.0064168303128618685,-0.11133884469265534,-0.003064605926451176
l0,447,0.038653833906422484,-0.04893766580188724,0.0013285470463462114
l0,448,0.06143238955661497,0.042006531927315564,0.002346339554927128
l0,449,0.031115338762014704,-0.05705881449613435,0.000549604130417663
l0,450,0.053990109733191,0.04180224349765477,0.0028952126879352768
l0,451,0.013110529607143382,-0.17090835397373583,-0.003992861510007998
l0,452,0.05913021759855838,0.05138007453590097,0.0032749466739061765
l0,453,0.013011523967527333,-0.21928192054748327,-0.001596151348149886
l0,454,0.016778084366945445,-0.16377598631361473,0.0028795616876437294
l0,455,0.027703355588042676,-0.03657695601748823,-0.0007856359024358535
l0,456,0.034964117449829996,-0.03432864745399445,0.0005603840353293954
l0,457,0.07144274791822981,0.1325237059709333,0.00655400152494884
l0,458,0.08228791377043422,0.19650705508724275,0.004914802882745248
l0,459,0.0037604751756035843,-0.10686801439500467,-0.0017249900618745981
l0,460,0.08213794753036843,0.04488873598251391,0.0020667851698423006
l0,461,0.02515509577104798,-0.18345186094909405,0.0029162551326758716
l0,462,0.10151194371293347,0.2537245545239001,0.00372882706958208
l0,463,0.007282733844305099,-0.12661770069277414,-0.0012269812391647497
l0,464,0.08738247985059776,0.15154893752696894,0.004639007766245524
l0,465,0.06633470282116788,0.1917657030244904,0.003853238228889
l0,466,0.026275146536434143,-0.08061221516311057,0.004275211616446847
l0,467,-0.019061354606015466,-0.22760449946194966,-0.0016302735967855385
l0,468,0.048687713115370804,-0.011102437535927254,0.0007047346181619765
l0,469,0.030428325906735068,-0.02869929140500637,0.0014776584227900193
l0,470,0.031955547491750357,-0.09345601032698442,-0.002708214413239423
l0,471,-0.012144033179032317,-0.10567998847421646,-0.006910663323430733
l0,472,0.09731537549043383,0.22855478480206864,0.0057250719606808725
l0,473,0.045466934045193565,0.006655084078253673,-0.0007239986211902535
l0,474,0.028056381140015803,-0.17877197198828415,0.0028058862623303637
l0,475,0.020947433844938208,-0.1287667989385291,-0.003501203195262757
l0,476,-0.0002338721035281474,-0.2087385567682093,0.0013081713049767302
l0,477,0.06835913768168264,0.12404431369700529,0.0024587374164607148
l0,478,-0.016751283961180703,-0.06898570526051659,-0.005186389404010151
l0,479,0.017419531345608925,-0.10347189338909005,-0.0010459727999213488
l0,480,0.004839651104133492,-0.015587587856007515,-0.004047175489183678
l0,481,0.04566795825840999,0.05040075671551906,0.0018636481081008825
l0,482,0.021586244955606286,-0.07202677047075862,-0.001425149979821025
l0,483,0.05673542454054793,0.07439997559500071,0.006685233706313737
l0,484,-0.006110424971566559,-0.09088255540559557,-0.0009316700576358836
l0,485,0.03092888357395919,0.023633593962393118,0.004257342664827307
l0,486,0.06624966657336427,0.17750405062524421,-0.0036226073436471176
l0,487,-0.004165908663280041,-0.053752884759603686,-0.0039913553037002805
l0,488,0.026971868042385407,-0.011196318310419083,0.002875691913639917
l0,489,0.03879941292473797,0.004071522722882616,-0.004132290934195114
l0,490,0.0626333592676654,0.026571329676061163,-0.0001651017435472088
l0,491,-0.0013244246070576297,-0.13108642941356247,-0.006408943329186026
l0,492,0.07621791187445162,0.029471531830819832,0.0004471132574477069
l0,493,0.05609684921133572,0.03209019002638974,0.003193969907711757
l0,494,0.034250793117300796,0.02659242831462913,0.001035108860325
l0,495,0.06335758879497427,0.05262076689277953,0.0051386866738634615
l0,496,-0.024074761165280095,-0.17163566832887514,-0.0027577474405497326
l0,497,0.048367449775530674,0.06666661696898787,-0.0002812624322125329
l0,498,0.058512750689835386,0.08341566430934198,0.003272998791802739
l0,499,0.013888108720495245,-0.13601499207890802,-0.0016203521975597225
l0,500,0.037502437549426226,-0.020616474635930346,0.005422257950792906
l0,501,0.0719583784338874,0.07817216279647854,0.006231273090238374
l0,502,0.033345119884294866,0.04549830332158632,0.0012115135609583442
l0,503,0.024313629449412642,-0.10483872201941158,-0.0004090071734396052
l0,504,0.03655353014153015,0.00944473648945822,-0.003328497981383331
l0,505,0.017761587149960407,-0.05905913604446632,0.00047482521389079495
l0,506,-0.018311559661961345,-0.08936153893388338,-0.002078038642860728
l0,507,0.03242759113877857,-0.06024548979229685,0.0009773402900975759
l0,508,0.02158568110382445,-0.05582454755640093,0.0009580495967528341
l0,509,-0.0016611533819820084,-0.06676234543583046,0.002027255926357714
l0,510,0.05969769758082257,0.04473548901876405,0.0027114464422755918
l0,511,0.050277571719012794,0.0035603591304580115,0.0018623251191240175
l0,512,0.028934994051288437,-0.013736574563523021,0.00550974772052635
l0,513,0.02667660973315455,-0.025819869703140416,-0.003192950194740728
l0,514,0.025749637424274986,0.05259836170523244,0.0047546394461932505
l0,515,0.023202429519838072,-0.03193784315961648,-0.002473650462361085
l0,516,0.0350931419564352,-0.03788703418908949,-0.0032184233302124656
l0,517,0.048099880744771534,0.03637517208343813,0.002955954804970625
l0,518,0.037268977422954847,0.002291142987203426,0.002794187370028821
l0,519,0.05678860060118026,0.015742934710237425,0.0022295526127296176
l0,520,0.03617835546023534,-0.036993320211422195,3.615886239798126e-05
l0,521,0.04715429844046011,0.05672843675473836,0.005567957378689153
l0,522,0.08204443562444115,0.21740167698232202,0.003462664808874162
l0,523,0.03660635818901632,0.08416217142457848,0.0028793390811430834
l0,524,0.03355524769056434,-0.0030611862139330107,-0.002382071768173741
l0,525,0.016044534656640477,-0.04823138952858627,-0.003478510847872004
l0,526,0.037186719046208586,0.0020395733623579243,0.0031710729916602674
l0,527,0.026405292824700916,-0.08465747462173712,0.0008304555245650233
l0,528,0.03814251689370673,0.005737976346343619,0.005470183014652663
l0,529,0.039253837788062164,-0.04320901012308241,-0.001523232968931318
l0,530,0.02809857925987632,-0.16170276876511372,0.002998787606955827
l0,531,0.03633770272238431,-0.10171086995847561,0.00607052282554806
l0,532,0.0634762650979961,0.10897005030092613,0.0038618233700886155
l0,533,0.06822379384769596,0.0747579686778923,0.004834549308138008
l0,534,0.024680571148383526,0.003445017037162497,0.0001568283680852678
l0,535,-0.005682293021588649,-0.10430984454935205,8.769254064431437e-06
l0,536,0.07178424418095733,0.02188922535260912,0.0035078520868346945
l0,537,0.03657757824839995,0.06393792067040228,0.006229846036063743
l0,538,0.06381007527887061,0.08865596293421979,0.0040085870848236595
l0,539,0.03903265808882553,-0.011548122253866568,-0.0020641577025788957
l0,540,0.004497082150659761,-0.14656778987139135,0.0006404313988643238
l0,541,0.02520815149978742,-0.11914475612533681,-0.00043225418234374923
l0,542,0.059669544076139946,0.09047783136200253,-0.00028374847834863296
l0,543,0.09239455942245776,0.21494964588458923,0.0033416769893587998
l0,544,0.05156177132419302,0.09473651291539954,-0.0012952167354624907
l0,545,0.04828213660420387,-0.03521818842777089,0.004584881227582333
l0,546,0.02283989634394592,-0.011041832724740151,-0.00018341314035888521
l0,547,0.025243424669110698,-0.0666425270557851,-0.0010118382843278533
l0,548,0.02101697667870401,-0.04722170751036667,-0.0051585527078583365
l0,549,0.0836863826379405,0.11283125663729937,0.0006783165368353311
l0,550,0.004281723706426298,-0.08707705029862575,-0.004636616062862524
l0,551,0.02425737392061674,-0.05588299931239289,-0.0008343807733591378
l0,552,-0.0035958708832782944,-0.1702309026090222,0.0018503618409673548
l0,553,0.05605402888830764,0.09605521553286189,0.005720778332803418
l0,554,0.04081101099756186,-0.01712674048952309,-0.00170785539496298
l0,555,0.011013971386925314,-0.04268891335028781,-0.002059370388281934
l0,556,0.02560998359374536,-0.026887778623255074,0.0002946499101542416
l0,557,0.046035828012023966,-0.08631773914760683,0.005189052119465534
l0,558,0.016037140443290132,-0.08009554508088443,0.0013843686923940943
l0,559,0.024822234669864232,-0.06651107530626284,0.0007730017102915287
l0,560,0.037537840441677656,-0.01234322944686228,-0.00012150822771976404
l0,561,-0.021554005176546195,-0.2585340940733897,-0.004285370997075752
l0,562,0.025365033426360886,0.023764617307356822,0.0024257883201437474
l0,563,0.05567546069372178,0.10365694923536573,0.006737324438690181
l0,564,0.02378404550626353,-0.08039251120403434,0.001114535198004224
l0,565,0.004513101564061607,-0.19594981101315193,-0.004522041570267244
l0,566,0.05550371054590197,0.008104331747621846,0.004107355450574197
l0,567,0.06140816340781511,0.059557391775956314,0.0058183015296602745
l0,568,0.06858514209027844,0.09404289150347359,0.007822920704653593
l0,569,0.07180616387094138,0.09703823282844075,0.008706550276146746
l0,570,0.04312150548624495,-0.010716742433579965,-0.0028505886731213558
l0,571,0.0612418245356134,0.05915466267369053,-9.678707679452905e-05
l0,572,0.029785246278152988,-0.06783617696176628,-0.0028174301172457176
l0,573,0.06805016637436362,0.10018668882240724,0.002820756042775036
l0,574,0.0799349905726783,0.19266163815765783,0.008044289289765284
l0,575,0.0401625484724338,0.004796893340109881,0.003709981919842435
l0,576,0.03940541589133208,0.01462683938351228,0.0026927439949187186
l0,577,0.0053945233659935116,-0.093117575938557,-0.0024905898831590724
l0,578,0.036235777907920076,-0.020345168563428467,0.002467787110015012
l0,579,0.03227780197550638,-0.03858619374205734,0.0024314125618140944
l0,580,0.013270180119172068,-0.09092353360078456,-0.005453312385966195
l0,581,0.02325130557048557,-0.061856537503150795,-0.002680869011092233
l0,582,0.04980121449892694,-0.0066363193172429,0.0050323881383501304
l0,583,0.04581610749457257,0.03774713998578067,9.451327158535843e-05
l0,584,0.020431548050733477,-0.03359470067094933,-0.002554303823037763
l0,585,0.012102179121085913,-0.11617761720800601,-0.001804773464600835
l0,586,0.023980904826249535,-0.027911008621813255,0.0004762004101137535
l0,587,0.02937072855691274,0.05296028001401397,-0.003248884284750178
l0,588,0.024136124180877908,-0.0980188467922404,0.005692898961860752
l0,589,0.03138573381837147,-0.010764868090919533,-0.002599586550838023
l0,590,0.0010424099011146146,-0.10757535591426222,-0.005049521369400508
l0,591,0.03590492265052146,-0.035408198445611765,-0.0016722857501784195
l0,592,0.05099393684265485,0.04967937620429541,-0.00040587366887428816
l0,593,0.04329552634681616,0.03644639059851133,0.00437728771336621
l0,594,-0.009383161964054858,-0.14499640164786362,-0.0007193283955000754
l0,595,0.09892341869904832,0.172723085428431,0.008605930953698477
l0,596,0.034492397282648204,-0.051946654089761735,0.004901039198891032
l0,597,0.04698790993044715,0.07106727838996896,0.002546057493899855
l0,598,0.05319387243797087,0.09547937393647482,0.00236751306366525
l0,599,0.03937176809924359,0.047062082747657656,0.0016101211926736864
l0,600,0.04348891428427248,0.06628849453372795,0.004136942326442904
l0,601,0.08746546379890414,0.19211391185129992,0.0029716712653373055
l0,602,-0.017001681141372394,-0.23963072172373084,0.0012587165238317232
l0,603,0.05448205058459132,0.10432830398304152,-0.000998584153971742
l0,604,0.05808915945765632,-0.022653735857385733,0.005243578120832309
l0,605,-0.00033569086631408344,-0.1823024505125068,-0.0007941181660894372
l0,606,0.06679765718696869,0.019641647442374108,0.004616390288690899
l0,607,0.04346591726763801,0.019518418663712372,-0.0018683126205111678
l0,608,0.050105605373376244,0.029669780422234858,-0.00011945660021108568
l0,609,0.025256603045989902,0.013892401821412693,0.0028654953367582923
l0,610,0.0292504567262635,0.03575811502056654,0.0041607517366722855
l0,611,0.061302779013434054,0.04270141172859436,0.008720538123448246
l0,612,0.056171698037143725,-0.019587467379142146,0.00502664630968236
l0,613,0.0007045594147830911,-0.1607126296072132,-0.003508446753130767
l0,614,0.020610394895503634,-0.002148634017359846,-0.002468568903237961
l0,615,0.060983696818745034,0.15216977423676176,0.004242971168929264
l0,616,0.03794592959676109,-0.06081412015967979,0.0013220185191860413
l0,617,0.017775309377683055,-0.12052161045073675,-0.004295906861814607
l0,618,0.06581741461759759,0.1543624670050735,0.004738650703004683
l0,619,-0.00444755025350996,-0.13254896642540495,-0.002248523526732383
l0,620,0.05557974896427794,0.09746238207516036,0.0008039589963554055
l0,621,0.06509673994500736,0.07340452679252402,0.00018023736686904792
l0,622,0.03392362633824212,-0.06912061835527303,-0.0017796340589666447
l0,623,0.027465116125511137,0.013757607996803305,-0.0008874634225664558
l0,624,0.048404060489816145,-0.0397329791020125,0.0006852539553460831
l0,625,0.04275248568515441,0.013201854030844284,-0.0038684670929860273
l0,626,0.06758023657812394,0.010508249844890703,0.0023941173884222495
l0,627,0.03080338146472872,-0.035181130452560244,-0.004746476739291711
l0,628,0.018208958586135617,-0.12251281139313631,0.0032972651792295693
l0,629,0.06397600323667958,0.047759777674872536,0.005508813826311079
l0,630,0.06659972647612517,0.1540643014312891,0.00018417627281363917
l0,631,-0.02535714104029756,-0.24698617849325213,-0.008812645416765694
l0,632,0.05518462101550246,0.1209365014126974,0.003887297045261316
l0,633,0.011819599395113239,0.0006381355025514429,-0.002297074860222535
l0,634,0.04281697568403837,0.11420868815394426,0.000755478895865306
l0,635,0.044519716032352344,0.05142825088672491,0.0023732747250531675
l0,636,0.023798283525172458,-0.12594665035814087,0.0009751417738826358
l0,637,0.04110336815953924,0.0002167388716751914,-0.001145813434048964
l0,638,0.0578851162244272,0.0033437502406782407,0.006469407343852988
l0,639,0.020665658072738173,-0.08446733679423808,0.0018734088485792132
l0,640,0.03523952890251488,0.0018492755056856436,-0.0019123077126559126
l0,641,0.01343013100105711,0.020812550657691418,-0.0024826432646480783
l0,642,0.046184081746492966,0.08626902964141676,0.0031453942083997204
l0,643,0.019639178084778174,-0.05177219665870962,-0.0006843062314433395
l0,644,0.01572950995286516,-0.0655037391346957,-0.0022691866275177924
l0,645,0.07564066442833174,0.04459773077133652,0.007918038451460161
l0,646,0.044660248463798576,-0.06397104879736118,0.008087435028049055
l0,647,0.0651026801699358,0.08504919824355699,0.008089479497053019
l0,648,0.001626120433560847,-0.11982925703291344,-0.004983606279827917
l0,649,0.05756319774414554,0.1389196213491286,0.004829881504129825
l0,650,0.01216926571658513,-0.0810781269640763,-0.0008688744905030127
l0,651,0.025308499345776368,0.005340132047662795,-3.905209192517096e-05
l0,652,0.06068605059598371,0.0786581892532156,0.0035564647798061967
l0,653,0.018449968355163642,-0.11780268362503932,0.0029948773483174347
l0,654,0.0013976345411869026,-0.014891634166115844,6.521110261342028e-05
l0,655,0.03840862925590093,0.052455406458174196,0.0034300636121020476
l0,656,0.08261284034472646,0.21591857947653859,7.601703453861486e-05
l0,657,0.02270265777787492,-0.04569359341865747,0.0014183115430899818
l0,658,0.04207824509839471,0.032638598694576526,0.007404612377031834
l0,659,0.09482059807381683,0.12132945830979489,0.010895538109931813
l0,660,0.04058961131642516,0.001194917524966893,0.005101483050553915
l0,661,0.08447998771010092,0.15875184241112655,0.007331086061303635
l0,662,0.022518444570552625,-0.033824290606391465,3.395832119977549e-05
l0,663,0.020472526089533833,-0.04132563924293972,-0.00351489348818217
l0,664,0.0272715739716175,-0.08486374106776792,-0.0012554777043692186
l0,665,0.009194322244170114,-0.2151827220400612,-0.0010356715676668384
l0,666,0.07751591462073118,0.0202665141590892,0.008197452443033607
l0,667,0.02579188767014133,0.05915011459237361,0.003017631113562103
l0,668,0.04379028120169024,0.06272273664015071,-0.002258689355720496
l0,669,0.025580033392153933,0.035253800065249266,0.002193572216682556
l0,670,0.05887373176728348,0.009212170918627235,0.007596907328244352
l0,671,0.01578387158770216,-0.018437821980891313,-0.0008030614440632325
l0,672,0.014983908087787687,-0.08479178920180688,0.00034342549921000044
l0,673,0.04438366790858574,-0.05536354877875786,-0.0027688057927452644
l0,674,0.08886304878204931,0.11610442643459748,0.0012784789371638535
l0,675,0.018865423537622994,-0.06345248299278579,-0.003380645060371246
l0,676,0.06477690106847789,0.056723100320260775,0.004771734246882203
l0,677,0.04365077251195164,0.06622083618375062,0.00018745003835028175
l0,678,0.005144445757994548,-0.13662408078382582,-0.007434539158435434
l0,679,0.07321349857913191,0.07218715125928343,0.006177292056453765
l0,680,0.06001555711595608,0.06977599834391611,0.0014839267204843668
l0,681,0.02613566968604053,-0.08498876326260987,-0.00015291609677680826
l0,682,0.045458699290615225,0.11052185273362553,-0.001165193965548614
l0,683,0.040758741840283115,-0.01304693024413784,-0.0017074285684099755
l0,684,0.016180393355100995,-0.13398594537303327,0.001588589038701646
l0,685,0.030753957093114292,-0.04333627149361774,-0.0017565882782167792
l0,686,0.06627732945747958,0.15617027040525405,0.004378572737388221
l0,687,0.11204788066966112,0.26743861355693077,0.008404020024892662
l0,688,0.10221067951355055,0.1850563962500931,0.00919705407467781
l0,689,0.06574391702965544,0.04679854486647951,0.0029941937165935077
l0,690,0.03831020381327785,-0.040265477704087255,-0.0032512021445485987
l0,691,0.046812393704056224,-0.08540524631720492,-0.001137983920574644
l0,692,0.042879327412972464,0.07512700054711918,0.005392555888786973
l0,693,0.026084069809589754,-0.006203240299789317,-0.001514612709134809
l0,694,0.023512080203796012,-0.033854900123552786,-0.0007975488808172485
l0,695,-0.00800626507977132,-0.15228108536890386,-0.0020010338857720774
l0,696,0.04145648771518957,-0.07092324945110297,0.004342550083745146
l0,697,0.032101958220386945,-0.017140230638453186,0.0032995840382671884
l0,698,0.004951377954300614,-0.04685896966376324,-0.003971623833742581
l0,699,0.0155931087772017,-0.03388229798715901,-0.001309101452766518
l0,700,0.046122942318709156,0.05948806267197052,-0.00032383922712092756
l0,701,0.06571319610846452,0.05670406280490908,0.000977427460125138
l0,702,0.06025674768607283,0.04828954900412724,0.0014837919927009572
l0,703,0.01803945528582891,-0.19454908633770596,-0.0043095079788425025
l0,704,0.05160938125929727,-0.007275418081512726,0.0026738518068812975
l0,705,0.007890606531289339,-0.11465180161022526,0.0006662004925543681
l0,706,0.026569692529496453,-0.00028617807496933434,-0.005071758048295525
l0,707,0.03273172750988773,0.04988221647736352,-0.0020847221922248808
l0,708,0.031980137825867186,0.028381566241619693,-0.0017820742568796153
l0,709,-0.013873790463569562,-0.132459920387836,-0.004634783183773469
l0,710,0.08617742441401739,0.20321763556355704,-0.0016183556599825273
l0,711,0.0544696793616186,0.0035887314116310395,-0.0012430662075835544
l0,712,0.06011943101153028,0.01494991185610587,0.006066252505725651
l0,713,0.004976474533866776,-0.11778097057338534,-0.005426698540982938
l0,714,0.060723878498231104,0.052921889917528026,0.004326618315791991
l0,715,0.08844099442134033,0.12402160320746813,0.004633253887060321
l0,716,0.034572360532793334,-0.07597822558389854,-0.0020413081124312435
l0,717,0.026385278156083505,-0.07432503361234652,-0.004034372921003147
l0,718,0.005063624394194324,-0.04927194027458169,0.0016780883537646347
l0,719,0.02637094686283222,-0.018258307399731444,0.001359804311254641
l0,720,0.033910605482997104,-0.040552142569288505,0.007436437953374459
l0,721,0.046418142670757126,-0.02539046794576602,0.0016175738521271045
l0,722,0.06486026444645099,0.14012453560502167,0.003568899111355962
l0,723,0.04240181977712963,-0.03777722288684739,-0.001966963477372025
l0,724,0.028677129238618385,-0.10256006480743671,0.003938650068467272
l0,725,0.015853085805421954,-0.08924028534118857,-0.0009727313637171197
l0,726,0.03746283371646508,-0.03311357078048231,-0.0009470682688541836
l0,727,-0.020809943275056676,-0.14157733743892195,-0.003668865744869192
l0,728,0.047213267238026116,0.04959405833173764,0.002829435045825746
l0,729,0.056880107347083056,0.10712699851318824,0.0037359778127086327
l0,730,0.062038905325506113,-0.017885204594993223,0.003696548317981366
l0,731,0.02263902496631316,-0.06703054705286063,0.0016854888913361943
l0,732,0.030888023811536033,-0.0029232612452855106,0.004865583574271575
l0,733,0.05168649872625375,0.016083949415386087,0.003504799959593714
l0,734,0.05822116830801508,0.05094801645215988,0.0034723662855241887
l0,735,-0.006957096647464179,-0.15795035365747304,-0.002891660029994388
l0,736,0.005814677736385827,-0.09706377296029203,0.0011212792734442572
l0,737,0.0342409130383665,-0.02615121456052172,0.003078361430878542
l0,738,0.026486388021231145,-0.004562550198247112,0.00037288640471826715
l0,739,0.10166317069070571,0.21401982116909465,0.0039040960817335177
l0,740,0.023788674061307698,0.0317826252125294,0.0029814101984061035
l0,741,0.08638878388397286,0.17854188117050707,0.007028837718818416
l0,742,0.043825951949656695,-0.00401404446583041,-0.002046703179394694
l0,743,0.03543825537624562,-0.03640931785189895,-0.0024351525711781685
l0,744,0.0449275473724443,0.049924100182425706,0.0029467671663338585
l0,745,0.05258209572170544,-0.006718517044353348,0.0047871113033806575
l0,746,0.029723574847060504,0.017846801765045966,0.0002877776346952456
l0,747,0.03799642732459327,-0.09230381542945738,0.004399776019921281
l0,748,0.03378100553332263,0.006937808369019735,0.0029849464180710956
l0,749,0.06573699451514607,0.07441179098918688,0.007241164895229008
l0,750,0.001571919627588389,-0.09377763918748001,0.00035277931937195955
l0,751,0.049230327910636154,0.012792168773592655,0.0018524640238022662
l0,752,0.03341151452628301,-0.0171715478387352,0.004999740099861446
l0,753,0.033928768294617336,-0.09092564037420049,0.0013543308221176914
l0,754,0.03648573510774425,-0.019116678764216563,-0.0016158749168219304
l0,755,0.030013055375009964,0.025460308967690415,0.007253214753101724
l0,756,0.05167497244786488,-0.010876721835441389,-0.0005893629071513191
l0,757,0.03216166305068784,-0.025387167808675323,0.0052227841205167444
l0,758,0.025787277200027145,0.10464828753067892,0.0023578804100025906
l0,759,0.01731304437229505,0.018660439287073935,-0.0040867768736390685
l0,760,0.037620834812097596,0.0494372646390949,-0.0002809181576451079
l0,761,0.03099404664872047,-0.14721130531015045,0.0007558589035624876
l0,762,0.10401988244372103,0.1790820124658453,0.006335578557097784
l0,763,0.038009593692667556,0.040585658581409036,-0.0012467182296666335
l0,764,-0.0038868247271257794,-0.20746249214592058,0.0004314713019465436
l0,765,0.041407381629770375,0.016333311156113473,-0.0012464537409987524
l0,766,0.02696152360095205,-0.07536377322996876,0.0009868923131768161
l0,767,0.06800852056271664,0.09056813156784285,0.004198022886246772
l0,768,0.06934472579607341,0.045348810710846635,0.002651578953621175
l0,769,7.915014761245248e-05,-0.04189020162853093,-0.00023373238387103322
l0,770,0.04258010098364842,-0.01007563776696474,0.0024708476155367127
l0,771,0.06706046066348123,0.06493640365276601,0.005288443848390268
l0,772,0.04136994142606252,0.0463919876088465,-0.0005683159329196818
l0,773,0.05423449851350705,-0.012697171785690978,0.003164603036442436
l0,774,0.04313669284923398,-0.06199721514222911,0.0024720206779016212
l0,775,0.03919459277380817,-0.08433719009111663,0.0034290342494084332
l0,776,0.0010121325041062557,-0.1742023709158376,-0.0067615516606260315
l0,777,0.020745934933723825,-0.0442639199509824,0.001002188562010585
l0,778,0.014432865855791772,-0.015810831705152906,0.0003259421938829649
l0,779,0.006206263265986486,-0.09617485803012693,-0.00625758026636088
l0,780,0.06283206907997793,0.06959229896422507,0.002874112904165429
l0,781,0.05251371240900826,0.09456603241443877,0.005383219598184193
l0,782,0.059016231122694225,0.03513622189596517,0.005150231067557934
l0,783,0.012859522988258284,-0.0933797148678056,0.004010685994566715
l0,784,0.03594879926857256,0.04453113130285965,-0.0004903381346472928
l0,785,0.048850880893045436,-0.12442596031004018,0.00462365814545964
l0,786,-0.00729640343156128,-0.16970834487840597,-0.0004866441653762451
l0,787,0.04580068416030515,-0.002975723567360894,0.0029638909003425586
l0,788,0.07172966730402486,0.11708923567523273,0.008561579313454203
l0,789,0.02956559308362594,0.0369629495198498,0.0010285270414253154
l0,790,0.08298168836592573,0.11126083542526735,0.005169483004394251
l0,791,0.023475248505182355,0.06010276340961308,0.0003645579238914829
l0,792,0.03159807990071919,-0.03334417503921027,-0.0016606332780902398
l0,793,0.010480330599881908,-0.16601297861534497,0.0018045951527625255
l0,794,0.03437843897486352,-0.08015707031132131,-0.0013558735294923005
l0,795,0.010713310564737899,-0.012329276042585997,-0.0012268684262365826
l0,796,0.06359884084131077,0.08078113462989191,0.0037066209490985618
l0,797,0.09889529690858216,0.1234667146621689,0.012052496406711135
l0,798,0.004374698374681955,-0.18664623166431563,0.001850200747017588
l0,799,0.05453051372276021,0.007387146015520277,0.0007345210109315497
l0,800,0.007793444104377816,-0.09401079900114982,-0.0013110374178919467
l0,801,0.03921966205301545,-0.02658911586876825,-0.0006491882340706424
l0,802,0.08752028612510165,0.08312891072071629,0.00834701259447581
l0,803,0.041383628209662446,-0.06253305940726404,-0.001999969550099412
l0,804,-0.014226846074379604,-0.14552253247920555,-0.0061772894556236455
l0,805,0.08586958479073702,0.15521177702716685,0.003927851662443421
l0,806,0.04445308922857298,0.015187314863575843,0.0014690656432963809
l0,807,0.06013099963866031,0.050831653601625865,0.0020927807475442186
l0,808,0.062035895885885955,0.05094998349444291,0.0049396562685924475
l0,809,0.03964168752239695,0.00834610832404134,0.0037078456592028602
l0,810,0.1026072350977646,0.16049308041770655,0.0064189997672829645
l0,811,0.03311914147234601,0.036719922180576126,-0.006408644742344366
l0,812,0.08896128487681391,0.18622799665820694,0.007224068909999711
l0,813,0.07643207575507048,0.07475171972284253,0.0013732094797653635
l0,814,0.035363785792921903,0.0677984611903153,0.000906487064054374
l0,815,0.05082557821726423,0.05243551034396955,0.0043386529870875065
l0,816,0.06938125248941893,0.04492772035594132,0.003070914139015209
l0,817,0.08210030316886945,0.24215243100028694,0.0016088925457285164
l0,818,0.060812136586305715,0.04522381002178766,0.002017243320426857
l0,819,0.03324242916576835,-0.03612679200762236,5.687477175537656e-05
l0,820,0.09333767044838515,0.20692392325951903,0.004551884918780569
l0,821,0.01042725601481585,-0.03703373097909511,0.0009104398022439857
l0,822,0.005350918257355324,-0.06811736911009122,-0.0013487487167210376
l0,823,0.024344441327480527,-0.03647424802809039,-0.00043169751923948364
l0,824,0.014754540293472026,-0.10923588165555326,-0.00162350250758157
l0,825,0.029932081146094684,-0.10544244429868863,-0.003422520269065695
l0,826,0.07054547051200476,-0.013712382710091071,0.004219261649325322
l0,827,0.06026106360513729,0.03693936474653795,0.0012175892023254013
l0,828,0.08604963905489982,0.10357303299977752,0.0053163633214570755
l0,829,0.06252398908233878,0.013054432316544344,0.002985642180533696
l0,830,0.07732640137569288,0.07000291042063461,0.0011744303849447778
l0,831,0.042817948160812025,-0.0070888029211147036,0.0014628935339631058
l0,832,0.03401627040693977,-0.03563547533434328,0.0017021164237138288
l0,833,0.0134850338565746,-0.09900078001937396,-0.005634743340428997
l0,834,0.010967312149941425,-0.10227337413330007,-0.002400033314218188
l0,835,0.05118304929430102,0.06443309938974329,0.004748166173056427
l0,836,0.0349660652519934,-0.03590804630072778,-0.0024561086013519537
l0,837,0.03596867199396721,-0.06623622512004697,0.0019918251971154247
l0,838,0.021626693414962882,-0.015029722109164145,0.0036147186153298125
l0,839,0.021315061732714143,-0.07675901620784577,-0.0027579969460791824
l0,840,0.016501089874931808,-0.14265161938042017,0.0011774682494362612
l0,841,0.013447197876073624,-0.11941720867971727,0.0021824182255527963
l0,842,0.06109325086105265,0.06327740747266042,0.0006609889210718376
l0,843,0.02103845716877742,-0.08753384720410429,-0.006384359379482295
l0,844,0.07463162517806539,0.1498832527986642,0.003706635789076711
l0,845,0.0405510970696852,0.07520819983659499,0.003444656994993707
l0,846,0.06396819814725734,0.11185437376322556,0.005123175105731608
l0,847,-0.02438088266706949,-0.18704841031713232,-0.005099877716680682
l0,848,0.004712953991681106,-0.19764644623796704,-0.0012451485745966705
l0,849,0.08627464899765576,0.18801514513177855,0.008454909743896477
l0,850,0.013043286964495773,-0.11128206592462492,-0.0029762015585293993
l0,851,0.013601901788154482,-0.11948122244193644,-0.0032976769301368922
l0,852,0.030867501420023848,-0.008814418862294018,-0.0013119457242373462
l0,853,0.031601763408340464,-0.009844005936243634,0.003504946305172771
l0,854,0.05994306596612403,0.14097270429740874,0.003739400192457441
l0,855,0.05782054681935622,0.06217800604965457,-0.002835629010038812
l0,856,0.02910361635137115,0.0952844744480077,0.005337616746391991
l0,857,0.06119972114117719,0.049283316801155386,0.0019889523715623295
l0,858,0.07023971561350965,-0.030887142690479763,0.006926399616278054
l0,859,0.011940714216651754,-0.10773591906705987,-0.006481018977706095
l0,860,0.052810925359305046,0.011254813479982619,-0.0013686303693606313
l0,861,0.010186517565851563,-0.2158862395950131,-0.0009369361870488618
l0,862,0.05181744811138758,0.0456184792253733,0.003342745278517859
l0,863,0.021250968806104734,0.023287888398364993,0.003204543557127514
l0,864,-0.0064439906253474875,-0.13619636085340628,-0.004147057740501032
l0,865,0.0714058908618555,0.006754730690030006,0.0064069424839521905
l0,866,0.011030274921951206,-0.266853001421274,0.0011140817695706477
l0,867,0.040127289171873706,-0.009453443882143968,0.00373062849782855
l0,868,0.05075307749155429,-0.0029570336662481933,0.0028209009531304802
l0,869,-0.004151718591275903,-0.11824969789674761,-0.004538935751711614
l0,870,0.041009133424450984,0.09660272020331556,0.0022122979761510075
l0,871,0.03806978696855062,-0.004903610401151906,-0.003299346052885137
l0,872,0.04268832062197269,-0.013791224004234645,0.0018371424295850402
l0,873,0.03709004610804646,-0.09319077854860312,0.0015718021224124515
l0,874,0.058809478594761745,0.07015540088806013,0.00048698979307181163
l0,875,0.02655431712576207,0.09644845804863356,-0.001323992693697427
l0,876,0.056568151401495584,0.032215130793823744,0.0017593500154501726
l0,877,0.016603525376593813,-0.056549045562896874,-0.0008803773388422812
l0,878,0.04911675764486274,0.024519213487809485,0.006222698946941112
l0,879,0.1127295476743318,0.17736992688483505,0.0032113911416435277
l0,880,0.08395957062238901,0.1077012661920046,0.011033609004990983
l0,881,0.06191661455859576,0.11792690379605728,0.00862692657227761
l0,882,0.00290592743235793,-0.1564249762579288,-0.0035754991858910606
l0,883,0.03254846814090236,0.039451666354096866,-0.003950055649729552
l0,884,0.015461447735014245,-0.06666063515642764,0.00030580134067613603
l0,885,0.04417110712028235,0.04485595068506026,-0.00021316374691045985
l0,886,0.011711333048618922,-0.01876738811812173,-0.001959958459171905
l0,887,0.055329914961101956,-0.014452819595592838,0.001825989126648324
l0,888,0.05300688449002512,-0.005690169429650727,0.0035337254167275367
l0,889,0.03663552014980555,0.048474811326040146,-0.0009143496731083816
l0,890,0.055104632552752886,0.06166247794691722,-0.00019810709992357494
l0,891,0.06872072988731893,0.13723537053686394,-0.0012829412245392855
l0,892,0.015584452438625336,-0.17938800160730325,0.0017125279037019565
l0,893,0.04536462652189739,0.05274889990278716,0.004329687025564026
l0,894,0.0367881171560231,-0.04286334220263477,-0.0003758240284852921
l0,895,0.01584070245092016,-0.04387416962806241,-0.0005453321486271507
l0,896,0.008338117678222526,-0.07733695084114053,-0.004620756050510513
l0,897,0.004903068957242826,-0.08753762901971893,-0.00031262444877106876
l0,898,0.01928906358265018,-0.09379168530143189,0.0025346783587556583
l0,899,0.022135984070055778,-0.0546829509757207,-0.003669519210488495
l0,900,0.03289728233783069,0.06551396149613645,-0.0017472630531894966
l0,901,0.05249718786770739,0.05102102303320084,0.002795543389498902
l0,902,0.060374803427665595,0.07290030196298916,-0.0009779646933085122
l0,903,0.05299282901320532,0.06490158426114424,0.0019705294476593774
l0,904,0.010108730974931163,-0.09255197368211594,-0.0026019463423172613
l0,905,0.028368271972537516,-0.014470850373054067,-0.003460314604838652
l0,906,0.030355322528027834,-0.0603798237240314,-0.0003306435594346976
l0,907,0.06680804853914923,-0.015272658812021542,0.006039501265604915
l0,908,-8.544615396397903e-05,-0.10796411856544509,-0.002150990502188356
l0,909,-0.006448785373928169,-0.1926143582244682,-0.003839797099650654
l0,910,0.05798369802976397,0.08593144413510007,0.005881872487973541
l0,911,0.07905663874071762,0.12577805392839542,0.002657785534934353
l0,912,0.0876418126963569,0.2375857111569638,0.005509400419579475
l0,913,0.04332256360416738,0.04605894030903437,-0.005487739698943533
l0,914,-0.009560595147623863,-0.21054071346165937,-0.004782080522600688
l0,915,0.012121354573423426,-0.13877759313272953,0.0034848416584370096
l0,916,0.028322529910900306,0.060718426006078435,0.003333131502026793
l0,917,0.02739972730063165,-0.06907257962004935,-0.0012700428153509479
l0,918,0.015396526479032498,0.02236372496858407,0.003450361109975578
l0,919,0.03342294482277734,-0.06276300521840622,-0.0028241822649904156
l0,920,0.012075776309522229,-0.14181339526493633,-0.004703709346364118
l0,921,0.02789278622354036,-0.09730193862645607,-0.0013283624431773826
l0,922,0.0445430864496865,-0.007829548245632603,-0.00035289966672649936
l0,923,0.04433915049504612,-0.0062558285387964915,0.0025288117423372695
l0,924,0.02945476891817629,-0.0904026008943119,0.0008389106124182576
l0,925,0.033341619517247734,0.015358121444567177,0.0017959457167903451
l0,926,0.008748951308956601,-0.0652300654655674,-0.0006887094338033709
l0,927,0.03986766002452158,0.014009372551631153,0.0067065310608899935
l0,928,0.055139713485559634,0.026987054964311752,0.0005857451334361236
l0,929,0.01209395616110186,-0.009717345650324748,-0.001075270084315829
l0,930,0.06582066104105061,0.11026451587638453,0.00652863735278523
l0,931,-0.012388441523047746,-0.24893635968445696,-0.002763013033136961
l0,932,0.04198059961957043,0.04096742742668846,-0.002980091555847755
l0,933,0.03739657067976268,-0.039568612867200995,0.006103486518609319
l0,934,0.024161603794100095,-0.20060159259293373,0.0072584770771407705
l0,935,0.015917333315267863,-0.10473809586237705,-0.00437685950753245
l0,936,0.020069293752479584,-0.022915333108181668,-0.0038649945986832203
l0,937,0.05781957604588964,0.10152773846378185,0.004572925711619829
l0,938,0.04815720215389343,-0.023838574795250714,0.0026592322161355392
l0,939,0.0030622443306941713,-0.27758086420788175,0.00011197357743425126
l0,940,0.06284720015121353,0.02846842215771362,0.0005857528607270302
l0,941,0.05311575836659595,0.08413917455024772,0.0006438294068542801
l0,942,0.040964521298793154,-0.040850923329594065,0.0035172863022019463
l0,943,0.033364946453461296,-0.09782663359298582,0.0010775291496946517
l0,944,0.04057263662775546,-0.03406514648841541,0.0009169341189923794
l0,945,0.077395683163823,0.2157571163154016,0.00677945626893639
l0,946,0.013416468356677267,-0.0989197268909898,-0.0023372392601307595
l0,947,0.027454927291247724,-0.0674071271641073,0.001772997146071599
l0,948,0.011754495591430422,-0.0951506674060055,-0.004865049356786354
l0,949,0.05420828614584528,0.04933257928251303,0.0029572698411204027
l0,950,0.03766535407392411,-0.03315634412420791,-0.0045336266564657175
l0,951,0.011257272945702916,-0.12117388164536652,-0.007932728521619576
l0,952,-0.004487235674492034,-0.10489164816109467,-0.0011749651838475754
l0,953,-0.008681699910179282,-0.07161196366389518,-0.0019379000291350039
l0,954,-0.018075039357955056,-0.2012979845694542,-0.002888533875083422
l0,955,0.02982231901449366,-0.027589736680469407,0.0006646672964223778
l0,956,0.006567405418669478,-0.1401162986057808,-0.0008980042519446457
l0,957,0.03717663471042743,-0.05524335544189994,0.0016596867066671084
l0,958,0.08220579957917558,0.16811371306462075,0.0025042358476732897
l0,959,-0.0039980510840999794,-0.1735095005852864,-0.0004163198046014951
l0,960,0.07983378598942889,0.07522131708928148,0.0023655241253750627
l0,961,0.05623769666026985,0.09908816298782781,0.0004068968945576392
l0,962,0.08041320036169106,0.1185228171140276,0.0025036644969535465
l0,963,0.05989368432089254,0.011097744448551806,0.00731384052225643
l0,964,0.050534735129872985,0.05947687298437908,0.005775627504068481
l0,965,0.005737052150352298,-0.19895058911709754,-0.0036999133466602135
l0,966,0.01189287008467205,-0.17657566574234798,-0.0007252478066282942
l0,967,0.02655469618829083,-0.06397433251158306,0.0008219514595338474
l0,968,0.04648891048953088,-0.10877836265999502,0.004144415163874967
l0,969,0.10090290752314027,0.15662520718482434,0.0008301518806769072
l0,970,0.027189340598713863,-0.07569983133078963,0.0035639685980787764
l0,971,0.005730734343810207,-0.1990789538301691,-0.003815863243655292
l0,972,0.0563950469382476,-0.01242591720685711,-0.0006352989262312892
l0,973,-0.007850890146001405,-0.1816780196432149,-0.0033035986191741924
l0,974,0.024894271781980244,-0.15010496580706423,-0.0027913319523774965
l0,975,0.015462280914695458,-0.030777855936406168,-0.003612500821734866
l0,976,0.038285700750305934,-0.06561568216798572,0.0004861626550283001
l0,977,0.07451572802116263,0.18505739458185286,0.004656802995075207
l0,978,0.06544398879298641,0.07496846000086685,0.003559438549001346
l0,979,0.019228675687651298,-0.07068269253829293,0.002452901734693433
l0,980,0.05835053501041586,-0.014945813410670035,0.007859070766839362
l0,981,0.014250042943906404,-0.14731184777968181,0.001876798298553642
l0,982,-0.016751956940940747,-0.0954627683392072,-0.002000735698956274
l0,983,0.056723262537025254,0.06623139278430502,0.00484143575679428
l0,984,-0.003944363450570022,-0.11726402178265882,-0.0012978670840367859
l0,985,0.03790766272859157,0.008965786325427785,-0.001107234198416663
l0,986,0.03143182030436843,-0.07016391534875965,0.0005836416457066509
l0,987,0.03777210637410437,-0.05102367855121088,0.001836096921900746
l0,988,0.06185545114483648,0.07286869182317038,0.006830686797246609
l0,989,0.01705102607308094,0.0015316913298186324,0.002045056678453355
l0,990,0.004797590234432218,-0.0451484680308243,-0.0016287815165487534
l0,991,0.07399157410597709,0.08002767773745681,0.006758398439206351
l0,992,0.0346609321634187,0.032577555215368426,6.297462188036506e-05
l0,993,-0.016356768861453687,-0.19336973888573777,-0.002828417680489544
l0,994,0.0401657344481371,0.03525232351309262,0.00363231615747192
l0,995,0.03080806160099339,-0.043210763324996515,0.0011770116735462868
l0,996,0.024896312691657044,-0.07634042836808243,0.0035353645693177154
l0,997,0.05988247385518449,0.03294221592018386,0.005922288031096659
l0,998,0.027820295411925527,-0.04283125487169768,0.00363852242479642
l0,999,0.030909625359578835,-0.11590061632034883,0.0032824445180940813
l9,0,1.0978174554035487,13.20684032266403,0.22812854918512554
l9,1,0.9470164691391919,10.676611320946773,0.2285556233876459
l9,2,1.098624491134249,12.827394175760901,0.23535411505647746
l9,3,0.8584913808821644,8.95115795464191,0.20056235342394346
l9,4,0.9294615511445551,11.439170366886637,0.21612743521664102
l9,5,1.0811953432332408,11.691645389496925,0.24659400380684682
l9,6,0.937646816958524,9.449173798400333,0.23267230422846677
l9,7,1.0335107021695125,12.13391536107776,0.22818514378107393
l9,8,0.9450205587789158,12.17720202416883,0.22800837901911006
l9,9,0.910896052116733,9.388358022305725,0.1869056209263874
l9,10,1.1327593225275332,13.498526823808955,0.24756392788981568
l9,11,1.1005498408421068,13.748599373828347,0.24506324050079864
l9,12,1.0110508158721703,11.637545962436795,0.23068208917708966
l9,13,0.9120478352875236,10.737629163564504,0.2086360712640811
l9,14,1.0241831627971973,9.950597043229044,0.2341999729766424
l9,15,1.120713427024991,13.44739466789382,0.22527479032368428
l9,16,0.8937802390518563,10.509495866097188,0.20171967440309002
l9,17,0.9792946313490283,11.917583551757748,0.22158445790809453
l9,18,0.9785225543115605,9.470456847919452,0.25393269430360516
l9,19,0.8887991412623627,11.02681002368278,0.22549414599155673
l9,20,1.0466424072341491,13.106766297267614,0.23903675310213987
l9,21,0.9926946512536872,12.275655214158467,0.21663339676224536
l9,22,1.0970349902423366,11.301564737931734,0.25870091853376304
l9,23,1.0433392055206432,11.517382775179525,0.23005931620900322
l9,24,0.8566368822263919,9.394166485123636,0.19525462923991227
l9,25,1.0532849253767038,12.70699255724289,0.23037698642509385
l9,26,1.0718609168052309,12.975155439947358,0.24857872738711426
l9,27,1.0127243510771402,11.417318514589038,0.21466987271424595
l9,28,0.9286557336312531,11.168980223473355,0.19252020713106
l9,29,0.9820323999121006,12.792519879783756,0.24141855143626567
l9,30,0.9847587001993586,11.399578175393778,0.20251167839130238
l9,31,1.0107241882596236,12.210495318448368,0.21880062626211133
l9,32,1.0661603373770563,10.764326870582973,0.2552891117617495
l9,33,0.9949747404304063,11.355306582882868,0.23392262530294566
l9,34,0.9979751012962352,12.972760484002926,0.21792925255947349
l9,35,0.7690376794271521,7.526411515958004,0.18458774153418092
l9,36,0.7080995305572477,8.291431992982893,0.18901815143104309
l9,37,1.0705507903737201,12.158573927249174,0.23414499030532004
l9,38,1.042653867247502,9.466650189166268,0.23458038413049082
l9,39,0.9257307612278926,11.811789496258747,0.21425367413340746
l9,40,1.1180125382741837,13.32234221615602,0.23700454772476315
l9,41,0.9833985886678828,11.448096200153255,0.22237903418215832
l9,42,1.013219387501487,10.741701490514398,0.21876919200198897
l9,43,0.7702834776124858,8.287364828174793,0.18802890959909266
l9,44,1.1951603778469266,13.372159327360977,0.2382991195621629
l9,45,1.0874445554388306,13.268009816071753,0.21965990587801026
l9,46,1.0566137844308616,12.651953821350206,0.23606264372383975
l9,47,1.0102709360340245,12.850091285514218,0.220111737234853
l9,48,1.0603517149389277,12.628188619043083,0.22730395328536107
l9,49,0.9873479702866053,12.431829876118224,0.2253961587952497
l9,50,0.900211496290535,10.165452619652967,0.2228820522134201
l9,51,1.0428861397426619,10.801950702883843,0.23023213553467248
l9,52,0.8195013961315581,8.732544455939868,0.23141724262943567
l9,53,0.8527519684451048,10.941307965862988,0.2168078225167307
l9,54,0.9826627012920179,8.8693134068794,0.20095120066567793
l9,55,0.8511948174708067,11.713506404218558,0.20773599835277073
l9,56,1.2037780230786148,13.66423369968296,0.24385428119735764
l9,57,1.034945235681938,11.017720605680564,0.24557432035570906
l9,58,1.078136685431978,10.86680829417902,0.24925163449171361
l9,59,0.8607455142465106,8.95857602553419,0.18357091933397215
l9,60,0.9756639558222213,11.356001190654712,0.23970297024090778
l9,61,0.9401052894189449,10.38884819114017,0.2106970658640485
l9,62,1.0830692298383746,13.24269648456719,0.23200837813757805
l9,63,0.9272376776182278,7.813111468041732,0.19577892752418202
l9,64,1.0400113165122171,11.866311546883685,0.2281338115676726
l9,65,1.0820553483559252,12.09653013788866,0.2348683444509287
l9,66,1.079180266859169,12.715609797825623,0.23914022118728556
l9,67,1.0503612208847772,12.493200348577446,0.2255300795715479
l9,68,0.877722719842793,9.250393221203147,0.21993834228578113
l9,69,0.8529824234692954,7.9713210223073885,0.2311560422012465
l9,70,0.9370510417260141,9.250200845364166,0.23366257406698226
l9,71,1.078701800180447,13.675519352811426,0.23409337244796782
l9,72,0.9669370949438012,9.961461300031445,0.21203188265159278
l9,73,1.020621492299298,13.14153799636022,0.22852402117031306
l9,74,0.9673986484782819,9.732517559841058,0.23629249157464405
l9,75,0.8977668747935452,10.830822317993643,0.20451008482640484
l9,76,1.0576896620342797,10.610984880975916,0.22463070788287426
l9,77,0.8889276322431556,9.456715572250623,0.21993084419850129
l9,78,0.9998956042892795,12.493200095505015,0.2370156619843745
l9,79,1.0354341973965282,13.042402106461916,0.24433527436492794
l9,80,1.051548261091871,12.840104729928896,0.24928822145713345
l9,81,0.8021256575021988,7.914132847085101,0.1854011258754292
l9,82,0.9526270360584779,10.915352827979053,0.2295246490553071
l9,83,0.7784300256370313,9.844163432511381,0.20900641013242072
l9,84,1.098079041154705,12.320739789117622,0.22693046507304498
l9,85,0.9779225715131058,10.746602558667508,0.21364221169525954
l9,86,0.8151411420993497,9.764828527948305,0.2169416684128155
l9,87,0.8041851350613038,9.100148873347525,0.18873459782908755
l9,88,0.9094876828629033,11.65213128806807,0.21663503026390796
l9,89,1.01531559032828,11.886911482381592,0.22831062899134758
l9,90,1.0480161425208492,12.91961426725524,0.23530721914161729
l9,91,0.9329953357864129,12.050380429280164,0.22013602906340962
l9,92,1.1287839420331873,12.271568252100428,0.21513851531979283
l9,93,1.0852200536711498,13.235761553218776,0.24515929307846424
l9,94,1.0029223300158363,12.054125531336952,0.21807919290329086
l9,95,1.1887416977725556,13.46005146436028,0.24500187534132747
l9,96,1.112021008605266,10.383157855160322,0.23766061339295502
l9,97,1.0675681665603383,12.1869163350905,0.2416886466431446
l9,98,0.9691648866127325,11.29342897190249,0.23056194410425004
l9,99,1.1669429106954898,13.714726179640852,0.24004128205881664
l9,100,1.1154888342393308,13.101065495090058,0.2510802004163217
l9,101,0.9562658438545983,10.981162307081956,0.2124404102310307
l9,102,0.7501606707092632,7.831176321313128,0.196175194466376
l9,103,0.9776804132252278,11.981905438385144,0.20167743176263492
l9,104,0.9227936047323122,10.372579459553599,0.21677874759218532
l9,105,0.9310130657310483,12.267237052696501,0.22001383862969653
l9,106,1.1160974845597256,12.909184459406317,0.24424820046635826
l9,107,1.1578488963882094,13.451550553989692,0.23828825822641778
l9,108,1.061942726221835,12.986197275135698,0.22502376932312107
l9,109,0.8729050637786713,10.694051930481512,0.21506309068350246
l9,110,0.8697308445218493,8.7273851522997,0.2162058892614863
l9,111,0.9027441686561227,11.027168686388805,0.23011287497090704
l9,112,0.9354891654753101,9.247927828848482,0.24510786799989695
l9,113,0.8963445692058444,11.271727184705904,0.2362728423601162
l9,114,1.1372964804686827,12.937160436141783,0.23985816839715457
l9,115,0.8333314822838223,7.8426954241861315,0.1839972679512321
l9,116,0.9114618861862411,9.52232545640366,0.22486291197021277
l9,117,1.0017199888030577,12.21480422814028,0.22995573883191703
l9,118,1.0676584574593484,12.766485041072619,0.21936305302995743
l9,119,0.9318167115496963,7.4805018577616025,0.22728239294220445
l9,120,0.9639109917701021,9.229982639818804,0.19015353787293668
l9,121,1.050127027343541,12.970571143080592,0.23676278015204508
l9,122,0.7280599639868486,5.272121819915514,0.1736739969009413
l9,123,1.0484859235922375,12.029300578682367,0.23145519328226863
l9,124,0.908299045201499,11.969899398741354,0.21487654524135405
l9,125,1.028245918919886,12.977407789694416,0.23519111418666916
l9,126,0.9486922581887401,10.483300603949337,0.23442685222018095
l9,127,0.9695676222326045,10.185582938889297,0.2088002367457459
l9,128,1.0306794495280514,12.511306701634748,0.23417337564308705
l9,129,0.9083200053732073,7.922616712744583,0.21458929629702939
l9,130,0.8566397053440018,10.249547756193985,0.20712383659571157
l9,131,0.9576234867072372,10.29791009959004,0.20697534902638393
l9,132,1.2135261892275475,12.645051666362782,0.24198143495809105
l9,133,0.934623476165845,10.63098429567481,0.21060587315232399
l9,134,1.159198484999281,13.997541793612054,0.25210737465482563
l9,135,0.8309043860597543,9.148957711701321,0.22701894963320315
l9,136,0.9506006932093513,10.261965107170447,0.18521122315125121
l9,137,0.8292990714901007,9.117139151347502,0.22287951393493072
l9,138,0.8681653768556326,8.232479337985131,0.18032357263511467
l9,139,1.041797274159673,13.167540086641027,0.2337830764089838
l9,140,1.0195088152556684,13.269333940465078,0.22660005845051903
l9,141,1.1354031457636717,12.630232336848938,0.2430097331028887
l9,142,0.8554432231497655,7.235604873404589,0.2136567080974607
l9,143,0.9633569220163394,10.265360067406908,0.1890593655899414
l9,144,1.0120140710495842,12.529559732158125,0.22353131345973049
l9,145,0.8654551159797816,9.190665574046076,0.20746672350142717
l9,146,1.0809224070385075,13.674374719811377,0.24631089615074106
l9,147,1.030182262400721,10.724881968553795,0.22784764732042595
l9,148,1.0392975267934623,12.220356933502828,0.23230673845157085
l9,149,1.1851882547273105,12.803757650290558,0.24508355780762942
l9,150,0.9055565646959045,10.115489816237627,0.22057277488060886
l9,151,0.8775500185062217,8.00204792865825,0.22119938755193327
l9,152,0.8961277606790332,8.845979470722899,0.2304540406418697
l9,153,1.0133619139230932,13.326866152687494,0.23553278911325762
l9,154,0.851120261417968,11.41861763526742,0.22073970241385943
l9,155,0.8883681051411325,11.574760703790199,0.21871750643793245
l9,156,0.8650114002831704,11.466447779852487,0.21591555507129248
l9,157,0.8889480314171936,7.891154665538412,0.19627032808286185
l9,158,0.9742249463651285,9.617576270435707,0.1963060705115721
l9,159,1.1467558018531616,13.569329612231794,0.24990071411144
l9,160,1.0188439856182463,11.068340158555634,0.238308966379987
l9,161,0.961330531253821,10.810031457501278,0.21008962434179135
l9,162,1.18252838892594,13.689464362711348,0.2518196952116916
l9,163,0.820958755829098,6.081878901557701,0.22336055520369827
l9,164,0.9907333490193138,12.819757489420383,0.2311988225584817
l9,165,1.0560945599373797,12.915511041774408,0.23431576647859012
l9,166,1.0177878359358168,11.059893345805367,0.22131101610746584
l9,167,1.1372239048433692,13.697026610133324,0.24449771564485404
l9,168,0.8791862050226511,9.478185003191761,0.2206396642148209
l9,169,0.9697491836867308,10.653615045054257,0.2239432869781677
l9,170,0.9767711781213702,12.500798067728267,0.20714897077910394
l9,171,1.1728060992269813,12.932827894180424,0.2398532264617091
l9,172,0.912071464536106,11.665548596357368,0.21414988276471397
l9,173,0.9300783581619945,11.45433927919818,0.21820048132397096
l9,174,0.9926590048559111,11.45501300221854,0.21199726841574487
l9,175,1.035784099731838,10.292155493090467,0.21811078437137904
l9,176,1.0176596309924841,12.53739734324188,0.23391304556166728
l9,177,0.8876148818550753,11.302462260843138,0.22291488105774956
l9,178,1.232356785910275,13.923587407724703,0.2471745562549221
l9,179,0.9633081087210644,9.482030251990079,0.23215671849361227
l9,180,1.062735940118511,11.459578874564862,0.23223648361213542
l9,181,0.9883254261928369,11.776746288451962,0.22841657951316646
l9,182,0.9353852935862988,10.307378019704581,0.22317756849122597
l9,183,1.0567585075454013,9.706517409099316,0.20017046369065197
l9,184,1.1773082927373668,13.59329188576093,0.2420381740481776
l9,185,1.1662425168348214,12.808077711028567,0.2496993466441601
l9,186,1.043987611539319,10.71977271831976,0.23545360775708152
l9,187,0.817522370964918,6.569769787574611,0.17578356325963562
l9,188,0.9792979556132383,12.539713749809806,0.211774746564654
l9,189,0.9955099383499857,9.6236407069415,0.21596264289714823
l9,190,1.063686926589738,12.509049494829645,0.2354698472491768
l9,191,0.9752521564996854,12.6889879774836,0.2325558119424124
l9,192,0.9466674254497066,10.31332572022069,0.2330685199845456
l9,193,1.069340803203363,9.726570765022128,0.2349439315047035
l9,194,0.9962859604508829,12.15748137071551,0.22099440556813907
l9,195,0.9777546272853906,11.63488396240611,0.24255023562220446
l9,196,0.9355547126672465,11.789988783250326,0.22051250428284724
l9,197,0.9386412972208064,11.560761053069022,0.24964001485979598
l9,198,0.8685660319402491,9.816691657289306,0.21687685456073652
l9,199,0.9708249105556418,12.896540905043855,0.21166046471293767
l9,200,0.913206099561757,7.837655339668204,0.20451125822743255
l9,201,0.7442519828228589,7.010484427256872,0.18903648474587323
l9,202,0.9438959584935633,9.44510898528527,0.21907070190111666
l9,203,1.0959500805996614,12.001040966324146,0.2369782342110069
l9,204,1.0705549091439888,13.213901668597916,0.2251906257229599
l9,205,1.0457982425158692,12.67945749364735,0.2083524257821906
l9,206,0.9944621625565951,12.1999588871173,0.23055697410551565
l9,207,1.102507280002503,12.8388255275865,0.23874528762957054
l9,208,1.0679801732442236,13.315415491637328,0.23153207186604313
l9,209,1.0663821343018571,13.117848363709259,0.2187969886125916
l9,210,0.990285124354624,9.921440475916445,0.22702757710539634
l9,211,0.8615848480079169,8.509514199414923,0.20586326123050325
l9,212,1.130373732132037,11.989574313801347,0.24400081999319168
l9,213,0.9822388645449106,11.513379393703477,0.23880866373163223
l9,214,0.9437278384217258,9.74138945110989,0.2517002687767691
l9,215,1.0118333046298347,12.206052072477151,0.22887498343853735
l9,216,0.9901709243256879,11.595016115438789,0.2141286688845247
l9,217,0.9263639489647966,11.105670015959532,0.19030321711479486
l9,218,0.9628409756080201,10.550849053977823,0.2242877394882595
l9,219,1.0558209345398666,13.503419353034252,0.23476766931210008
l9,220,1.0480632792192852,12.64538249843065,0.23445617052914036
l9,221,1.1405374330877902,12.995792868821459,0.2350364445835777
l9,222,0.9678731611496254,9.60379814036338,0.20258968106527456
l9,223,1.0842464728063717,11.680487988123485,0.23215396265061478
l9,224,1.140741521053439,12.814788494111474,0.2244970088058041
l9,225,0.8243236932105359,8.371306264322147,0.21153798917611086
l9,226,1.161978204085658,13.070567705585603,0.2461757373809369
l9,227,0.7594084581269176,5.561743112194171,0.19812318955947195
l9,228,0.8600944865364117,10.620757508809568,0.21493232463897274
l9,229,0.9012327598697881,11.133649400858577,0.2120111073678616
l9,230,1.111448137927953,13.377023597412478,0.2464880756356521
l9,231,0.9455276463448951,10.398863292025972,0.21884679836580603
l9,232,0.9986355922573399,11.815508137246196,0.20463639551852794
l9,233,0.8021011496834742,8.903192878913595,0.19872852609418612
l9,234,1.0135178872720187,9.702256208364101,0.21606280058077132
l9,235,1.051613839269,12.829216877106717,0.22930660885253246
l9,236,1.063962439388593,12.773536848073535,0.2087918951741285
l9,237,1.1384883279844973,12.198886285130074,0.22631861390664498
l9,238,0.9584697134043652,10.627036253968733,0.20533042760021944
l9,239,0.8956686369137536,8.575664624119284,0.23048383226632088
l9,240,1.1931090157304385,13.60104817680964,0.24421962798289265
l9,241,0.9210024586629005,10.662271867852246,0.2116594768763953
l9,242,0.955097800846608,11.839929700860672,0.22197226630774133
l9,243,1.0378246504643545,12.50399453160064,0.23992581589462392
l9,244,1.0787957038733724,11.465520558704622,0.2206226781859398
l9,245,0.8959482833368253,9.759482057005465,0.22273387931095856
l9,246,1.0322138975636228,11.956871358178399,0.24228063258143906
l9,247,1.0809787159638202,11.416975252980178,0.2412394534116941
l9,248,0.959804135860984,11.664301225225538,0.2081666082736982
l9,249,1.1206954320503784,13.142921435467365,0.23124785039887744
l9,250,1.0507952444255106,10.858255201964528,0.2353709046824005
l9,251,0.8248834336406796,10.772213293466029,0.17762072286699948
l9,252,0.9272313806084848,8.609690454112812,0.22851646114834046
l9,253,0.8977638469143572,10.723233665039603,0.19911804723525597
l9,254,0.8941653056947094,9.168507741329101,0.19850686705467002
l9,255,1.1469504018545618,13.72399452372198,0.24911253636878283
l9,256,0.7262260516002829,7.478653936912226,0.19683773703100774
l9,257,1.0025277608824954,13.310096997417071,0.22541491399201546
l9,258,1.0278658131465457,10.303794343985015,0.2186580074840606
l9,259,0.9632771767099001,10.704348555078091,0.2396887345941236
l9,260,1.0230756631851543,10.390750567264426,0.2574527610366233
l9,261,1.117943266931278,12.99342673376793,0.24198925918831365
l9,262,1.122545456568304,12.765005709686472,0.24053080311725228
l9,263,0.7987794666929653,11.297928438870727,0.20465330941157234
l9,264,1.0689670204831154,9.658164656192879,0.2194969517922897
l9,265,0.9386374735281631,12.336632008439192,0.22403848126821516
l9,266,0.872940463569274,10.360172104009619,0.21368585003842738
l9,267,0.965211276734011,12.216298408273815,0.23120057813545214
l9,268,0.8242523214972172,8.863215372665787,0.1806440973645838
l9,269,0.9761684980905203,13.040426143328773,0.2185361674056687
l9,270,0.9810352588290251,11.957369122256884,0.21337751380294503
l9,271,0.9002947702662951,10.115748099068181,0.2246118610387413
l9,272,0.9371690500234063,10.650140255224322,0.20765252790059677
l9,273,1.0037907444832976,11.28378312463542,0.23543795580494775
l9,274,0.99072559102966,12.252113242575344,0.2146960948090222
l9,275,1.2295577033335132,13.661244975597267,0.25735867181172545
l9,276,1.162691005781239,13.708383207951378,0.24160992269970422
l9,277,0.9895526517815636,11.267005915679313,0.21139607531044635
l9,278,1.037358753732598,10.439259067959767,0.21737687397397482
l9,279,0.9725788812121762,10.730705274594074,0.2274243836206334
l9,280,1.2935450330015534,13.985040755966736,0.2497571497672856
l9,281,0.9648499175871033,12.373486397624289,0.22771034541997526
l9,282,0.9932895420386502,9.510597105571982,0.2348628046266046
l9,283,0.9280219369386152,9.7506071969922,0.2294998707471165
l9,284,1.0064778808796562,9.98141918691326,0.1957265576301556
l9,285,1.1804677401242887,13.522171691071668,0.24701376881111048
l9,286,0.7845619851776304,7.6275325855174305,0.20990856351995785
l9,287,1.1142387681171564,13.097137153603965,0.22241341120537284
l9,288,0.9170672019516886,10.824208032002014,0.21360454641935
l9,289,1.0959719427017058,13.592802009839573,0.23017535763729108
l9,290,1.00458825915603,10.039458698741088,0.22380545166828866
l9,291,1.1339010882158889,11.822041280477237,0.25403678120869366
l9,292,1.0384856353373781,10.712815590966457,0.25070101299603725
l9,293,0.9794763466403751,11.193090917760316,0.22593255104622978
l9,294,0.744856182688258,7.73676616803904,0.2093679057794556
l9,295,0.9556510913521703,11.137154866718145,0.23832993479440454
l9,296,0.6894158863793529,10.342869589450206,0.22089542895191921
l9,297,1.0202402819511591,10.055144634528876,0.24220465503646169
l9,298,1.0534115953168324,12.587470603281467,0.21661682784250125
l9,299,0.9818909805968948,12.528008015661216,0.2429353184568286
l9,300,1.0488697804235794,12.975801165884933,0.2264581236526145
l9,301,1.1297687264269167,12.098933172497128,0.24206765318758036
l9,302,1.0744624764438564,12.497991697225244,0.2258482901704506
l9,303,0.8627873837261879,10.765154246868242,0.22642780855781436
l9,304,0.8402299967805285,9.016620226675268,0.22372501447494128
l9,305,0.9269501460795526,10.477300051355268,0.23873865283401208
l9,306,0.8781466540043452,11.218886669956225,0.2146872610647825
l9,307,0.8911999664530585,9.03997478142616,0.21254328408174006
l9,308,1.00854710023233,12.967444489134657,0.2178242346861018
l9,309,1.0027553420238737,10.098031703311257,0.2134569075438627
l9,310,0.9313567534244074,11.043940184281189,0.22756547166837063
l9,311,1.0177976132596707,12.84924260645047,0.22544333104158026
l9,312,0.9548451301443098,12.24220495814743,0.22243873461140884
l9,313,1.059476052252743,12.952058533843216,0.23247754010895857
l9,314,1.0559377633480147,12.12017648296885,0.21721310311917238
l9,315,0.9517158947858628,10.26081525090834,0.20846613528576655
l9,316,1.1013417928491183,12.75991853127399,0.24427482992469787
l9,317,0.9965181016051854,8.641202837889713,0.20847526546025094
l9,318,1.0166449633618109,11.279086915311039,0.20842268592706162
l9,319,0.9587410269586975,12.004955444100856,0.21422073552641407
l9,320,1.0576920012387943,12.716053373600513,0.24328616696155025
l9,321,0.6627103262327008,4.628576426655236,0.1716400603280958
l9,322,0.8748648669935853,10.903765006012966,0.21670558288149802
l9,323,0.9513103202924102,11.098521632345847,0.20479394032668616
l9,324,0.788223884107537,10.024864537449195,0.20427180383755172
l9,325,0.9898254567160005,13.05082662858871,0.23732378055648998
l9,326,0.9924577115528723,12.172272173448482,0.2200839406707136
l9,327,1.1006198358017096,12.999388328361515,0.24448073497881734
l9,328,0.8696628421998992,8.759262635188234,0.20663720777816105
l9,329,0.8965982767088523,10.308474071939738,0.2033950456252384
l9,330,0.882150730421963,10.50625126183223,0.22540033906692777
l9,331,1.1195319770987375,10.614316549305878,0.24573911675020266
l9,332,0.9784871384812179,12.48645819854833,0.22548656149028107
l9,333,0.9797264198736819,11.513338599711219,0.22139105308936907
l9,334,0.8656796638111943,9.932299728480977,0.21929185585760613
l9,335,1.1189319600441685,13.14230020876172,0.22372396229274544
l9,336,0.927915025911673,13.19589825932941,0.23981352879049747
l9,337,0.9516951043126011,12.728634842139694,0.19953417476714252
l9,338,0.8856303756791061,9.248474276041842,0.2301929011292084
l9,339,1.0510453243443723,9.802143317462832,0.21521992833435466
l9,340,0.9465889996327019,11.248082404376238,0.21256911610559648
l9,341,0.9878609257160521,9.279310442146004,0.20792590994402418
l9,342,0.9136453261107254,8.668248991753568,0.20942450542140856
l9,343,0.7371540295988717,6.034038391274948,0.17327977143100232
l9,344,0.9221514751212655,8.926741483783255,0.18532037328874845
l9,345,0.9338284397928708,12.233939409829157,0.22313191340410662
l9,346,0.9154407091712737,11.77803456927931,0.22230753605830206
l9,347,1.0642655327445043,12.517039766559458,0.23984090988453355
l9,348,0.9600290744712198,12.516130289232954,0.23081397764589498
l9,349,0.9080801795709534,8.012759794139313,0.2060771305128612
l9,350,1.1031941253138973,11.708476532094688,0.21672582154692568
l9,351,0.9662768798927568,9.59292766447208,0.2465023258160538
l9,352,0.9051244538830808,9.715171251105279,0.2327341497339312
l9,353,0.9332950001126913,13.071035664969187,0.22808606853028834
l9,354,0.9083667544468519,11.693226146916235,0.203792584612848
l9,355,0.9133018159236141,11.940472991595872,0.21762524600084057
l9,356,0.947074097676057,10.188374490690554,0.17754627670841264
l9,357,1.1953358959166733,13.578487704599645,0.2631457132997176
l9,358,1.1256799717274666,12.299797695828861,0.23683023502674988
l9,359,0.9694404330081992,9.507957917962898,0.22134870331639678
l9,360,1.028314704809365,13.210989678534247,0.23918557439896793
l9,361,0.8525729515789107,10.143793702724055,0.22873604553115057
l9,362,0.7847951642864661,9.6994720642754,0.21963111086950632
l9,363,1.0056112060863005,12.062892172007277,0.20035945830860616
l9,364,0.9751075648005099,10.519898304027162,0.23305005704799173
l9,365,1.0455838555025105,10.347100785865116,0.23283481617796448
l9,366,1.0618611411228707,13.137106175854319,0.22635157247013327
l9,367,1.044555276958445,9.12465090401989,0.23781728774961805
l9,368,1.0321826485980536,11.404170727723473,0.23278737975054642
l9,369,0.9638861409284085,9.916803133181723,0.22632031125003632
l9,370,1.0982986223341562,9.580546713966823,0.22047279333111816
l9,371,0.7383573517240947,8.04688784864962,0.21447955253510367
l9,372,0.9264722250144191,10.735625578399556,0.21897220632786113
l9,373,0.9671877589431697,12.486289579990466,0.21702744200197552
l9,374,0.9717598158593107,8.195451943820055,0.19997730977300168
l9,375,1.0517813230232078,13.550038980735795,0.25004795838719773
l9,376,1.0682255901877775,11.986629675620012,0.2328877511449065
l9,377,1.151614356388483,12.724033712824928,0.24276116168632467
l9,378,1.0186547115876678,12.635869400623607,0.2245730892579694
l9,379,1.041534639999041,11.470501109646182,0.23050232838494208
l9,380,1.0471056243069436,12.630173411979245,0.2115601904072071
l9,381,1.0818664065466597,12.901922653580346,0.25233796797749675
l9,382,0.931679540245918,11.194866824087121,0.22195782230501743
l9,383,1.0730607775191277,10.878474938742006,0.23909935011240618
l9,384,0.8850520943222553,11.232112567201517,0.21130578108726739
l9,385,1.0310098102483423,12.832932137262313,0.23333009422793324
l9,386,0.8029857918469575,8.51052210014187,0.19563605987268406
l9,387,1.101663441355485,12.879894435349339,0.23003772480234214
l9,388,1.1564465670088573,13.7916541893366,0.25715181168225415
l9,389,1.1120300983636762,13.105754967824357,0.24075134777135257
l9,390,1.008101107904896,11.303127793220142,0.22166066930107528
l9,391,1.0533958544394828,12.794874912699512,0.22812116035785235
l9,392,1.0180789051046812,12.285118843609304,0.22513938970551514
l9,393,0.9857979979065783,9.880606112981955,0.2270661203532259
l9,394,1.1827192744862458,13.904128554645888,0.24744925494950118
l9,395,0.9972960435075654,9.961794605287308,0.22100708374715117
l9,396,0.8665865918701154,12.020120486307494,0.21639270020046178
l9,397,0.8164271576128876,9.307842855686374,0.22680257897530043
l9,398,0.8997035063513052,8.52410983810258,0.19432052138364883
l9,399,0.8479188195945073,10.614191661637818,0.19959446601526512
l9,400,1.1809878326323566,13.764978510994023,0.2345128561422313
l9,401,1.0588807085925525,11.84522017242833,0.22944610760562179
l9,402,0.9090172740471982,12.658050305055038,0.20448676438426816
l9,403,1.0612761856106112,13.16060434754963,0.22778001807502504
l9,404,1.1805971137970133,12.765956491477693,0.24924730478789914
l9,405,1.2227199179744224,13.760679189836917,0.24674709180889232
l9,406,0.9883948171795411,10.756634273787267,0.23535273002674476
l9,407,1.0145716016770598,10.728339931203239,0.2470213964497186
l9,408,1.0613451882039102,12.706546081117342,0.24004839979730486
l9,409,1.0208495813477034,11.416469827517085,0.21272855276198901
l9,410,0.9404981090091106,8.012593757034404,0.21373848997082626
l9,411,1.1089067729782855,13.257395395351544,0.21424137830966192
l9,412,0.9114522834618937,10.115970287892592,0.19300239477722766
l9,413,1.1510442688607927,13.281325630034058,0.2218699687890518
l9,414,1.02330939003846,12.455175061394282,0.19505810479257962
l9,415,1.0910327624522473,12.772686807637939,0.22993689050264365
l9,416,1.0968977017927282,10.337303971359667,0.2234101280727484
l9,417,0.9926291596475738,11.436484608738802,0.21549805526037263
l9,418,1.0470198545592004,11.571515502250476,0.20930554407573232
l9,419,0.9229365457051395,10.90178766666051,0.21381800349798372
l9,420,1.0213937508794664,10.580606134054392,0.23894331836334862
l9,421,0.9732568121001831,11.361383412448454,0.234789252218655
l9,422,0.9621485917948965,11.016302695546747,0.2265433947028149
l9,423,1.0263676186876982,11.540540457373645,0.23061185119209668
l9,424,0.9219483912619368,10.451914994555091,0.21251362183677655
l9,425,0.9839851031029562,12.05931254394583,0.23518609186364944
l9,426,1.0476868262498105,11.713264589433717,0.2344909310125874
l9,427,0.9239363926874066,11.067251997388517,0.22012324917559162
l9,428,0.8794369930124284,12.435597563358144,0.22458485093869987
l9,429,0.8321073911725593,9.180704433034833,0.1957911809709807
l9,430,0.9065135341569092,10.555708776896937,0.2160955444483775
l9,431,0.8651247662425178,11.351568636023321,0.21491528802575852
l9,432,1.0924304462629677,12.80384982527642,0.22710222562313953
l9,433,1.0147990261091555,9.401607242121665,0.2181641058419489
l9,434,0.8893672917899431,9.506153659446541,0.21954539743174326
l9,435,0.9874096061500681,9.196841773500902,0.21795522312525747
l9,436,1.1474522771458187,13.80085540777318,0.25364829834923036
l9,437,0.9037855926769076,7.661726700702095,0.2329773850202907
l9,438,1.0353483582993523,11.745324012896651,0.2080702372774456
l9,439,0.9800914734757603,9.522889483299343,0.19679631668372005
l9,440,1.0241768365816601,10.125646961452595,0.2050615536435934
l9,441,1.0901083821471669,11.57023034714926,0.22724114015792693
l9,442,0.9686379403273224,11.667482699837231,0.23244936523275828
l9,443,0.9587620593783159,9.781185292425722,0.19849839056152918
l9,444,0.8381429966645011,8.19707376158109,0.2020274209185158
l9,445,0.85713196868117,11.287644367052009,0.2179874202944468
l9,446,0.9207839194597753,11.399922261286049,0.20792572943279522
l9,447,1.0667776478961937,12.705259429574514,0.2357134335250481
l9,448,0.977635827939569,9.471422008685341,0.2241569067664528
l9,449,0.7487010432931722,8.108929940341033,0.19681319213243026
l9,450,0.7938411189597006,11.21633522807069,0.20767015587140347
l9,451,1.0027795772774288,12.59848596234408,0.2251253628007074
l9,452,1.059824255074453,9.662628286122963,0.21617492770615598
l9,453,0.8866971703568953,11.957197185510463,0.2136411430958893
l9,454,1.043899654806606,11.458810510270727,0.23749319159304796
l9,455,0.9352330031171264,12.245817533357224,0.2205792805629423
l9,456,1.0458454726557733,11.982118296100825,0.2206626706402189
l9,457,1.166679140754413,13.386032519474897,0.24637164464681618
l9,458,1.0626573541184623,12.890233036693985,0.21749114539856335
l9,459,1.0058910274739672,12.15836910629152,0.2173545806015113
l9,460,0.8952110779743971,10.392787989656018,0.23242973618495172
l9,461,1.127353714858863,13.718679455627992,0.2257940015514506
l9,462,1.008826836820851,12.321991726015822,0.2397604662217825
l9,463,0.9762865278053294,9.512958708725433,0.24578045528566136
l9,464,1.0828810488037948,12.33365210444034,0.2218501420644264
l9,465,0.9550505723873114,8.94369951104754,0.22486882672429287
l9,466,0.910286871416478,9.128682855479347,0.2285750593959752
l9,467,0.9888773942968961,12.221605817606084,0.2397819490698328
l9,468,1.0886105929729362,13.011877610491236,0.2199868495309746
l9,469,0.9198813454775427,9.621569995838676,0.22327569962702096
l9,470,0.9152116360234457,12.00310024373052,0.1955489947555345
l9,471,0.8722473778294251,11.513393475263364,0.21390589493292306
l9,472,1.0047607314076556,9.718461686984048,0.2162834410052391
l9,473,1.0430868913070517,12.868847002195661,0.24137462928469408
l9,474,0.772031009368004,7.883473166949678,0.20965498292588203
l9,475,0.9435245030594583,12.096490037282507,0.21501075305169884
l9,476,0.9474320710684574,9.927468435774367,0.23738039244216227
l9,477,0.9091536082809824,11.986675700534896,0.20738278572286756
l9,478,0.8423661788909966,10.83804654771721,0.21960443021689047
l9,479,1.126583489882857,11.716725088049584,0.23491624442445594
l9,480,0.9947982824571926,10.32744665453485,0.2400039924015076
l9,481,1.186974923628525,13.174249415174675,0.2396976865243254
l9,482,0.9615169202308624,12.374888481208615,0.23185575763788455
l9,483,1.0644586046839328,13.06890907211414,0.235532077225765
l9,484,0.930689080034607,11.617294312850001,0.2123678125390949
l9,485,1.0401951521875585,11.713278242177509,0.23319633333745673
l9,486,1.0605390466534428,13.361719184619208,0.24064588495309686
l9,487,0.9262329502735236,11.05302603057985,0.20060162436447138
l9,488,1.0420086866364895,11.239073331523237,0.23253031102969246
l9,489,0.9756695583472702,12.652975001501488,0.21525760021881285
l9,490,0.8938045372393791,11.105790932868615,0.208684559762727
l9,491,0.8246236696645856,10.909943467470717,0.2203215003895938
l9,492,1.0678754681260485,13.368264745130626,0.24585681655999242
l9,493,1.055899601802727,12.782281775018625,0.23667469664794114
l9,494,0.9179822462145462,10.029570084338392,0.20418592557000906
l9,495,1.0024421825416938,10.83665355768449,0.23698584958126473
l9,496,1.0524228189979428,13.035339197304923,0.22913330694781403
l9,497,1.2749935516686042,13.828871652286299,0.25254502785057736
l9,498,0.9936407745337967,9.446455816121592,0.21054500171971924
l9,499,1.0330288586420555,12.511037006303455,0.2295396100104009
l9,500,0.8237322022824592,9.968690159974766,0.21715949316203617
l9,501,1.1746179571191029,13.586909143639513,0.23585651433064417
l9,502,1.0489853401170819,11.134619160825348,0.240591983112229
l9,503,0.9510650577998833,10.703273241181149,0.24414193135875034
l9,504,1.108433290936449,13.762693551933515,0.23386513686207788
l9,505,1.025189926571307,9.914752903753664,0.24075155615142277
l9,506,0.9142179813482634,11.717499460043719,0.19987965969294813
l9,507,1.0845168776067018,12.53006129706169,0.23417303326363623
l9,508,0.9710944906034771,10.759810655214665,0.23105220573837998
l9,509,1.0235251955166513,12.613567018145735,0.23466272294196328
l9,510,1.0250362430885525,13.504305800991524,0.24061616222006543
l9,511,1.0742925472401446,10.532631816698167,0.2332428902365556
l9,512,0.9269283405635187,6.615740129955848,0.21326745469921773
l9,513,1.1760432814252113,13.714259468852696,0.2519188316497418
l9,514,0.9673796173201101,10.296081278960017,0.22116191987121248
l9,515,0.9828966182977097,12.787751954401857,0.2212146608410911
l9,516,1.0167714885142893,12.617113154852156,0.22771867160010484
l9,517,0.9954270778832639,11.695132492514743,0.2342405230825247
l9,518,0.8709765278576447,9.981615644292262,0.21387392932825636
l9,519,0.9921404948334321,10.656766218561385,0.21004930639002237
l9,520,0.9888247023173811,11.633560980659462,0.2303677068738884
l9,521,0.9269361995017253,9.734309788068238,0.19864344537432893
l9,522,1.1332205534470505,10.430340262784942,0.22315964328069277
l9,523,0.9367875217037841,11.055980632774807,0.2044081932680562
l9,524,0.903915331340968,11.60339616915719,0.19696375908457517
l9,525,0.9943254135413911,11.46658642107337,0.24194788987674115
l9,526,0.8578910121234287,9.82765277210572,0.21963983930614622
l9,527,1.0871243444308047,12.084783698274258,0.21167092838679005
l9,528,1.0639681836541908,12.656818444673606,0.23628286535834128
l9,529,1.1466868518695013,12.802127466661503,0.23383858453257575
l9,530,0.9264719117563539,8.236705254948427,0.22000345931994855
l9,531,0.9944826153412899,12.000862265046507,0.23177636438485538
l9,532,1.1546680342720417,13.256976894463666,0.23703391296758464
l9,533,1.056657121012312,12.145457393710588,0.22142485958291933
l9,534,0.9830975087976023,10.354179173657949,0.20912810822723432
l9,535,1.0787587449671863,10.2485199701065,0.226962133776858
l9,536,1.061628452959001,11.81173754543803,0.2189709374457663
l9,537,0.7915608188569294,7.945136853265756,0.20889187077519292
l9,538,0.9733623616313367,12.034696002618382,0.22169487913246883
l9,539,0.9185760782781491,9.621180251175371,0.23244577516404627
l9,540,1.0680407068703806,12.622413104362243,0.2387361817296828
l9,541,0.9387273309285973,8.782448998268839,0.20975931830498587
l9,542,0.9610256970476087,12.317334364522381,0.22352290892677812
l9,543,1.0809320038518981,13.175285948164142,0.24488959054057421
l9,544,0.9072742946416279,10.544040866087862,0.21580094671238534
l9,545,0.9683931887682031,8.729623461876326,0.22464433111142543
l9,546,0.9916363046114612,10.706415500697485,0.21146849585589425
l9,547,1.0118279170564988,12.302460948522215,0.21403252106627035
l9,548,1.0409347408486904,13.182649718411916,0.22346701098238828
l9,549,0.9460086441713329,9.749827816496213,0.21918938832557877
l9,550,0.9405427161722475,9.301755082311418,0.22441663952842666
l9,551,0.9947973596074754,10.45787651272464,0.21064988563270956
l9,552,0.8766492418763512,9.892202097292786,0.21272937977447998
l9,553,1.0051786802937157,11.779346400327409,0.2257986953101557
l9,554,0.694990757712111,5.999154641055785,0.1783627022086868
l9,555,1.0502901612484168,9.847047702904359,0.22200004779181123
l9,556,1.0247669607190055,11.613899811763375,0.22398396330393014
l9,557,0.8676730556777204,9.892311608166482,0.20760573666437326
l9,558,0.9626042592243389,10.762031913571274,0.23841180975406656
l9,559,1.0199286580444147,12.040397561483937,0.21987647075092578
l9,560,0.5756776059613821,5.2693135239497035,0.14739978447593477
l9,561,1.1158603389736954,12.694871483490134,0.23395397256346723
l9,562,0.9048987619217483,9.976176813161082,0.22237983533502026
l9,563,0.9024464223084867,8.787752242288743,0.22366899077424926
l9,564,1.020477527594075,12.482447446684544,0.22535044535879117
l9,565,0.9506282219433732,11.349697937859693,0.22867190795690354
l9,566,1.022638950972886,11.175963234408776,0.2333430464376358
l9,567,1.058861004323911,13.066004681045332,0.24458706301009486
l9,568,0.8814850064596058,9.504753374380222,0.21062586110706272
l9,569,1.0687866538828317,13.17676700020673,0.23384761120123496
l9,570,1.0419354416553817,11.68147618080631,0.23732117825610954
l9,571,1.0947712736668564,11.569664751392924,0.22920965605784802
l9,572,0.9502184398877446,12.625480929708726,0.22829807685266507
l9,573,1.1158440257729412,12.824319024286611,0.24315621200917895
l9,574,1.0727552815668342,11.096231909267974,0.2367116431804821
l9,575,1.0234073672905766,12.275816117974923,0.224213027547368
l9,576,0.959611641507224,11.127600690440767,0.23547216915519184
l9,577,0.9059130273486171,9.213631541766162,0.19399885091067867
l9,578,1.0449517630893201,12.879256996956766,0.2325187647701149
l9,579,0.9571178288949074,9.799053653449516,0.24156343236465247
l9,580,1.0990461510049019,11.760252942628227,0.24818547536517127
l9,581,1.1326199827726358,13.367198500337786,0.2270662624277617
l9,582,0.7368694550474235,7.815825168886844,0.21019549516856234
l9,583,1.0561138610766765,11.823445801211092,0.22508263450966193
l9,584,1.0627509299825013,10.27107876039976,0.23582843422768981
l9,585,0.8853409965452155,10.688044979287017,0.2119807769079628
l9,586,1.0199889373948499,11.349452320273956,0.20809654052800855
l9,587,0.8469359839020303,11.7355248154884,0.21900658546538418
l9,588,0.9376817064980981,11.88905551173809,0.21009472371641205
l9,589,0.8545636539224957,8.203479654836881,0.1994101575439345
l9,590,1.0998991450671927,12.553851115104791,0.24210944952178381
l9,591,0.91373171980326,8.894696981440262,0.19501511531872923
l9,592,0.9505622413961904,11.74520499395969,0.19793351050684183
l9,593,0.8165255071116386,8.176754900638988,0.21855674741197473
l9,594,1.0500660234011696,11.456078531127503,0.21912863750288303
l9,595,1.007625158867029,9.874326194238229,0.22960455282994835
l9,596,1.103965096938036,13.767138662959422,0.25127381359255935
l9,597,1.2354933484136854,14.051135953704723,0.25559440995955246
l9,598,1.0771003854885053,11.324965751319748,0.21996363625251464
l9,599,1.150807151167771,11.759924661811553,0.23866785144560665
l9,600,1.149471188077136,13.06568027538808,0.2209829438331035
l9,601,0.8982227947519859,10.661909018721254,0.23163790413028804
l9,602,1.209048322902686,13.602583022822586,0.23712250025517817
l9,603,0.7705593518813383,7.5149690181066795,0.19599545586618564
l9,604,0.7113842102325931,8.084574606877187,0.2138718966907003
l9,605,0.873893893357137,9.887743493375062,0.21371271911186618
l9,606,0.9273851607928365,9.438874442430983,0.22826162262316504
l9,607,0.95944121095792,9.490331579399669,0.24896492491558816
l9,608,1.1495948756234817,12.74985931044161,0.24070269798825683
l9,609,0.9227490000259133,12.964698207876149,0.2045327127672274
l9,610,1.0997599130432951,13.604695244122848,0.24170640165258445
l9,611,1.0601117312230866,10.506083496098363,0.2115164197425163
l9,612,0.985399640131188,11.279278558962702,0.22397059702349492
l9,613,1.03829633260729,13.447145260529812,0.2112786983118753
l9,614,0.9826210484190545,12.494733313289187,0.22518252252224258
l9,615,0.9107393968521663,11.92811291538796,0.2003470389990243
l9,616,0.9248786729055829,9.30027465724169,0.23412528940977792
l9,617,1.1339177681670614,11.883831396713624,0.2235821798809789
l9,618,1.1687025916290468,13.575402581513176,0.23058457048176048
l9,619,0.9915812379898006,10.37396468373404,0.20901275968600178
l9,620,1.008635784482118,11.753430960833008,0.24445918100376163
l9,621,0.8627552475997771,9.983673767536935,0.21552836802973327
l9,622,0.9869246118835513,12.4903736612475,0.23193667316442074
l9,623,1.020187111742786,9.550311939585722,0.2004423139047776
l9,624,0.9224952212316507,12.045849095111455,0.2255493674393405
l9,625,1.028247284609409,11.486128341668858,0.22548916791592888
l9,626,1.0297179002390728,12.573817016832534,0.22569735483156003
l9,627,0.9743564605475401,12.5159089816553,0.2305071512189747
l9,628,0.8781918877243768,11.072105804049311,0.23648783264242215
l9,629,1.1297079845614273,12.803827152021572,0.2301698194369285
l9,630,0.962854440346778,11.293386807160273,0.23638662096942265
l9,631,0.8946801714949484,11.306960265983625,0.21331263923056698
l9,632,0.9574801479106356,12.061849122343192,0.21112071795465848
l9,633,1.0557721099328072,12.709576009854331,0.24161089769666555
l9,634,0.8763083875345836,10.729604577993328,0.19183700750478744
l9,635,1.1256333596002546,13.347226576461633,0.22756303522689164
l9,636,1.0456498342080514,10.47056293986716,0.2567660862139887
l9,637,0.8632183569280516,8.809267108731722,0.2292411992919882
l9,638,0.7336919434357084,9.08979015873182,0.19110291799001067
l9,639,0.8833242149612252,11.376811866726232,0.23081697898060646
l9,640,1.1021057926061437,11.759646378798486,0.2346318049309293
l9,641,0.9378825416932424,10.244642962763791,0.24790814049563514
l9,642,0.9782034475737994,10.460409263124646,0.2372834957884739
l9,643,1.0405727013319392,11.647975178234342,0.22006226556235228
l9,644,1.0059687035357223,10.20194203071527,0.21558694456288882
l9,645,0.8433070943278482,10.620529899584383,0.2201485670280458
l9,646,1.0243723489503291,11.663784992176595,0.23093003380394647
l9,647,0.9439464042894068,11.620771979224125,0.20912692241074834
l9,648,0.9127276840431391,9.863315585182868,0.20766168985385722
l9,649,1.120111749433675,12.613587543948082,0.2178286088968374
l9,650,1.0566295902756857,12.616783734143315,0.2384426703564783
l9,651,1.1560681431908424,12.369977316280208,0.2227170740055509
l9,652,1.1019734366476484,12.497710473308217,0.24488648600388585
l9,653,0.9998192962952669,11.473286100664899,0.24564241180798493
l9,654,1.130584494542371,12.590117126578114,0.21916091267397259
l9,655,1.1246442823906964,13.48066783377432,0.2301419010283386
l9,656,0.98964408053212,9.25603181032844,0.22177284970913944
l9,657,1.080547934467215,13.604339320140657,0.23818895595497586
l9,658,0.9909763467237345,9.910492954803194,0.22727874348921837
l9,659,0.9700192695600292,12.122916069270113,0.21911423883680425
l9,660,1.021350468392696,10.951314066824011,0.24272943632273028
l9,661,0.8805071776287481,7.743021924685486,0.18516037001084037
l9,662,1.0367570640971562,13.395962675839417,0.24612592673474573
l9,663,1.1897380388528183,12.726294834370236,0.24005367713740028
l9,664,1.0795804829547853,8.593746320260227,0.23767960475962985
l9,665,0.6851901282698144,5.326541235232176,0.17564919990644576
l9,666,1.1695248796627027,13.634580195049503,0.25439317706143605
l9,667,1.1070851648431166,12.728208270730066,0.24442297525164647
l9,668,1.0116915234107666,12.648054730148738,0.22790483838136874
l9,669,0.863403572565524,8.724064019060478,0.2101828481917689
l9,670,1.1377131200441688,13.361652408346679,0.23685407501510744
l9,671,0.9347478584699369,10.649460380264225,0.20698286960573248
l9,672,0.8409137863057976,8.938135474126714,0.22303613423849708
l9,673,0.820530745773152,9.663591454303624,0.2051721541129258
l9,674,0.7970905298833555,10.379831462076488,0.19598916141193773
l9,675,0.9340255988219212,11.121754028586658,0.21571322948367896
l9,676,0.8919215823302665,8.465974438233538,0.18424319959455482
l9,677,0.9654982055994985,11.337845331932671,0.22106436061053583
l9,678,0.8410315737372235,8.903836556883052,0.22588609828964745
l9,679,1.0949811203108972,12.920291866115367,0.2513466702685018
l9,680,0.925490230463976,11.671020513022437,0.22949625880236746
l9,681,1.000472495642931,11.420944842754587,0.21051342395831607
l9,682,0.9196955071796507,10.384165087758204,0.22322494123324718
l9,683,0.9841880866983492,11.12715590612115,0.2317022706900794
l9,684,0.887723919749067,10.253049747734805,0.22292945236721348
l9,685,0.7393078017717267,8.490639188742144,0.16022609225077378
l9,686,0.9895598253978262,13.495508226566313,0.23207301015328385
l9,687,0.9580126026974338,12.300155884592396,0.2230189386978356
l9,688,1.1339794605920914,13.216684872941183,0.2407983433688658
l9,689,0.9380070689703279,9.122687473020548,0.18265497294841498
l9,690,0.9330630294236579,11.470395469561502,0.21252696140278954
l9,691,1.045668602830008,13.24123167023227,0.23595389047440268
l9,692,1.0982645205812274,12.600619086343874,0.21660297902374884
l9,693,0.872380153599096,11.03505526961279,0.2002009896537748
l9,694,0.9528497954955877,11.362038898550258,0.21060584322491444
l9,695,0.8695129401930967,7.123164831097023,0.20637582810052196
l9,696,1.0461981766136716,11.81283023688897,0.23368231895583666
l9,697,0.8053452331471128,8.984049027641351,0.2067013457575507
l9,698,0.9743866127055476,11.625815671761405,0.2258975443657345
l9,699,0.6680599438930104,5.765046880579428,0.1810288020200851
l9,700,1.0035457229603248,10.208407573392794,0.23567816767067634
l9,701,0.8260686086156726,8.739123914590998,0.23897527449624856
l9,702,0.9429131285191954,11.523446521776782,0.22940033337445892
l9,703,1.1286772880307803,13.239178271028317,0.23786420929091348
l9,704,1.0642656284169818,13.158740785638136,0.22830868613106609
l9,705,1.2433786904110344,13.111362254875097,0.2499468694509398
l9,706,0.9415881421291383,9.339140631084085,0.19641590281658333
l9,707,0.977691547686387,9.513437989659469,0.24163188324195362
l9,708,0.875333559545755,11.398593183555144,0.223823455452984
l9,709,0.986572870295814,13.087010714052328,0.2211731562862972
l9,710,0.7277050570633415,9.248514447828315,0.19276477670440897
l9,711,1.025937613365551,11.39559123443937,0.22874756327902251
l9,712,0.9107088641517006,9.226833990988721,0.22508976340098572
l9,713,0.8679710130383168,8.953096999423526,0.18895283037543212
l9,714,0.9143206334221681,11.368253230021207,0.22904498989414726
l9,715,1.0026954566412176,11.216340918880393,0.23750131823385082
l9,716,1.0312024419778032,12.78001084359633,0.22873497939869405
l9,717,1.0081913570973595,12.206348782374516,0.2226725328033009
l9,718,0.9582522007009103,12.010697319855188,0.21174948024805526
l9,719,0.9422246403654699,12.160403833118927,0.2051234010505904
l9,720,0.8494025536481252,10.465856550042139,0.20778095841475255
l9,721,1.1769550296598008,12.955611946121316,0.23433144050220117
l9,722,1.1200501501955062,13.406994726482782,0.23342964113624226
l9,723,1.0461929915044672,12.778566434922919,0.21838040811671386
l9,724,0.7486683898107679,6.271263896818928,0.18080919368094148
l9,725,0.9286088227224869,11.854954865399375,0.20590778725724873
l9,726,1.1621898922439133,13.143304319181217,0.22377555974210905
l9,727,0.8728147915409016,8.124133344552895,0.21376332836700968
l9,728,1.1497379553475007,13.308282595270668,0.24855045398870468
l9,729,0.880308861886279,10.025968546618362,0.22507300880247644
l9,730,1.1571892115260474,13.66659220331336,0.25477906792354743
l9,731,1.0763452869817884,11.295903188008047,0.23080432417180208
l9,732,0.9062443886969785,9.07355857458925,0.18484642323030204
l9,733,1.015897673563767,12.25720613734277,0.215429371214377
l9,734,0.8342251932473784,9.520852421722047,0.17426233727299428
l9,735,0.9899269193837404,9.503914001268107,0.21553715726885428
l9,736,1.246847405904033,13.691599662774923,0.24941980127909907
l9,737,0.8896958740304319,10.739287225129326,0.22858663820624237
l9,738,0.9645653501427602,9.32314442401644,0.20776183651653746
l9,739,0.8012290310430742,8.098223602789785,0.197995338100067
l9,740,1.0348379927319016,12.296784331569857,0.21658256312720547
l9,741,1.0873746761954717,13.03991241940254,0.22577771802956578
l9,742,1.0295404817904736,10.69525760104748,0.22874137618636445
l9,743,1.191451293927391,13.737391704650927,0.24345196921887535
l9,744,1.048214870300757,13.137701755133383,0.23624396397003222
l9,745,1.0994527562614398,13.112222478261906,0.24924025096566793
l9,746,0.9141775764114447,10.10965523805086,0.19986679205406863
l9,747,0.9534528493885641,11.186190830833027,0.19950542753093706
l9,748,0.9366830036270273,11.243927769091883,0.21108961380772462
l9,749,1.1935864619304106,13.0834326422328,0.25063273606730796
l9,750,0.849139805822952,10.202386428013265,0.20867418748999111
l9,751,0.8440692996407033,10.007723696737797,0.23332790784615476
l9,752,0.887920293028577,8.041767142512043,0.19903242618823314
l9,753,0.7889665822918843,7.936234746903338,0.19828595829897383
l9,754,1.1718296446430325,12.862389432893805,0.251215303556326
l9,755,0.8968468201465652,9.83526673352099,0.2334079769511408
l9,756,1.0578268324088997,12.777974289523035,0.23728113728637884
l9,757,1.1760649113715165,12.189686401999726,0.24091223383921206
l9,758,0.9775675566962343,9.668436211785641,0.209037975071096
l9,759,0.8912937180540681,9.638713973223137,0.18184930536575405
l9,760,0.7500759956152794,10.042377192657934,0.20195207841887625
l9,761,1.0282122223119214,10.932440963669059,0.21172850324015427
l9,762,0.9764125528941492,10.44928456364464,0.2248290979413647
l9,763,0.9275362881619877,12.562763703098009,0.21458734032971383
l9,764,0.9325088718990062,10.397711732156768,0.2079256879705454
l9,765,1.0286694485448116,11.447949097765699,0.227159402331519
l9,766,0.9898308923571061,13.245858835107285,0.22534335698080535
l9,767,0.7235323934734399,7.098735204828168,0.1876076557308712
l9,768,0.9796866556201766,11.868583779042641,0.21852263740965205
l9,769,0.8695542824956327,11.861902442934204,0.21005253813497082
l9,770,1.0403759818542735,13.334281728841816,0.23661788807666623
l9,771,0.9697575463842492,10.472410973325745,0.23173194135569827
l9,772,0.9476420199916029,11.485163047439917,0.21276095407268522
l9,773,0.9415820338657731,12.168526899033917,0.20474591418567076
l9,774,0.7925303526948447,9.626896305382104,0.2101818676322007
l9,775,1.0521147603083851,12.934031697278433,0.23904283929238868
l9,776,0.9083876663363176,11.150280355047235,0.214098637934676
l9,777,1.1012552849128447,13.546256899843275,0.24307391886967877
l9,778,1.1669834074354626,12.976174865638448,0.24116044164184564
l9,779,1.024193891275746,12.237913595758625,0.2098140230110298
l9,780,0.8444129909395559,8.277125194825551,0.20378206694420736
l9,781,0.9138111958236401,10.764151626784868,0.22351044609571055
l9,782,1.0137706475456971,10.891060509841637,0.22152954031382652
l9,783,1.1187598713912272,12.536712243732897,0.23870620056063588
l9,784,0.8745606955291308,8.003285516210578,0.18487880052982417
l9,785,1.0825178366106658,12.815920123021659,0.24495357787640035
l9,786,0.9746094239407459,11.909916071310514,0.21227035280082798
l9,787,1.0993812296632943,13.10629411051362,0.23286385113063815
l9,788,1.0131265197416681,11.162509046827982,0.23113721838356963
l9,789,0.9125463369030256,8.93516611093824,0.19931392447982307
l9,790,0.8931328307301833,10.181665657247102,0.22415103705999043
l9,791,1.0562386145912828,10.747751557466993,0.20012806489577706
l9,792,0.8756691957978515,9.7344640667439,0.20144619205481118
l9,793,0.9436748176629877,8.044046120470107,0.21810164366303528
l9,794,1.0143908591369877,10.699835010166655,0.231085596833987
l9,795,0.9583195716638411,10.834780660877053,0.22015065523253963
l9,796,1.0435251980055427,12.532643195788095,0.233749196916046
l9,797,1.1846353605632676,12.195964966201998,0.24298031376769835
l9,798,0.9489682401216067,11.884176603890868,0.2345174015936032
l9,799,0.8740416250238443,11.050411821340045,0.22585059945147337
l9,800,1.1859260890252343,11.600521539739862,0.2492035586810685
l9,801,0.9301882421768324,10.60241119087252,0.22904373740248346
l9,802,1.0402055472144305,11.133584862059669,0.22963684147499736
l9,803,1.0657031373757624,10.53423198823678,0.2393416315064486
l9,804,0.7748470152113996,6.132605014685062,0.17342135002802683
l9,805,0.7789944854665127,9.791607431475557,0.2146745398223751
l9,806,1.0084938312178673,12.766173511700812,0.2148859848369693
l9,807,1.2867936431584364,13.596029520600181,0.2463047334779651
l9,808,0.9064227365477163,10.470058021939824,0.22806633721735217
l9,809,0.960125013444847,10.524151906510037,0.2289127508046672
l9,810,1.0061910860096748,11.14860321245089,0.23391407833807148
l9,811,0.9289474368318954,11.997027909941252,0.20577122673088397
l9,812,1.070371654826975,13.383944122231302,0.2353663920090576
l9,813,0.7128809367463178,5.603260604651282,0.182746560227587
l9,814,0.9944095718316512,12.383606469587024,0.21300709767943524
l9,815,1.1228095910974796,13.079275054905795,0.24985068767803129
l9,816,1.0107563277012686,10.199272242534546,0.23979606340308485
l9,817,1.1731711345534224,12.353165884462964,0.23774869262060394
l9,818,1.1160237999834013,13.57857372150917,0.2317223955615053
l9,819,1.106534742046638,12.8402551281739,0.24770600423267902
l9,820,0.7388076089311235,4.9197088759872205,0.2014740069475833
l9,821,0.8770250198787448,9.682367393583599,0.20156743969953142
l9,822,1.0533207004051441,10.450336982899968,0.22715059145876826
l9,823,0.8265418157981592,11.377790464140531,0.22551432792257958
l9,824,1.1670201246703957,13.668567901496392,0.24261739177255864
l9,825,1.0295597723561356,11.358657211960136,0.2020878854257007
l9,826,1.1028289840478394,13.03055247097966,0.24563342575246522
l9,827,1.0695227579683313,10.206315587688849,0.2413819977277733
l9,828,0.7833870586838705,7.884078817484187,0.2138170991813809
l9,829,1.0629522619254146,13.204818419742363,0.24753781581785603
l9,830,0.903916867692218,9.35135044186918,0.18334777160001828
l9,831,1.1938678241706915,13.658582127435086,0.2441877931829478
l9,832,1.1480546226565491,13.484963930242454,0.23315738952414786
l9,833,1.0270958832623045,11.374844887974715,0.23219996713239302
l9,834,1.061919405546087,13.07482308036678,0.23692623788506345
l9,835,0.9451420099065215,8.47911589129761,0.20013404604159996
l9,836,0.8401370740754549,9.876819442330016,0.20752019282423526
l9,837,0.9515987232417955,12.523247488574269,0.23287411636859098
l9,838,0.8655097826665977,9.980638865481268,0.2080094902898603
l9,839,0.9726583082365763,12.991684975218845,0.22849253203323894
l9,840,1.0724412236319532,12.458689327327306,0.23359919665597664
l9,841,0.8809646500859989,9.669190136400784,0.20350489349613943
l9,842,0.909815989030052,9.960367030059247,0.2146075962517939
l9,843,1.0436129149783409,11.450242859816147,0.22003093478047214
l9,844,0.8914558696665046,9.841826429806902,0.19606478181318945
l9,845,0.9678482790918532,12.60613278820047,0.22218444553485012
l9,846,0.8667563123161794,12.100639631681137,0.2172615064194625
l9,847,1.0592863195146984,12.686803205976318,0.23865868473923182
l9,848,1.1056776645144204,12.903361991965593,0.2463213394264031
l9,849,1.0427445387176892,13.002262021422045,0.22594284410049328
l9,850,1.1461496745195217,13.318470464131352,0.22646090470162322
l9,851,0.8605121372896798,8.129406891420732,0.18881584216316305
l9,852,0.8277988257934671,7.4934697336487215,0.18837526463076054
l9,853,0.949208515153145,11.03666418214907,0.23157712467745853
l9,854,1.0585696962083657,10.800634515115991,0.22030538404274094
l9,855,0.8887273424928195,9.365683736155724,0.23108967392806617
l9,856,1.189299518125848,13.683681761758407,0.22431707094941994
l9,857,1.0259612624470253,12.656255269902642,0.23257807174132436
l9,858,1.0655196523946093,10.034317059759685,0.21189053435067703
l9,859,0.951477529234026,11.56579473432892,0.22636114688600975
l9,860,0.9363699217605819,10.492303130408807,0.23366613750034324
l9,861,0.9039206412100493,10.861822421341724,0.2077909098288684
l9,862,1.1010794619772983,12.57181411784957,0.2344359979174792
l9,863,1.072070829163578,13.461073996465746,0.23420136769072206
l9,864,0.9367779698403932,9.612698113720489,0.23483148732077097
l9,865,0.9929453711953242,11.623548155461878,0.22017539451321716
l9,866,0.9578799655255208,12.125819209589583,0.2384643613794156
l9,867,1.133786304655881,11.525705732226104,0.2268808490909056
l9,868,1.0100429516576,11.865040181700225,0.21270521638800696
l9,869,1.1710324460230885,13.698708214094315,0.248993960284439
l9,870,1.1310256507605096,13.021471850086678,0.2176374838991239
l9,871,0.8024713015258379,8.053672566466364,0.18951261078264983
l9,872,0.9486944872845291,12.261104515512738,0.22971433034865518
l9,873,1.0891856111772025,13.360925738031847,0.23905586586306898
l9,874,1.1845302218772487,13.80644703638371,0.24839894522618422
l9,875,0.7306540569815498,7.8965605830619285,0.19480294881032476
l9,876,1.1304209807057655,12.890833366329536,0.23252487463615487
l9,877,0.7684536613388849,8.228151514502443,0.1884721652340352
l9,878,0.9592548511227958,9.73485559070723,0.2265838932053269
l9,879,0.9317701570462587,9.957718327567724,0.22788908857798965
l9,880,1.1531329617432482,13.65284194135933,0.24351251087765377
l9,881,0.9096659298852474,10.623074040304925,0.2276295003043483
l9,882,1.104342049257506,13.558916714313058,0.231657729368667
l9,883,0.9480204157819871,10.78502942485827,0.22818372803109052
l9,884,1.0936843015540731,12.675704058918988,0.244425423957996
l9,885,1.155991492112097,13.856584394181382,0.2572270732493196
l9,886,0.8525350369621196,10.223855389412897,0.22370616791585116
l9,887,0.955803712107778,10.353159723143584,0.23365482382874955
l9,888,0.9182086489132726,10.371579665529623,0.21706134641832855
l9,889,1.099927106160876,13.125914113685296,0.2270413241322069
l9,890,0.9085727083408437,9.989410469210142,0.20625109194048397
l9,891,1.0358987326660962,11.569551694501804,0.21863048791368125
l9,892,1.0918933217444091,13.59740910364299,0.23534073098502936
l9,893,1.0074729939355245,12.391399380585382,0.20925196472111718
l9,894,0.9070834773835935,9.445360855816416,0.22223738127613651
l9,895,0.9748631582001848,11.061647605870881,0.24064168680012094
l9,896,1.0441360443350345,10.74432744654645,0.22821711341530188
l9,897,1.042196691953894,12.57478430013729,0.2136616316718665
l9,898,1.0823308121162614,9.294933075714999,0.1995585778978028
l9,899,1.0540073050974392,12.60159791620842,0.2411095986115213
l9,900,1.010640387026427,11.838132024840835,0.24678626932333417
l9,901,1.1188481280345557,13.294176353646614,0.23592517982856778
l9,902,1.0908773087506858,12.816143376998967,0.22178895933638942
l9,903,0.9848078924892673,11.532739579727055,0.2314376876243382
l9,904,1.11162415546138,13.697079389858917,0.23977220346724126
l9,905,1.1718854361927882,13.538802299849973,0.23478770857008424
l9,906,1.0313074934608117,11.6964025320478,0.2359277651636626
l9,907,0.8133143975130717,7.033543561277195,0.19635946463128057
l9,908,0.9639891686616812,10.957834105290727,0.20590692986471582
l9,909,1.1257942984734144,12.802588022315124,0.2346736122092289
l9,910,0.9841143381624233,12.004212205988631,0.20852809983945655
l9,911,1.0080020071030895,12.377156209509403,0.2196373643081125
l9,912,1.0084699273052535,13.20707035489754,0.23775877055625144
l9,913,1.003012362669409,11.336609251218329,0.24288938530765025
l9,914,1.0029140314360063,10.27955186432499,0.20816908400215578
l9,915,0.9018964056989556,11.757988949819138,0.2247067336410233
l9,916,0.8963072375640968,9.62826263387574,0.23542245038390952
l9,917,1.0256580231530037,10.701962323797787,0.2366704368880289
l9,918,0.9849887448719229,10.581053239140974,0.2246037545872267
l9,919,1.1277622034269361,13.285217451598907,0.22742090087115446
l9,920,1.1337548979322847,13.730851182094439,0.23980982625500508
l9,921,0.992243622769662,11.872398614266572,0.22506679437604624
l9,922,0.9772278502452614,9.844750603540726,0.2427243836120316
l9,923,1.0064533949159784,13.168888513759835,0.2358475257803034
l9,924,1.1234633414435085,13.274847633006623,0.24921076492296484
l9,925,0.9080413430641117,10.079317630197922,0.20901395504165765
l9,926,1.1381041455372614,13.626250874411753,0.2483062610789708
l9,927,0.8487602434563966,10.123162471531355,0.21413024276190615
l9,928,1.0922114907955023,12.750726034535681,0.24063664467466853
l9,929,0.7839758755028059,9.124909437520898,0.20907135924399126
l9,930,0.9510954696598969,10.577156318842864,0.2254564850101885
l9,931,0.9469426726963854,9.4570126916648,0.21342358312928053
l9,932,0.9255404754203331,9.512768329931081,0.2433575116032632
l9,933,1.0280314297612907,11.726248038583357,0.21644821776940157
l9,934,1.0318562659731376,10.578819125410797,0.23490370141853265
l9,935,1.060813545346357,13.088374257187413,0.22003607187626628
l9,936,0.7862701687275679,11.45119239429556,0.2177836493301585
l9,937,1.1166335711685988,13.500327773458967,0.2440977967092784
l9,938,0.9448431547695529,11.285458382419367,0.22312918224512793
l9,939,1.0385172991391878,9.632523130405911,0.2140938936929559
l9,940,0.9732629382728145,10.30389391987218,0.21173095047792773
l9,941,1.0936782845753374,13.130163355623708,0.23641390884305435
l9,942,1.0057228362007598,8.843359370390386,0.23347545936314631
l9,943,0.9037867362801111,10.925997807926356,0.19902562111704958
l9,944,0.9490866847574688,11.497644499227658,0.23763423294037433
l9,945,1.145191655041021,13.831529873660877,0.24590953765639034
l9,946,1.027739520199286,12.498320515007283,0.2226151905660266
l9,947,1.0403195678694777,13.239071182076774,0.23741250522362228
l9,948,0.925411072491078,12.45320062926247,0.21975894543990404
l9,949,0.98011785053551,11.118050192178446,0.21305983961997377
l9,950,1.1034068542557525,12.634735317957004,0.23770896171606185
l9,951,1.019836221675209,12.903297849157763,0.24003466819768815
l9,952,0.8161073401658443,10.820969288540473,0.2211114237301246
l9,953,0.8856633407720649,10.078860773135727,0.20789073112071635
l9,954,1.034001715206739,11.70345027976085,0.24228582027406423
l9,955,1.0658103247126602,10.828228447142354,0.2358673544516494
l9,956,0.9238904710370597,9.295358093324927,0.2274548742626959
l9,957,1.0893147615873162,12.252677877460805,0.23669213599823952
l9,958,1.0468931491693687,12.931363845243926,0.221723154534605
l9,959,0.9030917706419044,9.903170908070338,0.2268780090838819
l9,960,1.135011433914725,13.166273671062418,0.23421545023840457
l9,961,0.9337707310453002,12.667462052132539,0.21638639367391932
l9,962,1.0258369829388274,11.271665894686466,0.23771369407273604
l9,963,0.9686943908959464,12.933072471197105,0.2138676615881571
l9,964,1.021206936257839,12.52222115850568,0.24712591323055333
l9,965,1.0606961026619024,13.235089672235146,0.2391544499636386
l9,966,1.1144589432659644,10.56000774109565,0.24404340053462403
l9,967,1.1578890125600334,13.663517189458798,0.23932417642759424
l9,968,1.082205790679542,12.367106788682579,0.23413030831976808
l9,969,0.9278793471416688,10.275131810824345,0.21731697596653277
l9,970,0.8841667718956443,10.555843661551975,0.23251690925362686
l9,971,0.9882959046660081,11.940708178618571,0.22369288453558311
l9,972,1.0385930336456264,10.398013802141627,0.2382084366130598
l9,973,1.1362326900332655,13.589343935271064,0.24464153262340757
l9,974,0.8723194488303404,11.471912587870909,0.23331215704299824
l9,975,0.9474102044532183,12.383999011319418,0.2173385282291572
l9,976,1.0397858378493157,12.564351183333864,0.2395373054247742
l9,977,1.0163401922991997,12.350118868134084,0.24097847439671077
l9,978,0.9577836663795157,9.65530709088285,0.2048165521082021
l9,979,1.0919325940002005,13.340027643022779,0.2290506549981771
l9,980,0.9297837696993161,12.015575560150952,0.21492738491519492
l9,981,0.9847621388389354,13.419128821469462,0.21565291041044696
l9,982,1.054646501966931,13.659343806446463,0.24248914865235763
l9,983,0.9905570738945443,10.095191038608677,0.22171676158400286
l9,984,0.9952871280657556,10.420705540052428,0.22537088460501337
l9,985,1.2300671756694506,13.770027354323219,0.25127282073541035
l9,986,1.133479146549045,13.47542931486475,0.24025657300503772
l9,987,1.0178564964114067,12.592899384285957,0.21544027298428395
l9,988,1.0210423084714724,11.395408516109706,0.2378637413948823
l9,989,0.9832053678808613,12.775569644144523,0.23547507829105102
l9,990,0.9350648427873545,10.271346481668077,0.2156618608583935
l9,991,0.9081281669258003,10.377191945080781,0.21579123363649014
l9,992,0.9420696122298932,9.736551421752287,0.1957153621702125
l9,993,0.9180456882265029,10.373408404134006,0.20988456229646224
l9,994,0.8241636976572853,9.735601568060378,0.21357844819390043
l9,995,0.9621312829966072,12.603173493908006,0.22854352583338874
l9,996,0.8748107608586118,11.509259256306349,0.21736630276194874
l9,997,0.9459664116284042,11.080880709011018,0.21226012310936518
l9,998,1.1940719002976472,13.663578817488048,0.23303765567380333
l9,999,0.7488554862322783,7.5289711839584825,0.19605691950568266
