system,client,architecture,half,arm,mode,lambda,readout_gain,weighted_lambda
h9,0,ResNet10,u1,frozen,1,17.086229090118795,1.0260415137662755,17.531180360182862
h9,0,ResNet10,u1,frozen,2,2.3815492534309213,0.5898502580513313,1.4047574416981843
h9,0,ResNet10,u1,frozen,3,1.2979273648500744,3.9284905968203527,5.098895448169337
h9,0,ResNet10,u1,frozen,4,0.7335878049424176,1.3448426386635037,0.9865601592901285
h9,0,ResNet10,u1,frozen,5,0.5076096918754847,1.297131720285533,0.6584366328560568
h9,0,ResNet10,u1,frozen,6,0.29247476495689384,0.37410995029445926,0.10941771978040721
h9,0,ResNet10,u1,frozen,7,0.1775839507071443,1.6049105808258832,0.285006361474758
h9,0,ResNet10,u1,frozen,8,0.12710804054604252,0.06723829975994992,0.008546528532134676
h9,0,ResNet10,u1,frozen,9,0.09472656198098756,0.7470197730233938,0.07076261483032377
h9,0,ResNet10,u1,frozen,10,0.06996240458805855,0.4833438796204987,0.033815900061171196
h9,0,ResNet10,u1,frozen,11,0.04175086548215207,2.092724044946758,0.08737304009183726
h9,0,ResNet10,u1,frozen,12,0.03821646112398857,0.4188064414988047,0.01600530009001506
h9,0,ResNet10,u1,frozen,13,0.03129994688977259,1.6411237158032144,0.05136708514418686
h9,0,ResNet10,u1,frozen,14,0.025852626382354266,1.217315075610883,0.03147079183937549
h9,0,ResNet10,u1,frozen,15,0.01996418664759867,0.26376315951049967,0.005265816947227956
h9,0,ResNet10,u1,frozen,16,0.015085697138655714,0.5465415854367068,0.008244960831578886
h9,0,ResNet10,u1,frozen,17,0.013792217235333243,0.7517686321758962,0.010368556285679292
h9,0,ResNet10,u1,frozen,18,0.01254245952321325,0.4550607877770329,0.00570758151129497
h9,0,ResNet10,u1,frozen,19,0.008617765277284264,0.2602653052560137,0.0022429053105170647
h9,0,ResNet10,u1,frozen,20,0.006814176522696521,0.3830777204310217,0.0026103592089291696
h9,0,ResNet10,u1,frozen,21,0.006607422268555439,0.288297321294946,0.0019049021406891084
h9,0,ResNet10,u1,frozen,22,0.005384252012212941,0.26340477408607627,0.001418237684899451
h9,0,ResNet10,u1,frozen,23,0.004485238172848767,0.5671582186111956,0.0025438396921598407
h9,0,ResNet10,u1,frozen,24,0.004253167112462855,0.2071270874633649,0.0008809461164994009
h9,0,ResNet10,u1,frozen,25,0.00385296938962556,0.09073640735038133,0.0003496046000456149
h9,0,ResNet10,u1,frozen,26,0.00346525390341149,0.22150569961755617,0.0007675734902276295
h9,0,ResNet10,u1,frozen,27,0.002735610339514245,0.4600617798223378,0.0012585497616973134
h9,0,ResNet10,u1,frozen,28,0.0026629559395469106,0.30992773315885686,0.0008253238978456879
h9,0,ResNet10,u1,frozen,29,0.002419083581982809,0.17363153905799866,0.0004200292054496114
h9,0,ResNet10,u1,frozen,30,0.002214003142518441,0.19538515230821357,0.0004325833412118291
h9,0,ResNet10,u1,frozen,31,0.0019504443585149902,0.1732434889936881,0.00033790178575719275
h9,0,ResNet10,u1,frozen,32,0.0016843080497442192,0.1710652819423326,0.0002881266314072352
h9,0,ResNet10,u1,frozen,33,0.0016303979784088702,0.21336917310731573,0.0003478766684889398
h9,0,ResNet10,u1,frozen,34,0.0014030988594749582,0.13658523532214786,0.00019164258790162444
h9,0,ResNet10,u1,frozen,35,0.00138450628005587,0.2002557522416029,0.0002772553465958116
h9,0,ResNet10,u1,frozen,36,0.0013612968574782196,0.29716135623088485,0.0004045248204010693
h9,0,ResNet10,u1,frozen,37,0.0010300283229911743,0.30399448138589863,0.0003131229258604889
h9,0,ResNet10,u1,frozen,38,0.0009046605682678442,0.06422385833970758,5.810079218195338e-05
h9,0,ResNet10,u1,frozen,39,0.0008501043744965924,0.22161363389950164,0.0001883947196260527
h9,0,ResNet10,u1,frozen,40,0.0007491675908574696,0.18638801724255222,0.00013963586184230335
h9,0,ResNet10,u1,frozen,41,0.0007342582024549137,0.11926915733584015,8.757435707372627e-05
h9,0,ResNet10,u1,frozen,42,0.00065279129355538,0.12904121982791797,8.423698481343071e-05
h9,0,ResNet10,u1,frozen,43,0.0006384338855713548,0.06147100825197886,3.924517464829968e-05
h9,0,ResNet10,u1,frozen,44,0.0004913258885381113,0.1656263512642136,8.137651420021508e-05
h9,0,ResNet10,u1,frozen,45,0.00045409473703077267,0.07810878261787768,3.5468787102658956e-05
h9,0,ResNet10,u1,frozen,46,0.00040332217321726346,0.035626330653277236,1.4368889102836583e-05
h9,0,ResNet10,u1,frozen,47,0.0003828573369399347,0.0704887748023717,2.69871446049948e-05
h9,0,ResNet10,u1,frozen,48,0.00034826845242663505,0.1003592997697333,3.495197801742577e-05
h9,0,ResNet10,u1,frozen,49,0.0002864462963692432,0.025614927759788336,7.337301188557085e-06
h9,0,ResNet10,u1,frozen,50,0.0002631989499524214,0.10945140817787126,2.8807495703229583e-05
h9,0,ResNet10,u1,frozen,51,0.0002493773194136283,0.020250520307853327,5.050020471103706e-06
h9,0,ResNet10,u1,frozen,52,0.00021552922484852693,0.2923826113901946,6.301699759211672e-05
h9,0,ResNet10,u1,frozen,53,0.0001899968675389949,0.33191806473641144,6.30633925795235e-05
h9,0,ResNet10,u1,frozen,54,0.0001728572597556301,0.14664693659867795,2.534898761200509e-05
h9,0,ResNet10,u1,frozen,55,0.00015906149510992254,0.03704715173720452,5.892775344883915e-06
h9,0,ResNet10,u1,frozen,56,0.00014139085115514203,0.16623111590761314,2.350355896664649e-05
h9,0,ResNet10,u1,frozen,57,0.00012443032024596508,0.09868616874450178,1.2279551580725707e-05
h9,0,ResNet10,u1,frozen,58,0.00012001843065716054,0.07300798076161148,8.762303276456779e-06
h9,0,ResNet10,u1,frozen,59,0.00010598269107129324,0.04982665901324839,5.280763409315773e-06
h9,0,ResNet10,u1,frozen,60,9.254385137705602e-05,0.010248984988888687,9.484805435773929e-07
h9,0,ResNet10,u1,frozen,61,7.548378576786918e-05,0.03839959917241146,2.8985471175023532e-06
h9,0,ResNet10,u1,frozen,62,6.447354713804867e-05,0.07404358872468096,4.773852807911007e-06
h9,0,ResNet10,u1,frozen,63,6.085550425732572e-05,0.048083510909562914,2.926146302864074e-06
h9,0,ResNet10,u1,frozen,64,4.2351447820492984e-05,0.017794018723626712,7.536024554905519e-07
h9,0,ResNet10,u1,crsf,1,15.407617820535068,1.0356938320737696,15.957574743678066
h9,0,ResNet10,u1,crsf,2,2.734709772871476,0.916163007669035,2.5054399306158355
h9,0,ResNet10,u1,crsf,3,1.3087157286895372,3.4820573748842647,4.557023254710438
h9,0,ResNet10,u1,crsf,4,0.7850812704354403,1.3855593949297598,1.0877767300352157
h9,0,ResNet10,u1,crsf,5,0.53462410550707,1.3642524420357338,0.72936224150919
h9,0,ResNet10,u1,crsf,6,0.33311944698470985,0.3527552333337121,0.11750962824908846
h9,0,ResNet10,u1,crsf,7,0.1964263745797949,1.6472350130049211,0.32356040168545797
h9,0,ResNet10,u1,crsf,8,0.13937735227855153,0.068640510019002,0.009566932545497887
h9,0,ResNet10,u1,crsf,9,0.11247977769109853,0.8492959678935472,0.09552862166261254
h9,0,ResNet10,u1,crsf,10,0.07666743323532382,0.380855568039196,0.02919921883494639
h9,0,ResNet10,u1,crsf,11,0.04453346823048348,0.9631397720919689,0.042891954441972795
h9,0,ResNet10,u1,crsf,12,0.04222650770276697,1.1809024028140527,0.049865384408643625
h9,0,ResNet10,u1,crsf,13,0.03361095787170017,1.9774891927409066,0.06646530594895698
h9,0,ResNet10,u1,crsf,14,0.027806698974956547,1.1609815229010856,0.03228306372279711
h9,0,ResNet10,u1,crsf,15,0.021161033583066625,0.24315713342778014,0.005145456266427468
h9,0,ResNet10,u1,crsf,16,0.016286510220968504,0.5294980643318088,0.008623675636723043
h9,0,ResNet10,u1,crsf,17,0.014457008415818135,0.7532140612603413,0.01088922202255331
h9,0,ResNet10,u1,crsf,18,0.01375897119258941,0.5370247151132508,0.007388907584951752
h9,0,ResNet10,u1,crsf,19,0.008892895516669906,0.2609783611992436,0.002320853298256613
h9,0,ResNet10,u1,crsf,20,0.007119993554106513,0.39260979874446333,0.0027953792363396342
h9,0,ResNet10,u1,crsf,21,0.007004487324691572,0.3337866045276889,0.002338004040566035
h9,0,ResNet10,u1,crsf,22,0.0057066951938760345,0.23292670456739362,0.0013292417054801282
h9,0,ResNet10,u1,crsf,23,0.004937514364878828,0.44145907927169725,0.0021797105454101867
h9,0,ResNet10,u1,crsf,24,0.004411505971305094,0.25496762578204013,0.0011247912036269527
h9,0,ResNet10,u1,crsf,25,0.004102549217836506,0.10889434535791424,0.00044674441137492946
h9,0,ResNet10,u1,crsf,26,0.003611617451150719,0.26174469543917317,0.0009453217097942478
h9,0,ResNet10,u1,crsf,27,0.0029214862802443282,0.36668430092006604,0.0010712631543189557
h9,0,ResNet10,u1,crsf,28,0.0028291675452396517,0.44624413090682236,0.0012624994124152563
h9,0,ResNet10,u1,crsf,29,0.0026095497314382733,0.18760865690654258,0.0004895741202459634
h9,0,ResNet10,u1,crsf,30,0.0023963530348889684,0.22707627634425834,0.0005441549239688495
h9,0,ResNet10,u1,crsf,31,0.002051359136500881,0.17982346317723835,0.0003688825041458576
h9,0,ResNet10,u1,crsf,32,0.0018160117303459122,0.19284760246015786,0.0003502135082367319
h9,0,ResNet10,u1,crsf,33,0.001720319510378914,0.21580235635583855,0.0003712490040246921
h9,0,ResNet10,u1,crsf,34,0.0015296432516854065,0.18020180952821063,0.0002756444818863264
h9,0,ResNet10,u1,crsf,35,0.001522786290791574,0.2932210371787503,0.00044651297558748735
h9,0,ResNet10,u1,crsf,36,0.0014991586709199064,0.12544363414983545,0.0001880599118474303
h9,0,ResNet10,u1,crsf,37,0.0011189186800630545,0.2506596265076785,0.0002804677384370698
h9,0,ResNet10,u1,crsf,38,0.0009547473730842272,0.11955263330797385,0.0001141425625960899
h9,0,ResNet10,u1,crsf,39,0.0009204445094098568,0.19915833317329332,0.00018331419427257677
h9,0,ResNet10,u1,crsf,40,0.000808516703996476,0.18670651427609214,0.00015095533553717702
h9,0,ResNet10,u1,crsf,41,0.0007630192175641896,0.1333311834846907,0.0001017342552993961
h9,0,ResNet10,u1,crsf,42,0.0007073801905304946,0.12733947480382363,9.007742194878186e-05
h9,0,ResNet10,u1,crsf,43,0.0006533302368695937,0.056645738104759535,3.700837349363552e-05
h9,0,ResNet10,u1,crsf,44,0.0005324064728851226,0.1504036818935749,8.007589378589418e-05
h9,0,ResNet10,u1,crsf,45,0.000486682954884544,0.06316413393319864,3.074090734533221e-05
h9,0,ResNet10,u1,crsf,46,0.0004337265633895642,0.04046190367896794,1.754940243087833e-05
h9,0,ResNet10,u1,crsf,47,0.00041002682681478723,0.09531967184118235,3.908362257806683e-05
h9,0,ResNet10,u1,crsf,48,0.00037390228643591135,0.09423817539641502,3.523586925026802e-05
h9,0,ResNet10,u1,crsf,49,0.00031128891202527405,0.021265521910302117,6.619721179107573e-06
h9,0,ResNet10,u1,crsf,50,0.0002767545709309559,0.10452141462903367,2.8926779258754747e-05
h9,0,ResNet10,u1,crsf,51,0.00026759189266407495,0.023695032014608184,6.340598463524853e-06
h9,0,ResNet10,u1,crsf,52,0.00023800318643726865,0.19616837611028698,4.668869859247287e-05
h9,0,ResNet10,u1,crsf,53,0.00021008988390552877,0.28444075445966016,5.975812508243102e-05
h9,0,ResNet10,u1,crsf,54,0.00019055287433136298,0.2566028452385528,4.8896409721812136e-05
h9,0,ResNet10,u1,crsf,55,0.00017393461694381528,0.05194715915226463,9.035409228468557e-06
h9,0,ResNet10,u1,crsf,56,0.0001582399030134264,0.16875942252024334,2.670447465220515e-05
h9,0,ResNet10,u1,crsf,57,0.00013185012523997942,0.1306726320658624,1.722920290332171e-05
h9,0,ResNet10,u1,crsf,58,0.00012744525910251617,0.07232145346554822,9.21702637558736e-06
h9,0,ResNet10,u1,crsf,59,0.00011277025321237203,0.037495787173175164,4.228409413916175e-06
h9,0,ResNet10,u1,crsf,60,0.00010327079729883776,0.0072725202980347325,7.51038969550028e-07
h9,0,ResNet10,u1,crsf,61,8.275126703532286e-05,0.04059203720512215,3.359042510268824e-06
h9,0,ResNet10,u1,crsf,62,7.238347348862602e-05,0.06103730123433219,4.418091875712564e-06
h9,0,ResNet10,u1,crsf,63,6.765005916962912e-05,0.060428895076748125,4.088018327497321e-06
h9,0,ResNet10,u1,crsf,64,4.778631180468679e-05,0.012522003544470682,5.983803657954693e-07
h9,0,ResNet10,u1,rawspec,1,16.88785156882249,1.1327759820767975,19.130152646040084
h9,0,ResNet10,u1,rawspec,2,2.4191996837571543,0.8100296014248495,1.9596233556009297
h9,0,ResNet10,u1,rawspec,3,1.2660036754752004,3.5033609159006804,4.435267796046426
h9,0,ResNet10,u1,rawspec,4,0.7939305287584943,1.4086974003886814,1.1184078719513022
h9,0,ResNet10,u1,rawspec,5,0.5690265553237587,1.4730653844214938,0.838213321464031
h9,0,ResNet10,u1,rawspec,6,0.31352092277104177,0.3773326241973868,0.11830167252998343
h9,0,ResNet10,u1,rawspec,7,0.19783109346580502,1.5757525111579107,0.3117328423138576
h9,0,ResNet10,u1,rawspec,8,0.13667991893675263,0.06917571253115244,0.009454930781150018
h9,0,ResNet10,u1,rawspec,9,0.1066234015599339,0.7499191772206825,0.07995893357029606
h9,0,ResNet10,u1,rawspec,10,0.07534870415639067,0.3790086785753027,0.028557812794675043
h9,0,ResNet10,u1,rawspec,11,0.0458358235993565,1.515520428080998,0.06946512700274188
h9,0,ResNet10,u1,rawspec,12,0.04185608887657981,0.6765672526515037,0.028318459057964766
h9,0,ResNet10,u1,rawspec,13,0.03252980014050769,1.6388831718014067,0.05331254203234109
h9,0,ResNet10,u1,rawspec,14,0.02846019215268462,1.4981329749161925,0.04263715233638789
h9,0,ResNet10,u1,rawspec,15,0.0213684766763201,0.27376556171995686,0.005849953020392569
h9,0,ResNet10,u1,rawspec,16,0.016914108704025314,0.4774650503631591,0.008075895764215395
h9,0,ResNet10,u1,rawspec,17,0.014452782747916549,0.6666899028470632,0.009635524326078195
h9,0,ResNet10,u1,rawspec,18,0.013552617915794806,0.648612653727796,0.00879039947132254
h9,0,ResNet10,u1,rawspec,19,0.00914182159690324,0.28508453134858863,0.002606191925625566
h9,0,ResNet10,u1,rawspec,20,0.007243366439318607,0.36985347345701075,0.002678984237103927
h9,0,ResNet10,u1,rawspec,21,0.006764754384117484,0.26057770765323085,0.0017627441902504774
h9,0,ResNet10,u1,rawspec,22,0.005685734843976262,0.3391366534969844,0.001928241087657308
h9,0,ResNet10,u1,rawspec,23,0.00481177738588206,0.596473989511209,0.0028701000539968886
h9,0,ResNet10,u1,rawspec,24,0.004342307759328243,0.17269699815038408,0.000749903515081108
h9,0,ResNet10,u1,rawspec,25,0.004169120405505669,0.10224392068459656,0.0004262672160650547
h9,0,ResNet10,u1,rawspec,26,0.003696254588167066,0.25201335584331735,0.0009315055228152413
h9,0,ResNet10,u1,rawspec,27,0.002974993690490273,0.4062121525036716,0.0012084785906988956
h9,0,ResNet10,u1,rawspec,28,0.0028465981176165334,0.32908826581385114,0.000936782037995398
h9,0,ResNet10,u1,rawspec,29,0.0025607576934970964,0.25020688070535174,0.0006407191947321397
h9,0,ResNet10,u1,rawspec,30,0.0023257809736113386,0.17455984146748119,0.0004059879580416793
h9,0,ResNet10,u1,rawspec,31,0.0020431122744640133,0.19509244878817794,0.00039859577677436826
h9,0,ResNet10,u1,rawspec,32,0.0017871423053592557,0.20722240771664457,0.0003703359314488198
h9,0,ResNet10,u1,rawspec,33,0.0016661815732176895,0.21480381646268937,0.00035790216084696764
h9,0,ResNet10,u1,rawspec,34,0.0014678184826332564,0.09735867722361638,0.00014290486587354958
h9,0,ResNet10,u1,rawspec,35,0.0014616318369814658,0.1516669165303692,0.0002216811938175982
h9,0,ResNet10,u1,rawspec,36,0.0014040971591149413,0.3155098266378518,0.00044300645125505537
h9,0,ResNet10,u1,rawspec,37,0.001088623550813788,0.2969854531960592,0.000323305358598336
h9,0,ResNet10,u1,rawspec,38,0.0009283241909287958,0.07353853647481143,6.826760237506705e-05
h9,0,ResNet10,u1,rawspec,39,0.000864101391248206,0.20580874299231486,0.00017783962115070374
h9,0,ResNet10,u1,rawspec,40,0.0007705992699070445,0.16409565540793475,0.00012645199225227248
h9,0,ResNet10,u1,rawspec,41,0.0007571100348651756,0.13182021904216976,9.980241063495223e-05
h9,0,ResNet10,u1,rawspec,42,0.0006739801996253759,0.13542433709430354,9.12733217489529e-05
h9,0,ResNet10,u1,rawspec,43,0.0006329091087411086,0.07970235181208978,5.0444344449960024e-05
h9,0,ResNet10,u1,rawspec,44,0.0005121899969230876,0.1354391516528061,6.937057866831636e-05
h9,0,ResNet10,u1,rawspec,45,0.0004681302525678218,0.06621302198661565,3.099631870587312e-05
h9,0,ResNet10,u1,rawspec,46,0.0004173710335053579,0.049362659353601436,2.0602544150985556e-05
h9,0,ResNet10,u1,rawspec,47,0.00039420595892223915,0.07721752008334506,3.0439606550052302e-05
h9,0,ResNet10,u1,rawspec,48,0.00036574759631204627,0.08195288729185816,2.9974071537829166e-05
h9,0,ResNet10,u1,rawspec,49,0.00029505248020463443,0.02634354493898215,7.772728271628929e-06
h9,0,ResNet10,u1,rawspec,50,0.00026614005649888017,0.08963884601281985,2.3856487542346294e-05
h9,0,ResNet10,u1,rawspec,51,0.00025727989532415646,0.03233362605967576,8.318791928083798e-06
h9,0,ResNet10,u1,rawspec,52,0.00022501745246478002,0.2832049981865978,6.372606721724088e-05
h9,0,ResNet10,u1,rawspec,53,0.00019560198345190723,0.39525859357056936,7.731336487881463e-05
h9,0,ResNet10,u1,rawspec,54,0.00017706673837719842,0.12537022976417164,2.2198897673941833e-05
h9,0,ResNet10,u1,rawspec,55,0.00016028820333331098,0.05239504116778051,8.398307012358402e-06
h9,0,ResNet10,u1,rawspec,56,0.0001449078135391106,0.16110589668329828,2.3345503236634602e-05
h9,0,ResNet10,u1,rawspec,57,0.0001283255646683228,0.05564880370246398,7.141164158235343e-06
h9,0,ResNet10,u1,rawspec,58,0.0001244131359431363,0.12928130423494283,1.6084292478687906e-05
h9,0,ResNet10,u1,rawspec,59,0.00010911399848760526,0.0510660729357635,5.572023405080838e-06
h9,0,ResNet10,u1,rawspec,60,9.498470902964473e-05,0.008419660426154408,7.99738995706691e-07
h9,0,ResNet10,u1,rawspec,61,7.757113241158106e-05,0.03168891598424697,2.458145097793489e-06
h9,0,ResNet10,u1,rawspec,62,6.507897988206022e-05,0.07464608207676354,4.85789087374831e-06
h9,0,ResNet10,u1,rawspec,63,6.242232401678829e-05,0.057843428858825215,3.6107212584676298e-06
h9,0,ResNet10,u1,rawspec,64,4.2965220223665746e-05,0.020598372590163984,8.850136145855158e-07
h9,0,ResNet10,u2,frozen,1,16.63145186955068,1.0105842361974833,16.80748308444508
h9,0,ResNet10,u2,frozen,2,2.3738804906758104,0.603573410192636,1.432811143146967
h9,0,ResNet10,u2,frozen,3,1.2503186655004292,3.85099744726599,4.814973989111173
h9,0,ResNet10,u2,frozen,4,0.7447020623795334,1.29256510060439,0.9625758961798982
h9,0,ResNet10,u2,frozen,5,0.5210261305710147,1.4116256741173545,0.7354938628000653
h9,0,ResNet10,u2,frozen,6,0.28820205810116245,0.3258333030804576,0.09390582854568771
h9,0,ResNet10,u2,frozen,7,0.17214965035060398,1.4979538500739693,0.25787223153157485
h9,0,ResNet10,u2,frozen,8,0.12500974034146753,0.06144819015582748,0.007681622295833115
h9,0,ResNet10,u2,frozen,9,0.09418439845411733,0.7487939010389011,0.07052470313546076
h9,0,ResNet10,u2,frozen,10,0.06785755468281743,0.5690488271099605,0.03861426190280726
h9,0,ResNet10,u2,frozen,11,0.041391308034150504,2.494039861878259,0.10323157217245318
h9,0,ResNet10,u2,frozen,12,0.03960965477248172,0.24225265538934304,0.00959554404768886
h9,0,ResNet10,u2,frozen,13,0.03184222735565733,1.0857724685971404,0.03457341380158346
h9,0,ResNet10,u2,frozen,14,0.024822289635206437,1.6718099394633241,0.04149815053237557
h9,0,ResNet10,u2,frozen,15,0.01916521218665493,0.17608460808755802,0.003374698876802024
h9,0,ResNet10,u2,frozen,16,0.014656678021041246,0.5172974591957202,0.007581862300534393
h9,0,ResNet10,u2,frozen,17,0.013559216449554495,0.6215809360515486,0.00842815045283964
h9,0,ResNet10,u2,frozen,18,0.012024475822461874,0.35923616966888094,0.004319626636737271
h9,0,ResNet10,u2,frozen,19,0.008359795792139111,0.1848608339306713,0.0015453988216249529
h9,0,ResNet10,u2,frozen,20,0.006776764422068605,0.44286392749294196,0.0030011845076517393
h9,0,ResNet10,u2,frozen,21,0.006598995609997003,0.34485276923147146,0.0022756819102537898
h9,0,ResNet10,u2,frozen,22,0.005348402138303573,0.24549634106002555,0.0013130131554711438
h9,0,ResNet10,u2,frozen,23,0.004669280658614031,0.5755495792948575,0.002687402518674921
h9,0,ResNet10,u2,frozen,24,0.00432971193661082,0.05256162379014509,0.00022757668993183844
h9,0,ResNet10,u2,frozen,25,0.003729347520992379,0.07697278515369342,0.00028705826549680556
h9,0,ResNet10,u2,frozen,26,0.0034007568365850005,0.22784301317656422,0.0007748386847283271
h9,0,ResNet10,u2,frozen,27,0.0030154755839081598,0.4378724242497967,0.0013203936041919372
h9,0,ResNet10,u2,frozen,28,0.0028916244878304906,0.29634424903744866,0.0008569162873444239
h9,0,ResNet10,u2,frozen,29,0.002500155896488742,0.2141396158215225,0.0005353824231680134
h9,0,ResNet10,u2,frozen,30,0.0021356724794429184,0.272057294764413,0.0005810252772600468
h9,0,ResNet10,u2,frozen,31,0.0019809476631063535,0.18205265469093695,0.0003606367808723195
h9,0,ResNet10,u2,frozen,32,0.0017310933784105318,0.17701866488965215,0.00030643583864554974
h9,0,ResNet10,u2,frozen,33,0.001637033401458197,0.16775477006553222,0.0002746201618512159
h9,0,ResNet10,u2,frozen,34,0.001359989323444699,0.29512133387874045,0.00040136186319584535
h9,0,ResNet10,u2,frozen,35,0.0013017000619478661,0.16385732886792848,0.00021329309513799439
h9,0,ResNet10,u2,frozen,36,0.0012513006024908644,0.2612769922532084,0.00032693605782344054
h9,0,ResNet10,u2,frozen,37,0.0009812797880856545,0.22174061811554302,0.0002175895867544021
h9,0,ResNet10,u2,frozen,38,0.0008395337382292006,0.3593174832326229,0.000301659149909392
h9,0,ResNet10,u2,frozen,39,0.00082611939458892,0.06215609214773455,5.134835321509959e-05
h9,0,ResNet10,u2,frozen,40,0.0008105563942593101,0.10961909892613488,8.88524615675225e-05
h9,0,ResNet10,u2,frozen,41,0.0007090339664055332,0.1805697886160305,0.0001280301134354328
h9,0,ResNet10,u2,frozen,42,0.0006803927389585838,0.1021621883636682,6.951041115875897e-05
h9,0,ResNet10,u2,frozen,43,0.0006222798855701053,0.12420980118189379,7.72932608661544e-05
h9,0,ResNet10,u2,frozen,44,0.0005506586592229234,0.11616136795480747,6.396526313149495e-05
h9,0,ResNet10,u2,frozen,45,0.00048308938951152695,0.08061648947087356,3.894497068304675e-05
h9,0,ResNet10,u2,frozen,46,0.00042293871906100365,0.15802949505617744,6.68367922129169e-05
h9,0,ResNet10,u2,frozen,47,0.0003597086832658384,0.08428798198888542,3.0319119016356678e-05
h9,0,ResNet10,u2,frozen,48,0.0003086713942163111,0.060777978039185776,1.876042321900381e-05
h9,0,ResNet10,u2,frozen,49,0.00029763966080752376,0.1534991790649196,4.568744359111603e-05
h9,0,ResNet10,u2,frozen,50,0.0002694463164443042,0.11767914781454021,3.170821290093265e-05
h9,0,ResNet10,u2,frozen,51,0.00023092592162938516,0.03790590494103376,8.753456033704086e-06
h9,0,ResNet10,u2,frozen,52,0.00020009948187848774,0.24962993859246188,4.9950821373710334e-05
h9,0,ResNet10,u2,frozen,53,0.00018191223114045544,0.12915188390288204,2.3494307356766343e-05
h9,0,ResNet10,u2,frozen,54,0.0001632988408088019,0.1276814583450288,2.0850234140520532e-05
h9,0,ResNet10,u2,frozen,55,0.00015561448752931346,0.11578500455276414,1.8017824147057616e-05
h9,0,ResNet10,u2,frozen,56,0.00014008386255165455,0.05729064321358831,8.025494589428185e-06
h9,0,ResNet10,u2,frozen,57,0.00012794041634519627,0.03729957541517308,4.772123208116291e-06
h9,0,ResNet10,u2,frozen,58,0.00010495255935670917,0.053672218073620916,5.633036653177938e-06
h9,0,ResNet10,u2,frozen,59,9.817568979922314e-05,0.03886413168697923,3.8155129368170315e-06
h9,0,ResNet10,u2,frozen,60,9.194665187959919e-05,0.0963529968897114,8.859335462574397e-06
h9,0,ResNet10,u2,frozen,61,7.514176995712225e-05,0.024590657092141012,1.8477854983121365e-06
h9,0,ResNet10,u2,frozen,62,6.230157528167177e-05,0.04701847698956841,2.9293251837951484e-06
h9,0,ResNet10,u2,frozen,63,4.625818592604865e-05,0.02780886049990771,1.2863874393962811e-06
h9,0,ResNet10,u2,frozen,64,4.1570051842252533e-05,0.034453595918743966,1.432237768494207e-06
h9,0,ResNet10,u2,crsf,1,14.993398199501616,1.0218650286311657,15.321229280412187
h9,0,ResNet10,u2,crsf,2,2.740986876544682,0.9922347230468475,2.7197023543233563
h9,0,ResNet10,u2,crsf,3,1.2598255945498498,3.289707212956482,4.1444573454578295
h9,0,ResNet10,u2,crsf,4,0.7959736063239838,1.3583803540415074,1.0812349091660687
h9,0,ResNet10,u2,crsf,5,0.5492815772983093,1.479299865308132,0.8125521633136272
h9,0,ResNet10,u2,crsf,6,0.3255454115165646,0.3105377380177452,0.10109413571440998
h9,0,ResNet10,u2,crsf,7,0.1894475950157983,1.5389735106119935,0.2915548303784623
h9,0,ResNet10,u2,crsf,8,0.1366973240872096,0.057862126370572343,0.007909597840853206
h9,0,ResNet10,u2,crsf,9,0.11037160581311421,0.8724884288518325,0.0962979489457378
h9,0,ResNet10,u2,crsf,10,0.07479353881269052,0.46403656578904423,0.034706936893850494
h9,0,ResNet10,u2,crsf,11,0.044480410467345376,0.36064465977732013,0.016041622499751322
h9,0,ResNet10,u2,crsf,12,0.04314993081030436,2.0808431646680123,0.0897882385825195
h9,0,ResNet10,u2,crsf,13,0.03406229459225908,1.320593267564199,0.044982436916325766
h9,0,ResNet10,u2,crsf,14,0.02688235594137595,1.653041670374828,0.04443765456894278
h9,0,ResNet10,u2,crsf,15,0.020447063782582216,0.16662975909338065,0.0034070893122586632
h9,0,ResNet10,u2,crsf,16,0.0156823920940712,0.5331451944303945,0.008360991982127272
h9,0,ResNet10,u2,crsf,17,0.014182558834693933,0.6088928608529958,0.008635658823072719
h9,0,ResNet10,u2,crsf,18,0.013105394731923561,0.4295578121707741,0.005629524688679473
h9,0,ResNet10,u2,crsf,19,0.008617491688984255,0.21851841342449874,0.0018830806115756433
h9,0,ResNet10,u2,crsf,20,0.007087370976000586,0.2940777106090345,0.0020842378308591706
h9,0,ResNet10,u2,crsf,21,0.006971074321353682,0.5190008708460048,0.0036179936435147826
h9,0,ResNet10,u2,crsf,22,0.00571184421654326,0.20423930253203523,0.0011665830789584345
h9,0,ResNet10,u2,crsf,23,0.005069108133311782,0.48607749980893095,0.002463979407701308
h9,0,ResNet10,u2,crsf,24,0.004512067186928691,0.09057003675645052,0.00040865809096770586
h9,0,ResNet10,u2,crsf,25,0.003967090827446599,0.08211524245771751,0.0003257586251475646
h9,0,ResNet10,u2,crsf,26,0.0035969972709461364,0.27801778448064257,0.0010000292120513625
h9,0,ResNet10,u2,crsf,27,0.0031794178229116667,0.3804907711384983,0.0012097391392111455
h9,0,ResNet10,u2,crsf,28,0.0030543789176497747,0.36982753261967316,0.001129593418799964
h9,0,ResNet10,u2,crsf,29,0.0027116779068786503,0.22699806828696686,0.0006155456466778993
h9,0,ResNet10,u2,crsf,30,0.0023320070317760714,0.28931032817071684,0.0006746737196595545
h9,0,ResNet10,u2,crsf,31,0.002037865688636583,0.19559411741472885,0.0003985945407786311
h9,0,ResNet10,u2,crsf,32,0.001855745711277963,0.21496138929020622,0.00039891367626565283
h9,0,ResNet10,u2,crsf,33,0.0017448804732024849,0.1643155731086147,0.0002867110349602971
h9,0,ResNet10,u2,crsf,34,0.0015046919967364014,0.29677865813821136,0.0004465604717027351
h9,0,ResNet10,u2,crsf,35,0.001416968323752593,0.2294052985887826,0.0003250600414013104
h9,0,ResNet10,u2,crsf,36,0.0013778645158637817,0.1417638547866627,0.00019533138514260846
h9,0,ResNet10,u2,crsf,37,0.0010529547935013291,0.1932901357743804,0.00020352577500015658
h9,0,ResNet10,u2,crsf,38,0.0009187402034947162,0.3653052112737415,0.00033562058414331755
h9,0,ResNet10,u2,crsf,39,0.0008683637770235713,0.07958519725165089,6.910890248060951e-05
h9,0,ResNet10,u2,crsf,40,0.0008361427666701618,0.10017112436425621,8.375736106639003e-05
h9,0,ResNet10,u2,crsf,41,0.0007854973464762454,0.18053576071858518,0.00014181036098851902
h9,0,ResNet10,u2,crsf,42,0.0007058692333148287,0.10990841233357142,7.758096674874812e-05
h9,0,ResNet10,u2,crsf,43,0.0006572159976070644,0.10801607415899564,7.098989193600297e-05
h9,0,ResNet10,u2,crsf,44,0.0005995428967290364,0.14259090714374725,8.548936551618327e-05
h9,0,ResNet10,u2,crsf,45,0.0005188510423364978,0.08678600132091471,4.5029007245573274e-05
h9,0,ResNet10,u2,crsf,46,0.00045183926453877033,0.11268689116965079,5.091636202925547e-05
h9,0,ResNet10,u2,crsf,47,0.0003787299519897068,0.09816634504149088,3.717853514456883e-05
h9,0,ResNet10,u2,crsf,48,0.00033270727705165577,0.08268987691579036,2.7511523788389175e-05
h9,0,ResNet10,u2,crsf,49,0.0003143713464399929,0.13067161371967553,4.1079411146541045e-05
h9,0,ResNet10,u2,crsf,50,0.00028329080597715893,0.11605094592329848,3.2876166005022915e-05
h9,0,ResNet10,u2,crsf,51,0.00024379466363599314,0.03743342558411872,9.126069399023202e-06
h9,0,ResNet10,u2,crsf,52,0.0002114090328848414,0.23527684355228867,4.9739649955587485e-05
h9,0,ResNet10,u2,crsf,53,0.00019939383198723854,0.10889414501886012,2.171282085628458e-05
h9,0,ResNet10,u2,crsf,54,0.00018321054365726634,0.1432597331758572,2.624669359934371e-05
h9,0,ResNet10,u2,crsf,55,0.00016674506556516624,0.14022017226700492,2.338102181822064e-05
h9,0,ResNet10,u2,crsf,56,0.00014963027092137414,0.05309289065495832,7.944303612700306e-06
h9,0,ResNet10,u2,crsf,57,0.00013884112908811862,0.0343250974835455,4.765735290675197e-06
h9,0,ResNet10,u2,crsf,58,0.0001149302525718054,0.06643975929645143,7.63593831675112e-06
h9,0,ResNet10,u2,crsf,59,0.00010500423429196249,0.04152615519150322,4.360422128972998e-06
h9,0,ResNet10,u2,crsf,60,9.941631866940736e-05,0.08756297705800055,8.705188830840188e-06
h9,0,ResNet10,u2,crsf,61,7.988447372297205e-05,0.03166265253369919,2.529354334327887e-06
h9,0,ResNet10,u2,crsf,62,6.878671172075829e-05,0.04355337787074317,2.9958936480600638e-06
h9,0,ResNet10,u2,crsf,63,5.186247114552051e-05,0.034614369342864534,1.7951867312647016e-06
h9,0,ResNet10,u2,crsf,64,4.6285013389819704e-05,0.026920529874978713,1.2460170857244311e-06
h9,0,ResNet10,u2,rawspec,1,16.426375497367804,1.1075885656093392,18.193665675290003
h9,0,ResNet10,u2,rawspec,2,2.4233824535647353,0.8724203803488111,2.1142082418695813
h9,0,ResNet10,u2,rawspec,3,1.2228248557609018,3.3252561660262496,4.066205891589098
h9,0,ResNet10,u2,rawspec,4,0.8077328524764817,1.3619293762776958,1.1000750999722988
h9,0,ResNet10,u2,rawspec,5,0.5855165711352409,1.6137676770059755,0.9448877168494217
h9,0,ResNet10,u2,rawspec,6,0.3085560949782351,0.3333349765311753,0.1028525386781211
h9,0,ResNet10,u2,rawspec,7,0.19083532559488287,1.492568491435616,0.28483479403577894
h9,0,ResNet10,u2,rawspec,8,0.1344852399093936,0.06461222988368505,0.008689391236988274
h9,0,ResNet10,u2,rawspec,9,0.10605861793316985,0.7639301346384824,0.08102137427725781
h9,0,ResNet10,u2,rawspec,10,0.07376850363104112,0.44283410584034677,0.03266720934463247
h9,0,ResNet10,u2,rawspec,11,0.04520812558626279,1.451761353644338,0.0656314095968361
h9,0,ResNet10,u2,rawspec,12,0.042932097749707826,1.0043184657661404,0.04311749854410853
h9,0,ResNet10,u2,rawspec,13,0.03413155625581726,1.107414816310676,0.03779779110143337
h9,0,ResNet10,u2,rawspec,14,0.026740492084614865,1.9308093122504533,0.05163079113113392
h9,0,ResNet10,u2,rawspec,15,0.020606024387297663,0.18369364564396043,0.0037851957419310638
h9,0,ResNet10,u2,rawspec,16,0.01635425572213385,0.4980432268656681,0.00814512629283786
h9,0,ResNet10,u2,rawspec,17,0.014275403371431123,0.5423800840241761,0.00774269448007582
h9,0,ResNet10,u2,rawspec,18,0.01293726671290425,0.4745323084500225,0.006139151038308088
h9,0,ResNet10,u2,rawspec,19,0.00889858230588768,0.2026870633690921,0.001803627515728538
h9,0,ResNet10,u2,rawspec,20,0.007290875260422328,0.4619079567519152,0.0033677132944747654
h9,0,ResNet10,u2,rawspec,21,0.006823482880182825,0.30108947358832117,0.002054478868433168
h9,0,ResNet10,u2,rawspec,22,0.005585241792076586,0.3123824496203477,0.0017447315127308248
h9,0,ResNet10,u2,rawspec,23,0.005017499153353613,0.5771972357572475,0.0028960866417300345
h9,0,ResNet10,u2,rawspec,24,0.004497181939265021,0.07939422567772593,0.00035705027779980023
h9,0,ResNet10,u2,rawspec,25,0.003981034158816077,0.06252237563085276,0.00024890371307675473
h9,0,ResNet10,u2,rawspec,26,0.0036523837783783916,0.26566089890267713,0.0009702955577015598
h9,0,ResNet10,u2,rawspec,27,0.0032717649476997263,0.4330199272627081,0.0014167394196736135
h9,0,ResNet10,u2,rawspec,28,0.0030683966892373574,0.31169273811277065,0.0009563969656845522
h9,0,ResNet10,u2,rawspec,29,0.002647278006171501,0.2310077681623074,0.0006115417839108415
h9,0,ResNet10,u2,rawspec,30,0.0022829794741484936,0.28930095993158356,0.000660468153375261
h9,0,ResNet10,u2,rawspec,31,0.0020662933018080194,0.15756136563996984,0.0003255679944455939
h9,0,ResNet10,u2,rawspec,32,0.0018358113828276096,0.21125961751414546,0.00038783281056427527
h9,0,ResNet10,u2,rawspec,33,0.0016794964780936959,0.14484513517687594,0.00024326689439856846
h9,0,ResNet10,u2,rawspec,34,0.0014270926216001956,0.2656969246476703,0.00037917412074655346
h9,0,ResNet10,u2,rawspec,35,0.0013901980667998292,0.17833388277859397,0.0002479194190837087
h9,0,ResNet10,u2,rawspec,36,0.001296229878161461,0.2389507248846631,0.00030973506900383964
h9,0,ResNet10,u2,rawspec,37,0.0010326447773787197,0.2223425269778213,0.00022960084927283427
h9,0,ResNet10,u2,rawspec,38,0.0008683501599255531,0.29398726016039356,0.00025528388437635294
h9,0,ResNet10,u2,rawspec,39,0.0008464077652675762,0.07559524382693522,6.398440139241378e-05
h9,0,ResNet10,u2,rawspec,40,0.0008255621952056191,0.15055621182128,0.0001242935167330181
h9,0,ResNet10,u2,rawspec,41,0.0007466527633433248,0.1436271089438566,0.0001072395777839433
h9,0,ResNet10,u2,rawspec,42,0.0006942763418387447,0.11243227209865245,7.805906657727077e-05
h9,0,ResNet10,u2,rawspec,43,0.0006341926882558171,0.12787832932817886,8.109950144630045e-05
h9,0,ResNet10,u2,rawspec,44,0.000566063795571461,0.11414655029875918,6.461422951350431e-05
h9,0,ResNet10,u2,rawspec,45,0.0004986848716543768,0.09153992283224383,4.564957466884907e-05
h9,0,ResNet10,u2,rawspec,46,0.00042320749179276655,0.1400503244949245,5.927034655426005e-05
h9,0,ResNet10,u2,rawspec,47,0.0003749682850198892,0.08443380882772078,3.166000049382764e-05
h9,0,ResNet10,u2,rawspec,48,0.00031454944342367914,0.12652312135870683,3.979777740360784e-05
h9,0,ResNet10,u2,rawspec,49,0.0003085772033284547,0.0611107546361699,1.8857385758920703e-05
h9,0,ResNet10,u2,rawspec,50,0.0002840087476625408,0.13349129143946364,3.791269450557732e-05
h9,0,ResNet10,u2,rawspec,51,0.0002394168287910598,0.06247693183401735,1.4958028892295645e-05
h9,0,ResNet10,u2,rawspec,52,0.00020272045015568365,0.22332850915186614,4.5273255907864024e-05
h9,0,ResNet10,u2,rawspec,53,0.00018671323226393332,0.11408745115544082,2.130163676598597e-05
h9,0,ResNet10,u2,rawspec,54,0.00016998844349406085,0.14875404066909206,2.5286467836791186e-05
h9,0,ResNet10,u2,rawspec,55,0.0001588713400658294,0.1344471040208723,2.1359791583765943e-05
h9,0,ResNet10,u2,rawspec,56,0.0001427411740946315,0.050625003396387994,7.22627242334513e-06
h9,0,ResNet10,u2,rawspec,57,0.00013235950540206888,0.03502875835219788,4.636389130345501e-06
h9,0,ResNet10,u2,rawspec,58,0.00010717152202949258,0.05439956012834108,5.830083656689212e-06
h9,0,ResNet10,u2,rawspec,59,0.00010201037839249158,0.03525010950638062,3.5958770091226517e-06
h9,0,ResNet10,u2,rawspec,60,9.28004016133748e-05,0.10711316421864302,9.94014465756944e-06
h9,0,ResNet10,u2,rawspec,61,7.933989387628631e-05,0.024393195437635868,1.935353537325541e-06
h9,0,ResNet10,u2,rawspec,62,6.307376458044083e-05,0.03988441988212444,2.5156605100725704e-06
h9,0,ResNet10,u2,rawspec,63,4.8309669069831664e-05,0.03192072025850807,1.5420794321591962e-06
h9,0,ResNet10,u2,rawspec,64,4.153414635191269e-05,0.03475493066203457,1.4435163765675215e-06
h9,3,Mobilenetv2,u1,frozen,1,14.639984563593796,1.0384951058064353,15.20355231837392
h9,3,Mobilenetv2,u1,frozen,2,1.7093632290581466,0.5575286956502862,0.9530190514893498
h9,3,Mobilenetv2,u1,frozen,3,0.8439263953753717,1.446686950982496,1.220897303779245
h9,3,Mobilenetv2,u1,frozen,4,0.42097885320387773,0.8428500513910627,0.354822048057439
h9,3,Mobilenetv2,u1,frozen,5,0.357208554227557,0.32770741808436765,0.11705989302356253
h9,3,Mobilenetv2,u1,frozen,6,0.20885246739151464,0.7302833217445078,0.15252147364121182
h9,3,Mobilenetv2,u1,frozen,7,0.12187374151728264,0.45895899696342396,0.05593505016295164
h9,3,Mobilenetv2,u1,frozen,8,0.07479425623366168,0.39191652890065565,0.02931310528480291
h9,3,Mobilenetv2,u1,frozen,9,0.05905023631294245,0.742471599658139,0.04384312341546151
h9,3,Mobilenetv2,u1,frozen,10,0.028982032108334818,0.7170160378939905,0.02078058183243465
h9,3,Mobilenetv2,u1,frozen,11,0.025275506760832737,0.35413774725872416,0.008951011025103957
h9,3,Mobilenetv2,u1,frozen,12,0.018369419236543234,0.8048080801937467,0.014783857030036441
h9,3,Mobilenetv2,u1,frozen,13,0.013239780612987646,1.7026538930370014,0.022542764003659232
h9,3,Mobilenetv2,u1,frozen,14,0.007760089150938646,0.4401350528688288,0.0034154872487152056
h9,3,Mobilenetv2,u1,frozen,15,0.006606453895356555,0.38935324104956065,0.00257224423600157
h9,3,Mobilenetv2,u1,frozen,16,0.005589008093258884,0.10156998869824269,0.0005676754888666917
h9,3,Mobilenetv2,u1,frozen,17,0.004255586392583685,0.19507653963334368,0.0008301650675759692
h9,3,Mobilenetv2,u1,frozen,18,0.0037626672230050297,0.4885942964626975,0.001838417744647394
h9,3,Mobilenetv2,u1,frozen,19,0.0029083032608339205,0.3643704140062265,0.0010596996632057142
h9,3,Mobilenetv2,u1,frozen,20,0.0023906254391797563,0.4612542021831298,0.0011026860296675528
h9,3,Mobilenetv2,u1,frozen,21,0.001727389047480128,0.2529894069332169,0.00043701113066493206
h9,3,Mobilenetv2,u1,frozen,22,0.0014854084989504755,0.4773886383576955,0.0007091171407189159
h9,3,Mobilenetv2,u1,frozen,23,0.0012851119612668001,0.16436432847345533,0.00021122656452682274
h9,3,Mobilenetv2,u1,frozen,24,0.0011057030012794618,0.06567776088417203,7.262009732694385e-05
h9,3,Mobilenetv2,u1,frozen,25,0.0010339118262288616,0.09113391938315615,9.422443702083282e-05
h9,3,Mobilenetv2,u1,frozen,26,0.0008322891920845187,0.5376560756177845,0.0004474853407952588
h9,3,Mobilenetv2,u1,frozen,27,0.0008067260646497256,0.21387377247883052,0.00017253754680363772
h9,3,Mobilenetv2,u1,frozen,28,0.0005337246165727874,0.13540531712989276,7.226915096706869e-05
h9,3,Mobilenetv2,u1,frozen,29,0.00048759722214189113,0.07511660779984551,3.662664929992658e-05
h9,3,Mobilenetv2,u1,frozen,30,0.0004483148964640227,0.159653073593131,7.157485115806752e-05
h9,3,Mobilenetv2,u1,frozen,31,0.00040604477977872156,0.08413208828164828,3.4161395258645835e-05
h9,3,Mobilenetv2,u1,frozen,32,0.00032000495892332815,0.044546415606251534,1.4255073896260027e-05
h9,3,Mobilenetv2,u1,frozen,33,0.00029333561262442817,0.0942501173764492,2.7646915920544987e-05
h9,3,Mobilenetv2,u1,frozen,34,0.00027484164886492344,0.09573713002426444,2.6312550673464407e-05
h9,3,Mobilenetv2,u1,frozen,35,0.00020709883541083815,0.09088644763698188,1.882247746024707e-05
h9,3,Mobilenetv2,u1,frozen,36,0.000193921066223852,0.16041280012743125,3.110742123666513e-05
h9,3,Mobilenetv2,u1,frozen,37,0.00018761762792184367,0.11388093118134014,2.136607017377376e-05
h9,3,Mobilenetv2,u1,frozen,38,0.00013829954557781544,0.11128340207524118,1.5390443937359177e-05
h9,3,Mobilenetv2,u1,frozen,39,0.00012583323718282497,0.14530100237725896,1.8283695495039843e-05
h9,3,Mobilenetv2,u1,frozen,40,0.00010990711888876364,0.23471871980557357,2.5797258243089575e-05
h9,3,Mobilenetv2,u1,frozen,41,0.00010666937220564699,0.049096956847906076,5.237141564173882e-06
h9,3,Mobilenetv2,u1,frozen,42,9.567372076407248e-05,0.09567057335517921,9.15315972052213e-06
h9,3,Mobilenetv2,u1,frozen,43,9.069956912173653e-05,0.05694276326405096,5.16468409265047e-06
h9,3,Mobilenetv2,u1,frozen,44,7.687021543778724e-05,0.15487351383673817,1.1905160374237186e-05
h9,3,Mobilenetv2,u1,frozen,45,6.0084734735424346e-05,0.05026353074104095,3.020070911441293e-06
h9,3,Mobilenetv2,u1,frozen,46,5.74158872158696e-05,0.06754423465258085,3.878112158894813e-06
h9,3,Mobilenetv2,u1,frozen,47,5.219524098734898e-05,0.11835439507760087,6.177536172987287e-06
h9,3,Mobilenetv2,u1,frozen,48,4.495541692297242e-05,0.10579555670049672,4.756083360068798e-06
h9,3,Mobilenetv2,u1,frozen,49,4.427053187145907e-05,0.04907681316942571,2.172656621566703e-06
h9,3,Mobilenetv2,u1,frozen,50,4.0853522328025053e-05,0.0670135404946853,2.7377391728796372e-06
h9,3,Mobilenetv2,u1,frozen,51,3.195677178097956e-05,0.11889248383448374,3.799419972372399e-06
h9,3,Mobilenetv2,u1,frozen,52,3.081237797800385e-05,0.039680900008407474,1.2226628895664274e-06
h9,3,Mobilenetv2,u1,frozen,53,2.8024772321820468e-05,0.0193846397113633,5.432501144514761e-07
h9,3,Mobilenetv2,u1,frozen,54,2.2632841187960114e-05,0.05654051818720936,1.2796725688160798e-06
h9,3,Mobilenetv2,u1,frozen,55,2.0694186216464912e-05,0.04322054203284906,8.944139452043274e-07
h9,3,Mobilenetv2,u1,frozen,56,1.7528461363858788e-05,0.03520163183097405,6.170304434940103e-07
h9,3,Mobilenetv2,u1,frozen,57,1.5139010393994252e-05,0.016847151599247216,2.550492031702005e-07
h9,3,Mobilenetv2,u1,frozen,58,1.3523908697444616e-05,0.09573861676093937,1.2947603118945847e-06
h9,3,Mobilenetv2,u1,frozen,59,1.1568387701054466e-05,0.036600265016459445,4.234060556717435e-07
h9,3,Mobilenetv2,u1,frozen,60,1.1174047013939267e-05,0.06654661427492983,7.435949965265479e-07
h9,3,Mobilenetv2,u1,frozen,61,1.0703671532417427e-05,0.0056414220877140184,6.038392900261543e-08
h9,3,Mobilenetv2,u1,frozen,62,8.40518502279258e-06,0.038141743044271766,3.2058840737891614e-07
h9,3,Mobilenetv2,u1,frozen,63,7.518090190804067e-06,0.019151260840775765,1.4398090626856633e-07
h9,3,Mobilenetv2,u1,frozen,64,6.6474977208034e-06,0.04137948097202837,2.7507000544958625e-07
h9,3,Mobilenetv2,u1,crsf,1,14.249793483066513,1.0469744516731798,14.919169718389615
h9,3,Mobilenetv2,u1,crsf,2,1.7744271300872838,0.5917724031558578,1.050057006996704
h9,3,Mobilenetv2,u1,crsf,3,0.8566981637000534,1.4087148148505746,1.2068433950595479
h9,3,Mobilenetv2,u1,crsf,4,0.44277687739257793,0.8476023828896513,0.375298736366388
h9,3,Mobilenetv2,u1,crsf,5,0.3677348232532442,0.3090433568736093,0.11364600421750598
h9,3,Mobilenetv2,u1,crsf,6,0.21312351097925356,0.7759992801581869,0.1653836911046862
h9,3,Mobilenetv2,u1,crsf,7,0.123852079115962,0.4526073520495975,0.05605636157451281
h9,3,Mobilenetv2,u1,crsf,8,0.07685852331972376,0.3806072148735109,0.02925290850001085
h9,3,Mobilenetv2,u1,crsf,9,0.05888182475888954,0.7493986033041901,0.0441259572343139
h9,3,Mobilenetv2,u1,crsf,10,0.02915317397358496,0.7224399777942632,0.02106141835810901
h9,3,Mobilenetv2,u1,crsf,11,0.025356348301292114,0.3088862091865153,0.007832226305599058
h9,3,Mobilenetv2,u1,crsf,12,0.018807297497165906,0.8549526169832967,0.0160793482135854
h9,3,Mobilenetv2,u1,crsf,13,0.013320071375520109,1.6957561485974362,0.022587592934794933
h9,3,Mobilenetv2,u1,crsf,14,0.007787680208241273,0.4407182642595341,0.003432172903984421
h9,3,Mobilenetv2,u1,crsf,15,0.006675017147860886,0.3771759841198398,0.002517656161761236
h9,3,Mobilenetv2,u1,crsf,16,0.005772572501739101,0.1015060391190327,0.0005859509701789817
h9,3,Mobilenetv2,u1,crsf,17,0.00425492959246023,0.19970652890757054,0.0008497372196563363
h9,3,Mobilenetv2,u1,crsf,18,0.0038715094707664852,0.49245804937710824,0.001906556002118664
h9,3,Mobilenetv2,u1,crsf,19,0.0029388281979219806,0.3824856924316734,0.0011240597382199157
h9,3,Mobilenetv2,u1,crsf,20,0.0024258540590844447,0.44364329718468254,0.0010762138932610688
h9,3,Mobilenetv2,u1,crsf,21,0.0017588571858900555,0.2381430811150882,0.00041885966948927125
h9,3,Mobilenetv2,u1,crsf,22,0.0015174162756800918,0.4851093099593024,0.0007361127624161839
h9,3,Mobilenetv2,u1,crsf,23,0.001296764834057889,0.147469350047754,0.00019123306724330046
h9,3,Mobilenetv2,u1,crsf,24,0.0011029280730926276,0.06805217657770708,7.505665598260972e-05
h9,3,Mobilenetv2,u1,crsf,25,0.0010574422610421161,0.08700826268831735,9.200621402648069e-05
h9,3,Mobilenetv2,u1,crsf,26,0.0008536844955196492,0.4513313496173259,0.0003852945755102693
h9,3,Mobilenetv2,u1,crsf,27,0.0008247581395316786,0.2928291866324685,0.0002415132551675694
h9,3,Mobilenetv2,u1,crsf,28,0.0005430783016464349,0.12715913130930176,6.905736507029161e-05
h9,3,Mobilenetv2,u1,crsf,29,0.0004961924783257792,0.063943001019866,3.1728036147635136e-05
h9,3,Mobilenetv2,u1,crsf,30,0.00046134670533987414,0.17463176998512264,8.056579173030705e-05
h9,3,Mobilenetv2,u1,crsf,31,0.00041881250175902556,0.07599614655386255,3.182813626226873e-05
h9,3,Mobilenetv2,u1,crsf,32,0.00032432508550234894,0.04017230014166556,1.3028884678271708e-05
h9,3,Mobilenetv2,u1,crsf,33,0.000299734208431987,0.11311734985303296,3.390513931812298e-05
h9,3,Mobilenetv2,u1,crsf,34,0.0002795275788523533,0.08614872472454958,2.4080944443471213e-05
h9,3,Mobilenetv2,u1,crsf,35,0.00021356969957521483,0.10918785685841875,2.3319217786514054e-05
h9,3,Mobilenetv2,u1,crsf,36,0.00019959675448326378,0.15286236322938143,3.0510831583226336e-05
h9,3,Mobilenetv2,u1,crsf,37,0.0001888763206379779,0.0970497188643514,1.833039381804885e-05
h9,3,Mobilenetv2,u1,crsf,38,0.0001434179653875866,0.11838535096460713,1.6978586167039317e-05
h9,3,Mobilenetv2,u1,crsf,39,0.00012751689632392474,0.127511700404227,1.6259896280533164e-05
h9,3,Mobilenetv2,u1,crsf,40,0.00011354329317375157,0.2292250217877024,2.6026963851600686e-05
h9,3,Mobilenetv2,u1,crsf,41,0.00011019930365855618,0.06527451497653307,7.19320609706394e-06
h9,3,Mobilenetv2,u1,crsf,42,9.822359294292028e-05,0.10714263499284976,1.0523934566369562e-05
h9,3,Mobilenetv2,u1,crsf,43,9.305998791118418e-05,0.04615110497843173,4.294821271380649e-06
h9,3,Mobilenetv2,u1,crsf,44,7.916546177863465e-05,0.1537248135077638,1.2169695848176614e-05
h9,3,Mobilenetv2,u1,crsf,45,6.104185966390526e-05,0.05214706516366204,3.183153833604781e-06
h9,3,Mobilenetv2,u1,crsf,46,5.913312942148353e-05,0.0786265743242513,4.649435395483846e-06
h9,3,Mobilenetv2,u1,crsf,47,5.373343139482745e-05,0.12697019768816994,6.822544406664959e-06
h9,3,Mobilenetv2,u1,crsf,48,4.678565784359447e-05,0.09680394063926812,4.529036044660428e-06
h9,3,Mobilenetv2,u1,crsf,49,4.5332621540544346e-05,0.05363831803802621,2.4315655716891954e-06
h9,3,Mobilenetv2,u1,crsf,50,4.188089037373862e-05,0.060720684614271776,2.5430363357486736e-06
h9,3,Mobilenetv2,u1,crsf,51,3.236226536340676e-05,0.09278982037876365,3.0028887901203976e-06
h9,3,Mobilenetv2,u1,crsf,52,3.2131801413994846e-05,0.06917360013781744,2.2226723827194366e-06
h9,3,Mobilenetv2,u1,crsf,53,2.853181287008185e-05,0.021016727069751877,5.996453238957441e-07
h9,3,Mobilenetv2,u1,crsf,54,2.3342849051026342e-05,0.057979601253640274,1.3534090801024225e-06
h9,3,Mobilenetv2,u1,crsf,55,2.128075382138345e-05,0.037268034827665865,7.930918745743019e-07
h9,3,Mobilenetv2,u1,crsf,56,1.765980200527164e-05,0.03685684916715596,6.508846588301352e-07
h9,3,Mobilenetv2,u1,crsf,57,1.547114263615196e-05,0.014973233852836004,2.3165303666168497e-07
h9,3,Mobilenetv2,u1,crsf,58,1.3886883649011016e-05,0.0908120196028747,1.2610959501568286e-06
h9,3,Mobilenetv2,u1,crsf,59,1.2043605854826175e-05,0.03349199940614687,4.033644401377052e-07
h9,3,Mobilenetv2,u1,crsf,60,1.151501711965818e-05,0.0692832619815096,7.977979478228457e-07
h9,3,Mobilenetv2,u1,crsf,61,1.068535768968835e-05,0.009224312604205155,9.856507961743271e-08
h9,3,Mobilenetv2,u1,crsf,62,8.594372259059057e-06,0.04017242290535241,3.452567569969494e-07
h9,3,Mobilenetv2,u1,crsf,63,7.818267445085096e-06,0.01921889770982052,1.5025848229511027e-07
h9,3,Mobilenetv2,u1,crsf,64,6.941972681365023e-06,0.042684880418914,2.963172737754338e-07
h9,3,Mobilenetv2,u1,rawspec,1,14.454734098695408,1.0488155683021694,15.16035015837997
h9,3,Mobilenetv2,u1,rawspec,2,1.7247225337129015,0.5564475133756784,0.9597175651475438
h9,3,Mobilenetv2,u1,rawspec,3,0.8344574223070962,1.407639336198853,1.1746150920225669
h9,3,Mobilenetv2,u1,rawspec,4,0.426523005514341,0.918602370056195,0.39180504374896524
h9,3,Mobilenetv2,u1,rawspec,5,0.36271096538651865,0.33336311663584967,0.12091445785924765
h9,3,Mobilenetv2,u1,rawspec,6,0.21086828710163033,0.7121038722188571,0.15016012377322863
h9,3,Mobilenetv2,u1,rawspec,7,0.1265828943779701,0.4443904534369872,0.05625222982999239
h9,3,Mobilenetv2,u1,rawspec,8,0.07701250616593283,0.3919204178880116,0.030182773599155464
h9,3,Mobilenetv2,u1,rawspec,9,0.061337130479969186,0.7476803064782451,0.04586056451575947
h9,3,Mobilenetv2,u1,rawspec,10,0.028711565945160607,0.7236044595929755,0.02077581715981602
h9,3,Mobilenetv2,u1,rawspec,11,0.025563608583139674,0.3272496382649396,0.008365681661578963
h9,3,Mobilenetv2,u1,rawspec,12,0.018545489894485116,0.7435208090821485,0.013788957651172381
h9,3,Mobilenetv2,u1,rawspec,13,0.013551462484814961,1.7512665229227948,0.023732222586300596
h9,3,Mobilenetv2,u1,rawspec,14,0.007775081141218237,0.434840697716029,0.0033809217082460775
h9,3,Mobilenetv2,u1,rawspec,15,0.006688072532408418,0.40373074089909233,0.0027001804786961196
h9,3,Mobilenetv2,u1,rawspec,16,0.005743549920411332,0.11077209307065844,0.0006362250463397769
h9,3,Mobilenetv2,u1,rawspec,17,0.0042843763684767,0.20505870034094925,0.000878548649891308
h9,3,Mobilenetv2,u1,rawspec,18,0.003773222299714647,0.4989874910337678,0.0018827907284472752
h9,3,Mobilenetv2,u1,rawspec,19,0.0029471252038105506,0.3826158546203906,0.0011276168285292666
h9,3,Mobilenetv2,u1,rawspec,20,0.0024310003401652744,0.4272512151375695,0.0010386478493354583
h9,3,Mobilenetv2,u1,rawspec,21,0.0017477366013186541,0.2541614141385531,0.0004442072061328577
h9,3,Mobilenetv2,u1,rawspec,22,0.001511808970359566,0.46036987754111325,0.0006959913105499899
h9,3,Mobilenetv2,u1,rawspec,23,0.0013191952980220012,0.16186930505416755,0.00021353722612154678
h9,3,Mobilenetv2,u1,rawspec,24,0.0011272872771333556,0.06370478334034664,7.181359175210971e-05
h9,3,Mobilenetv2,u1,rawspec,25,0.0010588714959802353,0.08964686387011706,9.492450885608735e-05
h9,3,Mobilenetv2,u1,rawspec,26,0.0008681637709631124,0.3861820233955976,0.0003352692417092869
h9,3,Mobilenetv2,u1,rawspec,27,0.0008344898141338299,0.3703051456299655,0.00030901587214955076
h9,3,Mobilenetv2,u1,rawspec,28,0.0005499938989536687,0.12088471979359444,6.648585836320073e-05
h9,3,Mobilenetv2,u1,rawspec,29,0.0005032363942969811,0.08786280676540878,4.421576206943671e-05
h9,3,Mobilenetv2,u1,rawspec,30,0.0004626724647799047,0.15069916699360017,6.972435503320745e-05
h9,3,Mobilenetv2,u1,rawspec,31,0.00041320574877850197,0.09206740715227374,3.8042781910450476e-05
h9,3,Mobilenetv2,u1,rawspec,32,0.0003232887969954641,0.042669906624500126,1.3794702780543432e-05
h9,3,Mobilenetv2,u1,rawspec,33,0.00029733127341219367,0.09121255512151812,2.7120345165460888e-05
h9,3,Mobilenetv2,u1,rawspec,34,0.000283032907218916,0.1027634242724018,2.90854307275888e-05
h9,3,Mobilenetv2,u1,rawspec,35,0.0002135194462674863,0.09453874578039778,2.018586064985319e-05
h9,3,Mobilenetv2,u1,rawspec,36,0.0001975642235042078,0.1754431560215672,3.466129088852851e-05
h9,3,Mobilenetv2,u1,rawspec,37,0.00018908755490894196,0.10815010211414622,2.0449838371916303e-05
h9,3,Mobilenetv2,u1,rawspec,38,0.00014023107718870968,0.10443961186098445,1.464567927243659e-05
h9,3,Mobilenetv2,u1,rawspec,39,0.00012967912905419637,0.12538070741789348,1.6259260938151445e-05
h9,3,Mobilenetv2,u1,rawspec,40,0.00011362864740435622,0.26293364174533934,2.987679406862448e-05
h9,3,Mobilenetv2,u1,rawspec,41,0.00010792330862155971,0.051003579214606826,5.50447502038218e-06
h9,3,Mobilenetv2,u1,rawspec,42,9.674899719458334e-05,0.0861767359868298,8.337512788228146e-06
h9,3,Mobilenetv2,u1,rawspec,43,9.184071491535795e-05,0.0754871773619312,6.932796335862185e-06
h9,3,Mobilenetv2,u1,rawspec,44,7.732783842508092e-05,0.1457788325794297,1.1272762011499063e-05
h9,3,Mobilenetv2,u1,rawspec,45,6.160147235569832e-05,0.05290549857994857,3.2590566082371387e-06
h9,3,Mobilenetv2,u1,rawspec,46,5.93724942994315e-05,0.06363137857979514,3.7779536619938547e-06
h9,3,Mobilenetv2,u1,rawspec,47,5.347552455378543e-05,0.12747119604852025,6.816589074193041e-06
h9,3,Mobilenetv2,u1,rawspec,48,4.6622946321653365e-05,0.07151998760540022,3.3344725430518884e-06
h9,3,Mobilenetv2,u1,rawspec,49,4.602356905637232e-05,0.07663836077442085,3.5271708894687337e-06
h9,3,Mobilenetv2,u1,rawspec,50,4.101473017590187e-05,0.07019582130345996,2.8790626702372344e-06
h9,3,Mobilenetv2,u1,rawspec,51,3.290428416070954e-05,0.12507959691906193,4.115654599731823e-06
h9,3,Mobilenetv2,u1,rawspec,52,3.142582262959984e-05,0.04209417582884873,1.3228441033365891e-06
h9,3,Mobilenetv2,u1,rawspec,53,2.8405037351231923e-05,0.018638601585026112,5.294301741973973e-07
h9,3,Mobilenetv2,u1,rawspec,54,2.3349457793414633e-05,0.05399445916999186,1.2607413454679747e-06
h9,3,Mobilenetv2,u1,rawspec,55,2.1525970001498762e-05,0.04153418481854524,8.940636164407102e-07
h9,3,Mobilenetv2,u1,rawspec,56,1.79275335473601e-05,0.03347893054538269,6.00194650482087e-07
h9,3,Mobilenetv2,u1,rawspec,57,1.570109022341933e-05,0.015727991882898234,2.46946619586592e-07
h9,3,Mobilenetv2,u1,rawspec,58,1.3601508707571766e-05,0.0957078366952081,1.3017709741927296e-06
h9,3,Mobilenetv2,u1,rawspec,59,1.1881915204714179e-05,0.0569982872517695,6.772488159394664e-07
h9,3,Mobilenetv2,u1,rawspec,60,1.1718017954511262e-05,0.04637860131872562,5.434652829579465e-07
h9,3,Mobilenetv2,u1,rawspec,61,1.0721353408131621e-05,0.006340722605288007,6.798112791422179e-08
h9,3,Mobilenetv2,u1,rawspec,62,8.619391487292459e-06,0.042554324520981325,3.6679238252362717e-07
h9,3,Mobilenetv2,u1,rawspec,63,7.775059129141336e-06,0.01656786946153329,1.2881616470731634e-07
h9,3,Mobilenetv2,u1,rawspec,64,6.891924275125782e-06,0.03998197760373911,2.755527620147449e-07
h9,3,Mobilenetv2,u2,frozen,1,14.816770525127117,1.0248500792430437,15.18496844680252
h9,3,Mobilenetv2,u2,frozen,2,1.795139269776628,0.5414411933252028,0.9719623484127906
h9,3,Mobilenetv2,u2,frozen,3,0.8197106451968772,1.5048824436813675,1.233568158855507
h9,3,Mobilenetv2,u2,frozen,4,0.40604439797796665,0.8379541499184726,0.340246588336785
h9,3,Mobilenetv2,u2,frozen,5,0.33317489372553194,0.29759732711246867,0.09915195783369911
h9,3,Mobilenetv2,u2,frozen,6,0.23545949909860017,0.8031708172700578,0.18911419832502113
h9,3,Mobilenetv2,u2,frozen,7,0.12460313837205812,0.4411500940223257,0.054968686208310295
h9,3,Mobilenetv2,u2,frozen,8,0.07223507199999342,0.390782006259726,0.028228166358473184
h9,3,Mobilenetv2,u2,frozen,9,0.05892102937790044,0.6968924787405766,0.04106162221311137
h9,3,Mobilenetv2,u2,frozen,10,0.029748012077485415,0.6466255080964975,0.01923582342446475
h9,3,Mobilenetv2,u2,frozen,11,0.02388047948176539,0.24798655721852036,0.005922037891410515
h9,3,Mobilenetv2,u2,frozen,12,0.017668108278716836,0.9520294474569014,0.016820559362195495
h9,3,Mobilenetv2,u2,frozen,13,0.012295308585206019,1.6640748823310951,0.020460314187151208
h9,3,Mobilenetv2,u2,frozen,14,0.007170862573912936,0.2976461607354009,0.0021343797142863606
h9,3,Mobilenetv2,u2,frozen,15,0.0060879122761108555,0.34702815055954006,0.00211267693794747
h9,3,Mobilenetv2,u2,frozen,16,0.005415225592782159,0.1869794392363564,0.0010125358446767738
h9,3,Mobilenetv2,u2,frozen,17,0.004368466672219774,0.1871833485590917,0.0008177042197748893
h9,3,Mobilenetv2,u2,frozen,18,0.0035055940546101956,0.5910627505013086,0.002072026064058937
h9,3,Mobilenetv2,u2,frozen,19,0.0027775955738938104,0.3923153694015913,0.0010896934336203752
h9,3,Mobilenetv2,u2,frozen,20,0.002206575769132985,0.28121043523878064,0.0006205121324252338
h9,3,Mobilenetv2,u2,frozen,21,0.0016463549669610208,0.2653016600882778,0.0004367807058293406
h9,3,Mobilenetv2,u2,frozen,22,0.001523896620368798,0.2419820013183349,0.0003687555539990886
h9,3,Mobilenetv2,u2,frozen,23,0.0012869597750064193,0.13360106551908257,0.0001719391972210564
h9,3,Mobilenetv2,u2,frozen,24,0.0012659715959140627,0.26706330907397974,0.00033809456359847675
h9,3,Mobilenetv2,u2,frozen,25,0.0009067656556363069,0.47781072231931154,0.0004332623528939279
h9,3,Mobilenetv2,u2,frozen,26,0.0009000944124715022,0.18782166119479957,0.00016905722778255466
h9,3,Mobilenetv2,u2,frozen,27,0.0007105115916394663,0.21643044223563,0.00015377633799207104
h9,3,Mobilenetv2,u2,frozen,28,0.0005875267055046237,0.12090552934143982,7.103522733126875e-05
h9,3,Mobilenetv2,u2,frozen,29,0.0005361794398637011,0.14095729213865277,7.557840194360692e-05
h9,3,Mobilenetv2,u2,frozen,30,0.0004335577102056905,0.13381542987620956,5.8016711367319564e-05
h9,3,Mobilenetv2,u2,frozen,31,0.00037422676862430214,0.14969638935471946,5.602039606294205e-05
h9,3,Mobilenetv2,u2,frozen,32,0.00035981526109182447,0.09618118795256765,3.460745925527497e-05
h9,3,Mobilenetv2,u2,frozen,33,0.0003465260444457705,0.011973155601405362,4.149010250088721e-06
h9,3,Mobilenetv2,u2,frozen,34,0.0003246326271530855,0.1518767216473965,4.930413915179221e-05
h9,3,Mobilenetv2,u2,frozen,35,0.0002538553857626434,0.06778245499162461,1.720694125983788e-05
h9,3,Mobilenetv2,u2,frozen,36,0.00020911868343280324,0.08929512063102962,1.8673278063334262e-05
h9,3,Mobilenetv2,u2,frozen,37,0.00017412819869589175,0.042612847028533477,7.420098294382118e-06
h9,3,Mobilenetv2,u2,frozen,38,0.0001532855114082803,0.26419691516417787,4.049755925343105e-05
h9,3,Mobilenetv2,u2,frozen,39,0.00013288328612166053,0.12945653205897592,1.7202609389910816e-05
h9,3,Mobilenetv2,u2,frozen,40,0.00010169354956946875,0.060548916939237765,6.157434286138022e-06
h9,3,Mobilenetv2,u2,frozen,41,9.228597248887834e-05,0.42013100776000856,3.877219862386488e-05
h9,3,Mobilenetv2,u2,frozen,42,8.921030759625798e-05,0.08811271032956797,7.860561991640735e-06
h9,3,Mobilenetv2,u2,frozen,43,7.611652081789752e-05,0.09459935960802696,7.200574124964157e-06
h9,3,Mobilenetv2,u2,frozen,44,6.205572225475537e-05,0.10664377045568528,6.6178561995978916e-06
h9,3,Mobilenetv2,u2,frozen,45,5.909018105037624e-05,0.10162875721704948,6.005261663880184e-06
h9,3,Mobilenetv2,u2,frozen,46,5.2932199398387884e-05,0.02540237540305279,1.3446036000270942e-06
h9,3,Mobilenetv2,u2,frozen,47,4.9005178923141625e-05,0.0838900146286222,4.111045176740599e-06
h9,3,Mobilenetv2,u2,frozen,48,4.63253136514235e-05,0.03568813376641545,1.6532639903631535e-06
h9,3,Mobilenetv2,u2,frozen,49,4.2979562613306796e-05,0.1254301973855492,5.390935022131642e-06
h9,3,Mobilenetv2,u2,frozen,50,3.5693917121348116e-05,0.04091815527462385,1.4605292431308769e-06
h9,3,Mobilenetv2,u2,frozen,51,3.10600493879031e-05,0.04398765103224597,1.3662586135194066e-06
h9,3,Mobilenetv2,u2,frozen,52,2.7012075277938788e-05,0.0820535669747305,2.2164371279448125e-06
h9,3,Mobilenetv2,u2,frozen,53,2.5120585405396156e-05,0.03511289153650249,8.820563906731226e-07
h9,3,Mobilenetv2,u2,frozen,54,2.3430015727207813e-05,0.08400475504880628,1.968232731953771e-06
h9,3,Mobilenetv2,u2,frozen,55,1.8499694203728746e-05,0.040283729149555,7.452366706526013e-07
h9,3,Mobilenetv2,u2,frozen,56,1.6606990468484536e-05,0.03864845485082365,6.418345213292833e-07
h9,3,Mobilenetv2,u2,frozen,57,1.5908282253710832e-05,0.050109144474611164,7.97150413794089e-07
h9,3,Mobilenetv2,u2,frozen,58,1.4369910674890155e-05,0.07476137539342509,1.0743142863354494e-06
h9,3,Mobilenetv2,u2,frozen,59,1.3066187786578061e-05,0.021770542747477643,2.8445799975426795e-07
h9,3,Mobilenetv2,u2,frozen,60,1.2126895060886802e-05,0.055208318642927315,6.6950548667078e-07
h9,3,Mobilenetv2,u2,frozen,61,1.046495918287805e-05,0.01930280312431122,2.0200304681104783e-07
h9,3,Mobilenetv2,u2,frozen,62,9.628634490459816e-06,0.02960978490844838,2.851017962245826e-07
h9,3,Mobilenetv2,u2,frozen,63,7.845984930753616e-06,0.04620489352466644,3.625228983216082e-07
h9,3,Mobilenetv2,u2,frozen,64,6.281534377145014e-06,0.0201142228607704,1.263481823694854e-07
h9,3,Mobilenetv2,u2,crsf,1,14.422007778412363,1.0332875209610168,14.902080664636213
h9,3,Mobilenetv2,u2,crsf,2,1.856189466143,0.5622991866105576,1.043733827007294
h9,3,Mobilenetv2,u2,crsf,3,0.8365653369146351,1.4858185076914865,1.2429842604809287
h9,3,Mobilenetv2,u2,crsf,4,0.42668063215291635,0.8298574435579361,0.3540840986141033
h9,3,Mobilenetv2,u2,crsf,5,0.343939716785063,0.2833481764126331,0.0974546915469251
h9,3,Mobilenetv2,u2,crsf,6,0.24024470868103062,0.8476312389736023,0.2036389200761541
h9,3,Mobilenetv2,u2,crsf,7,0.12681684611888344,0.4411537817011769,0.05594573124876165
h9,3,Mobilenetv2,u2,crsf,8,0.07414018151668358,0.37789103977491256,0.028016910282440313
h9,3,Mobilenetv2,u2,crsf,9,0.05879751347675076,0.6998078704285564,0.04114696269265929
h9,3,Mobilenetv2,u2,crsf,10,0.030291452864862355,0.6143683261996805,0.018610109194742003
h9,3,Mobilenetv2,u2,crsf,11,0.02369358689440767,0.2632704002878713,0.006237820105946168
h9,3,Mobilenetv2,u2,crsf,12,0.018053855916524076,0.9844689861124737,0.017773461229561142
h9,3,Mobilenetv2,u2,crsf,13,0.012363560342131034,1.6587975543052256,0.02050864365803204
h9,3,Mobilenetv2,u2,crsf,14,0.007326979820505615,0.3035323068410707,0.0022239750870960435
h9,3,Mobilenetv2,u2,crsf,15,0.0061571801683510795,0.2611890870293707,0.0016081882668469655
h9,3,Mobilenetv2,u2,crsf,16,0.005525844120100704,0.24600402206925082,0.0013593798788724934
h9,3,Mobilenetv2,u2,crsf,17,0.004384704418095302,0.1956999673412434,0.0008580865114222562
h9,3,Mobilenetv2,u2,crsf,18,0.003617572370279179,0.6039495361110914,0.0021848311548784117
h9,3,Mobilenetv2,u2,crsf,19,0.002821189699998542,0.39662306262242514,0.0011189488990522626
h9,3,Mobilenetv2,u2,crsf,20,0.002235970511481045,0.2776121262973712,0.0006207325280304735
h9,3,Mobilenetv2,u2,crsf,21,0.001667581090386621,0.24253229572187632,0.0004044422701538569
h9,3,Mobilenetv2,u2,crsf,22,0.0015265127730667474,0.28374636422725696,0.0004331424493041574
h9,3,Mobilenetv2,u2,crsf,23,0.0013109938143148357,0.21477239732857115,0.00028156528438332495
h9,3,Mobilenetv2,u2,crsf,24,0.0012794174181816832,0.13576490531770502,0.00017369998464125883
h9,3,Mobilenetv2,u2,crsf,25,0.0009200470955006869,0.5335844270142355,0.0004909228022788457
h9,3,Mobilenetv2,u2,crsf,26,0.0009104123065712031,0.11410671656516955,0.00010388415902336251
h9,3,Mobilenetv2,u2,crsf,27,0.0007222227771553817,0.21695130062193474,0.0001566871708426458
h9,3,Mobilenetv2,u2,crsf,28,0.0005906797109460332,0.12025123436249563,7.10299643541426e-05
h9,3,Mobilenetv2,u2,crsf,29,0.0005526850623157826,0.13188582601913273,7.289132597195283e-05
h9,3,Mobilenetv2,u2,crsf,30,0.0004414806187053,0.12407741490885932,5.477777390131743e-05
h9,3,Mobilenetv2,u2,crsf,31,0.0003827413901621115,0.14390601939745384,5.5078789916877273e-05
h9,3,Mobilenetv2,u2,crsf,32,0.0003671938395591694,0.09563638336583055,3.5117090809652e-05
h9,3,Mobilenetv2,u2,crsf,33,0.00035185565069623977,0.02158536145648037,7.594931400783435e-06
h9,3,Mobilenetv2,u2,crsf,34,0.0003304704148129046,0.16289175736667866,5.38309066265693e-05
h9,3,Mobilenetv2,u2,crsf,35,0.0002567561573251687,0.072705882809079,1.8667683084993164e-05
h9,3,Mobilenetv2,u2,crsf,36,0.00021340344574194645,0.08720952405568484,1.8610812934998312e-05
h9,3,Mobilenetv2,u2,crsf,37,0.00017810038009679564,0.04360954598007097,7.766876714899326e-06
h9,3,Mobilenetv2,u2,crsf,38,0.00015535298035478586,0.2571479957457885,3.994870753136804e-05
h9,3,Mobilenetv2,u2,crsf,39,0.00013591580204576318,0.12776228948155707,1.7364914046088803e-05
h9,3,Mobilenetv2,u2,crsf,40,0.00010450559777274766,0.0631999378219751,6.604747281285991e-06
h9,3,Mobilenetv2,u2,crsf,41,9.431407025642898e-05,0.42726460652167986,4.0297064117571194e-05
h9,3,Mobilenetv2,u2,crsf,42,9.02293383661477e-05,0.10636307491402376,9.597069876081366e-06
h9,3,Mobilenetv2,u2,crsf,43,7.842854974923028e-05,0.08763543154648984,6.873119802839144e-06
h9,3,Mobilenetv2,u2,crsf,44,6.396695189965074e-05,0.10960808062627168,7.0112948212337615e-06
h9,3,Mobilenetv2,u2,crsf,45,6.012594499279517e-05,0.09660378743619896,5.808394009484576e-06
h9,3,Mobilenetv2,u2,crsf,46,5.429962198790509e-05,0.02669134496307453,1.4493299418437216e-06
h9,3,Mobilenetv2,u2,crsf,47,5.0438564261326635e-05,0.083328830054728,4.2029865495365645e-06
h9,3,Mobilenetv2,u2,crsf,48,4.727593567990928e-05,0.046752407427427166,2.21026380641996e-06
h9,3,Mobilenetv2,u2,crsf,49,4.383274527051994e-05,0.10862775812976452,4.76145285140962e-06
h9,3,Mobilenetv2,u2,crsf,50,3.754879912066409e-05,0.03887509184865496,1.4597130146225112e-06
h9,3,Mobilenetv2,u2,crsf,51,3.163362605693411e-05,0.04356692527925017,1.3781798227341896e-06
h9,3,Mobilenetv2,u2,crsf,52,2.7762801735978695e-05,0.07445127038035586,2.0669758585615627e-06
h9,3,Mobilenetv2,u2,crsf,53,2.537929479204075e-05,0.037077637767927704,9.410042991047409e-07
h9,3,Mobilenetv2,u2,crsf,54,2.3909328189931524e-05,0.08412471335646404,2.0113653805236147e-06
h9,3,Mobilenetv2,u2,crsf,55,1.9010774202889802e-05,0.04227119544244199,8.036081518424892e-07
h9,3,Mobilenetv2,u2,crsf,56,1.694551408592849e-05,0.03594593790795039,6.091223971510843e-07
h9,3,Mobilenetv2,u2,crsf,57,1.6555826113702118e-05,0.05047659678796227,8.356817592329582e-07
h9,3,Mobilenetv2,u2,crsf,58,1.467266238971308e-05,0.07588874829953425,1.1134899829769787e-06
h9,3,Mobilenetv2,u2,crsf,59,1.3786755795535716e-05,0.018471749951264896,2.5466550569428786e-07
h9,3,Mobilenetv2,u2,crsf,60,1.2680889258418804e-05,0.060991420603138065,7.734254503820368e-07
h9,3,Mobilenetv2,u2,crsf,61,1.0553757398269904e-05,0.02431807711042685,2.5664708621586537e-07
h9,3,Mobilenetv2,u2,crsf,62,9.912926581343658e-06,0.027743681180978044,2.7502107464324107e-07
h9,3,Mobilenetv2,u2,crsf,63,8.041283783459876e-06,0.04563067181114363,3.6692918126332895e-07
h9,3,Mobilenetv2,u2,crsf,64,6.484146358283791e-06,0.02409462878275645,1.5623309947591005e-07
h9,3,Mobilenetv2,u2,rawspec,1,14.645432954888419,1.0352342730948123,15.16145413921272
h9,3,Mobilenetv2,u2,rawspec,2,1.8112548005938187,0.5437473652859676,0.9848650256844494
h9,3,Mobilenetv2,u2,rawspec,3,0.8050795836140716,1.459687213984028,1.1751643744410456
h9,3,Mobilenetv2,u2,rawspec,4,0.4129312249589154,0.9220840344816024,0.38075728987354684
h9,3,Mobilenetv2,u2,rawspec,5,0.3385909942855033,0.2987824513100785,0.10116504726413947
h9,3,Mobilenetv2,u2,rawspec,6,0.23845183705997328,0.7803726691251076,0.1860812965442766
h9,3,Mobilenetv2,u2,rawspec,7,0.1292457246233454,0.4268117490097634,0.0551635937785243
h9,3,Mobilenetv2,u2,rawspec,8,0.0744361381966113,0.39390235038687305,0.029320569789367288
h9,3,Mobilenetv2,u2,rawspec,9,0.06108323040954138,0.7065298078996258,0.04315712304714186
h9,3,Mobilenetv2,u2,rawspec,10,0.029669839060406572,0.6419448041146439,0.01904639902374571
h9,3,Mobilenetv2,u2,rawspec,11,0.024123514035191914,0.22847517852054858,0.005511624175733432
h9,3,Mobilenetv2,u2,rawspec,12,0.01784593296637423,0.8850028095141799,0.015793700813642914
h9,3,Mobilenetv2,u2,rawspec,13,0.012664339052151079,1.728017752314226,0.021884202703443382
h9,3,Mobilenetv2,u2,rawspec,14,0.007309221719255604,0.29689962276091425,0.00217010517112287
h9,3,Mobilenetv2,u2,rawspec,15,0.006153551322791823,0.3177412837630645,0.0019552372970057775
h9,3,Mobilenetv2,u2,rawspec,16,0.005506859209522508,0.23309064935290866,0.0012835973890426467
h9,3,Mobilenetv2,u2,rawspec,17,0.0043858948601025365,0.19966986286708052,0.0008757310252661067
h9,3,Mobilenetv2,u2,rawspec,18,0.003512752830093573,0.6051526407851862,0.002125751651556762
h9,3,Mobilenetv2,u2,rawspec,19,0.0028086174436132813,0.3951284382362242,0.0011097646240979323
h9,3,Mobilenetv2,u2,rawspec,20,0.002232204159500506,0.26253184067127555,0.0005860246667477453
h9,3,Mobilenetv2,u2,rawspec,21,0.0016668835687561135,0.2663099551450985,0.00044390768842754224
h9,3,Mobilenetv2,u2,rawspec,22,0.0015683540231729558,0.207943207202647,0.000326128565607759
h9,3,Mobilenetv2,u2,rawspec,23,0.0013281955446780595,0.3031973873366136,0.00040270541901851807
h9,3,Mobilenetv2,u2,rawspec,24,0.0013017061650226489,0.089176151063574,0.00011608114561244532
h9,3,Mobilenetv2,u2,rawspec,25,0.0009405475034669014,0.21534445952848114,0.00020254169379494214
h9,3,Mobilenetv2,u2,rawspec,26,0.0009347070117211393,0.4643086950828656,0.0004339925928970469
h9,3,Mobilenetv2,u2,rawspec,27,0.0007237500367197368,0.2098561263058769,0.00015188337911974014
h9,3,Mobilenetv2,u2,rawspec,28,0.000606118215809024,0.1158652845406841,7.022805954000433e-05
h9,3,Mobilenetv2,u2,rawspec,29,0.0005505971081933822,0.14861709496416375,8.182814271536983e-05
h9,3,Mobilenetv2,u2,rawspec,30,0.00044437775293944314,0.13222707752460675,5.875877158813429e-05
h9,3,Mobilenetv2,u2,rawspec,31,0.00038745512073412206,0.1693750761171458,6.562524056631984e-05
h9,3,Mobilenetv2,u2,rawspec,32,0.00036838038623320164,0.100273667011267,3.693885218262999e-05
h9,3,Mobilenetv2,u2,rawspec,33,0.00035556068035908796,0.006076486741082891,2.16055975985241e-06
h9,3,Mobilenetv2,u2,rawspec,34,0.0003245149534629992,0.16194485230498695,5.255352620932511e-05
h9,3,Mobilenetv2,u2,rawspec,35,0.00026210813339791554,0.06107268470234134,1.600764738893012e-05
h9,3,Mobilenetv2,u2,rawspec,36,0.0002094617942089763,0.09223670852410507,1.9320066459389425e-05
h9,3,Mobilenetv2,u2,rawspec,37,0.00017920825355620087,0.042005871435679944,7.527798859094506e-06
h9,3,Mobilenetv2,u2,rawspec,38,0.00015482244808177323,0.25261564981772267,3.9110573328547774e-05
h9,3,Mobilenetv2,u2,rawspec,39,0.0001344697247064767,0.13496757923049923,1.8149053223424815e-05
h9,3,Mobilenetv2,u2,rawspec,40,0.00010582138481631354,0.06532992111658943,6.913302722498018e-06
h9,3,Mobilenetv2,u2,rawspec,41,9.465614660166489e-05,0.4554890219731382,4.3114835639338326e-05
h9,3,Mobilenetv2,u2,rawspec,42,9.0748535574411e-05,0.06317440027800673,5.732984311020774e-06
h9,3,Mobilenetv2,u2,rawspec,43,7.687526081911752e-05,0.07924329592348929,6.091849042284752e-06
h9,3,Mobilenetv2,u2,rawspec,44,6.31884102750634e-05,0.11703842528691538,7.395472034976964e-06
h9,3,Mobilenetv2,u2,rawspec,45,6.061405976135902e-05,0.10239461649539117,6.206553403493079e-06
h9,3,Mobilenetv2,u2,rawspec,46,5.3362083142177125e-05,0.027071411567926765,1.4445869148638036e-06
h9,3,Mobilenetv2,u2,rawspec,47,4.995362449560258e-05,0.09009706857559839,4.500675131779997e-06
h9,3,Mobilenetv2,u2,rawspec,48,4.8716633160461777e-05,0.026925994475246687,1.3117437953312134e-06
h9,3,Mobilenetv2,u2,rawspec,49,4.3108399995589556e-05,0.13418896885742618,5.784671744501637e-06
h9,3,Mobilenetv2,u2,rawspec,50,3.6528769872536456e-05,0.03083302326976699,1.12629241149588e-06
h9,3,Mobilenetv2,u2,rawspec,51,3.143532833470537e-05,0.043515613435349085,1.3679275960263148e-06
h9,3,Mobilenetv2,u2,rawspec,52,2.7756447756207393e-05,0.06944642548570806,1.9275860808494054e-06
h9,3,Mobilenetv2,u2,rawspec,53,2.5699535101192223e-05,0.0439083453686214,1.1284240630361567e-06
h9,3,Mobilenetv2,u2,rawspec,54,2.4251855555333673e-05,0.08475545925435751,2.055477155362647e-06
h9,3,Mobilenetv2,u2,rawspec,55,1.8940872676944578e-05,0.04096171477886993,7.758506242558944e-07
h9,3,Mobilenetv2,u2,rawspec,56,1.7000418883613197e-05,0.029613459489881977,5.03441215920904e-07
h9,3,Mobilenetv2,u2,rawspec,57,1.612278844040644e-05,0.05450032759456186,8.786972517399661e-07
h9,3,Mobilenetv2,u2,rawspec,58,1.4887842500451216e-05,0.06859365182392108,1.0212114848853252e-06
h9,3,Mobilenetv2,u2,rawspec,59,1.347188335937369e-05,0.014311886481984675,1.928080653378946e-07
h9,3,Mobilenetv2,u2,rawspec,60,1.2728168386263108e-05,0.05458138042804058,6.947210008427861e-07
h9,3,Mobilenetv2,u2,rawspec,61,1.0615579374239125e-05,0.02152456142322539,2.284956902839346e-07
h9,3,Mobilenetv2,u2,rawspec,62,9.971869988707382e-06,0.029422654633348415,2.9339888672638925e-07
h9,3,Mobilenetv2,u2,rawspec,63,7.998381191955492e-06,0.04834553495101765,3.8668601746724644e-07
h9,3,Mobilenetv2,u2,rawspec,64,6.518284234480519e-06,0.021350255454480653,1.3916703353107296e-07
l9,0,ResNet10,u1,frozen,1,17.086229090118795,1.0260415137662755,17.531180360182862
l9,0,ResNet10,u1,frozen,2,2.3815492534309213,0.5898502580513313,1.4047574416981843
l9,0,ResNet10,u1,frozen,3,1.2979273648500744,3.9284905968203527,5.098895448169337
l9,0,ResNet10,u1,frozen,4,0.7335878049424176,1.3448426386635037,0.9865601592901285
l9,0,ResNet10,u1,frozen,5,0.5076096918754847,1.297131720285533,0.6584366328560568
l9,0,ResNet10,u1,frozen,6,0.29247476495689384,0.37410995029445926,0.10941771978040721
l9,0,ResNet10,u1,frozen,7,0.1775839507071443,1.6049105808258832,0.285006361474758
l9,0,ResNet10,u1,frozen,8,0.12710804054604252,0.06723829975994992,0.008546528532134676
l9,0,ResNet10,u1,frozen,9,0.09472656198098756,0.7470197730233938,0.07076261483032377
l9,0,ResNet10,u1,frozen,10,0.06996240458805855,0.4833438796204987,0.033815900061171196
l9,0,ResNet10,u1,frozen,11,0.04175086548215207,2.092724044946758,0.08737304009183726
l9,0,ResNet10,u1,frozen,12,0.03821646112398857,0.4188064414988047,0.01600530009001506
l9,0,ResNet10,u1,frozen,13,0.03129994688977259,1.6411237158032144,0.05136708514418686
l9,0,ResNet10,u1,frozen,14,0.025852626382354266,1.217315075610883,0.03147079183937549
l9,0,ResNet10,u1,frozen,15,0.01996418664759867,0.26376315951049967,0.005265816947227956
l9,0,ResNet10,u1,frozen,16,0.015085697138655714,0.5465415854367068,0.008244960831578886
l9,0,ResNet10,u1,frozen,17,0.013792217235333243,0.7517686321758962,0.010368556285679292
l9,0,ResNet10,u1,frozen,18,0.01254245952321325,0.4550607877770329,0.00570758151129497
l9,0,ResNet10,u1,frozen,19,0.008617765277284264,0.2602653052560137,0.0022429053105170647
l9,0,ResNet10,u1,frozen,20,0.006814176522696521,0.3830777204310217,0.0026103592089291696
l9,0,ResNet10,u1,frozen,21,0.006607422268555439,0.288297321294946,0.0019049021406891084
l9,0,ResNet10,u1,frozen,22,0.005384252012212941,0.26340477408607627,0.001418237684899451
l9,0,ResNet10,u1,frozen,23,0.004485238172848767,0.5671582186111956,0.0025438396921598407
l9,0,ResNet10,u1,frozen,24,0.004253167112462855,0.2071270874633649,0.0008809461164994009
l9,0,ResNet10,u1,frozen,25,0.00385296938962556,0.09073640735038133,0.0003496046000456149
l9,0,ResNet10,u1,frozen,26,0.00346525390341149,0.22150569961755617,0.0007675734902276295
l9,0,ResNet10,u1,frozen,27,0.002735610339514245,0.4600617798223378,0.0012585497616973134
l9,0,ResNet10,u1,frozen,28,0.0026629559395469106,0.30992773315885686,0.0008253238978456879
l9,0,ResNet10,u1,frozen,29,0.002419083581982809,0.17363153905799866,0.0004200292054496114
l9,0,ResNet10,u1,frozen,30,0.002214003142518441,0.19538515230821357,0.0004325833412118291
l9,0,ResNet10,u1,frozen,31,0.0019504443585149902,0.1732434889936881,0.00033790178575719275
l9,0,ResNet10,u1,frozen,32,0.0016843080497442192,0.1710652819423326,0.0002881266314072352
l9,0,ResNet10,u1,frozen,33,0.0016303979784088702,0.21336917310731573,0.0003478766684889398
l9,0,ResNet10,u1,frozen,34,0.0014030988594749582,0.13658523532214786,0.00019164258790162444
l9,0,ResNet10,u1,frozen,35,0.00138450628005587,0.2002557522416029,0.0002772553465958116
l9,0,ResNet10,u1,frozen,36,0.0013612968574782196,0.29716135623088485,0.0004045248204010693
l9,0,ResNet10,u1,frozen,37,0.0010300283229911743,0.30399448138589863,0.0003131229258604889
l9,0,ResNet10,u1,frozen,38,0.0009046605682678442,0.06422385833970758,5.810079218195338e-05
l9,0,ResNet10,u1,frozen,39,0.0008501043744965924,0.22161363389950164,0.0001883947196260527
l9,0,ResNet10,u1,frozen,40,0.0007491675908574696,0.18638801724255222,0.00013963586184230335
l9,0,ResNet10,u1,frozen,41,0.0007342582024549137,0.11926915733584015,8.757435707372627e-05
l9,0,ResNet10,u1,frozen,42,0.00065279129355538,0.12904121982791797,8.423698481343071e-05
l9,0,ResNet10,u1,frozen,43,0.0006384338855713548,0.06147100825197886,3.924517464829968e-05
l9,0,ResNet10,u1,frozen,44,0.0004913258885381113,0.1656263512642136,8.137651420021508e-05
l9,0,ResNet10,u1,frozen,45,0.00045409473703077267,0.07810878261787768,3.5468787102658956e-05
l9,0,ResNet10,u1,frozen,46,0.00040332217321726346,0.035626330653277236,1.4368889102836583e-05
l9,0,ResNet10,u1,frozen,47,0.0003828573369399347,0.0704887748023717,2.69871446049948e-05
l9,0,ResNet10,u1,frozen,48,0.00034826845242663505,0.1003592997697333,3.495197801742577e-05
l9,0,ResNet10,u1,frozen,49,0.0002864462963692432,0.025614927759788336,7.337301188557085e-06
l9,0,ResNet10,u1,frozen,50,0.0002631989499524214,0.10945140817787126,2.8807495703229583e-05
l9,0,ResNet10,u1,frozen,51,0.0002493773194136283,0.020250520307853327,5.050020471103706e-06
l9,0,ResNet10,u1,frozen,52,0.00021552922484852693,0.2923826113901946,6.301699759211672e-05
l9,0,ResNet10,u1,frozen,53,0.0001899968675389949,0.33191806473641144,6.30633925795235e-05
l9,0,ResNet10,u1,frozen,54,0.0001728572597556301,0.14664693659867795,2.534898761200509e-05
l9,0,ResNet10,u1,frozen,55,0.00015906149510992254,0.03704715173720452,5.892775344883915e-06
l9,0,ResNet10,u1,frozen,56,0.00014139085115514203,0.16623111590761314,2.350355896664649e-05
l9,0,ResNet10,u1,frozen,57,0.00012443032024596508,0.09868616874450178,1.2279551580725707e-05
l9,0,ResNet10,u1,frozen,58,0.00012001843065716054,0.07300798076161148,8.762303276456779e-06
l9,0,ResNet10,u1,frozen,59,0.00010598269107129324,0.04982665901324839,5.280763409315773e-06
l9,0,ResNet10,u1,frozen,60,9.254385137705602e-05,0.010248984988888687,9.484805435773929e-07
l9,0,ResNet10,u1,frozen,61,7.548378576786918e-05,0.03839959917241146,2.8985471175023532e-06
l9,0,ResNet10,u1,frozen,62,6.447354713804867e-05,0.07404358872468096,4.773852807911007e-06
l9,0,ResNet10,u1,frozen,63,6.085550425732572e-05,0.048083510909562914,2.926146302864074e-06
l9,0,ResNet10,u1,frozen,64,4.2351447820492984e-05,0.017794018723626712,7.536024554905519e-07
l9,0,ResNet10,u1,crsf,1,15.407617820535068,1.0356938320737696,15.957574743678066
l9,0,ResNet10,u1,crsf,2,2.734709772871476,0.916163007669035,2.5054399306158355
l9,0,ResNet10,u1,crsf,3,1.3087157286895372,3.4820573748842647,4.557023254710438
l9,0,ResNet10,u1,crsf,4,0.7850812704354403,1.3855593949297598,1.0877767300352157
l9,0,ResNet10,u1,crsf,5,0.53462410550707,1.3642524420357338,0.72936224150919
l9,0,ResNet10,u1,crsf,6,0.33311944698470985,0.3527552333337121,0.11750962824908846
l9,0,ResNet10,u1,crsf,7,0.1964263745797949,1.6472350130049211,0.32356040168545797
l9,0,ResNet10,u1,crsf,8,0.13937735227855153,0.068640510019002,0.009566932545497887
l9,0,ResNet10,u1,crsf,9,0.11247977769109853,0.8492959678935472,0.09552862166261254
l9,0,ResNet10,u1,crsf,10,0.07666743323532382,0.380855568039196,0.02919921883494639
l9,0,ResNet10,u1,crsf,11,0.04453346823048348,0.9631397720919689,0.042891954441972795
l9,0,ResNet10,u1,crsf,12,0.04222650770276697,1.1809024028140527,0.049865384408643625
l9,0,ResNet10,u1,crsf,13,0.03361095787170017,1.9774891927409066,0.06646530594895698
l9,0,ResNet10,u1,crsf,14,0.027806698974956547,1.1609815229010856,0.03228306372279711
l9,0,ResNet10,u1,crsf,15,0.021161033583066625,0.24315713342778014,0.005145456266427468
l9,0,ResNet10,u1,crsf,16,0.016286510220968504,0.5294980643318088,0.008623675636723043
l9,0,ResNet10,u1,crsf,17,0.014457008415818135,0.7532140612603413,0.01088922202255331
l9,0,ResNet10,u1,crsf,18,0.01375897119258941,0.5370247151132508,0.007388907584951752
l9,0,ResNet10,u1,crsf,19,0.008892895516669906,0.2609783611992436,0.002320853298256613
l9,0,ResNet10,u1,crsf,20,0.007119993554106513,0.39260979874446333,0.0027953792363396342
l9,0,ResNet10,u1,crsf,21,0.007004487324691572,0.3337866045276889,0.002338004040566035
l9,0,ResNet10,u1,crsf,22,0.0057066951938760345,0.23292670456739362,0.0013292417054801282
l9,0,ResNet10,u1,crsf,23,0.004937514364878828,0.44145907927169725,0.0021797105454101867
l9,0,ResNet10,u1,crsf,24,0.004411505971305094,0.25496762578204013,0.0011247912036269527
l9,0,ResNet10,u1,crsf,25,0.004102549217836506,0.10889434535791424,0.00044674441137492946
l9,0,ResNet10,u1,crsf,26,0.003611617451150719,0.26174469543917317,0.0009453217097942478
l9,0,ResNet10,u1,crsf,27,0.0029214862802443282,0.36668430092006604,0.0010712631543189557
l9,0,ResNet10,u1,crsf,28,0.0028291675452396517,0.44624413090682236,0.0012624994124152563
l9,0,ResNet10,u1,crsf,29,0.0026095497314382733,0.18760865690654258,0.0004895741202459634
l9,0,ResNet10,u1,crsf,30,0.0023963530348889684,0.22707627634425834,0.0005441549239688495
l9,0,ResNet10,u1,crsf,31,0.002051359136500881,0.17982346317723835,0.0003688825041458576
l9,0,ResNet10,u1,crsf,32,0.0018160117303459122,0.19284760246015786,0.0003502135082367319
l9,0,ResNet10,u1,crsf,33,0.001720319510378914,0.21580235635583855,0.0003712490040246921
l9,0,ResNet10,u1,crsf,34,0.0015296432516854065,0.18020180952821063,0.0002756444818863264
l9,0,ResNet10,u1,crsf,35,0.001522786290791574,0.2932210371787503,0.00044651297558748735
l9,0,ResNet10,u1,crsf,36,0.0014991586709199064,0.12544363414983545,0.0001880599118474303
l9,0,ResNet10,u1,crsf,37,0.0011189186800630545,0.2506596265076785,0.0002804677384370698
l9,0,ResNet10,u1,crsf,38,0.0009547473730842272,0.11955263330797385,0.0001141425625960899
l9,0,ResNet10,u1,crsf,39,0.0009204445094098568,0.19915833317329332,0.00018331419427257677
l9,0,ResNet10,u1,crsf,40,0.000808516703996476,0.18670651427609214,0.00015095533553717702
l9,0,ResNet10,u1,crsf,41,0.0007630192175641896,0.1333311834846907,0.0001017342552993961
l9,0,ResNet10,u1,crsf,42,0.0007073801905304946,0.12733947480382363,9.007742194878186e-05
l9,0,ResNet10,u1,crsf,43,0.0006533302368695937,0.056645738104759535,3.700837349363552e-05
l9,0,ResNet10,u1,crsf,44,0.0005324064728851226,0.1504036818935749,8.007589378589418e-05
l9,0,ResNet10,u1,crsf,45,0.000486682954884544,0.06316413393319864,3.074090734533221e-05
l9,0,ResNet10,u1,crsf,46,0.0004337265633895642,0.04046190367896794,1.754940243087833e-05
l9,0,ResNet10,u1,crsf,47,0.00041002682681478723,0.09531967184118235,3.908362257806683e-05
l9,0,ResNet10,u1,crsf,48,0.00037390228643591135,0.09423817539641502,3.523586925026802e-05
l9,0,ResNet10,u1,crsf,49,0.00031128891202527405,0.021265521910302117,6.619721179107573e-06
l9,0,ResNet10,u1,crsf,50,0.0002767545709309559,0.10452141462903367,2.8926779258754747e-05
l9,0,ResNet10,u1,crsf,51,0.00026759189266407495,0.023695032014608184,6.340598463524853e-06
l9,0,ResNet10,u1,crsf,52,0.00023800318643726865,0.19616837611028698,4.668869859247287e-05
l9,0,ResNet10,u1,crsf,53,0.00021008988390552877,0.28444075445966016,5.975812508243102e-05
l9,0,ResNet10,u1,crsf,54,0.00019055287433136298,0.2566028452385528,4.8896409721812136e-05
l9,0,ResNet10,u1,crsf,55,0.00017393461694381528,0.05194715915226463,9.035409228468557e-06
l9,0,ResNet10,u1,crsf,56,0.0001582399030134264,0.16875942252024334,2.670447465220515e-05
l9,0,ResNet10,u1,crsf,57,0.00013185012523997942,0.1306726320658624,1.722920290332171e-05
l9,0,ResNet10,u1,crsf,58,0.00012744525910251617,0.07232145346554822,9.21702637558736e-06
l9,0,ResNet10,u1,crsf,59,0.00011277025321237203,0.037495787173175164,4.228409413916175e-06
l9,0,ResNet10,u1,crsf,60,0.00010327079729883776,0.0072725202980347325,7.51038969550028e-07
l9,0,ResNet10,u1,crsf,61,8.275126703532286e-05,0.04059203720512215,3.359042510268824e-06
l9,0,ResNet10,u1,crsf,62,7.238347348862602e-05,0.06103730123433219,4.418091875712564e-06
l9,0,ResNet10,u1,crsf,63,6.765005916962912e-05,0.060428895076748125,4.088018327497321e-06
l9,0,ResNet10,u1,crsf,64,4.778631180468679e-05,0.012522003544470682,5.983803657954693e-07
l9,0,ResNet10,u1,rawspec,1,16.88785156882249,1.1327759820767975,19.130152646040084
l9,0,ResNet10,u1,rawspec,2,2.4191996837571543,0.8100296014248495,1.9596233556009297
l9,0,ResNet10,u1,rawspec,3,1.2660036754752004,3.5033609159006804,4.435267796046426
l9,0,ResNet10,u1,rawspec,4,0.7939305287584943,1.4086974003886814,1.1184078719513022
l9,0,ResNet10,u1,rawspec,5,0.5690265553237587,1.4730653844214938,0.838213321464031
l9,0,ResNet10,u1,rawspec,6,0.31352092277104177,0.3773326241973868,0.11830167252998343
l9,0,ResNet10,u1,rawspec,7,0.19783109346580502,1.5757525111579107,0.3117328423138576
l9,0,ResNet10,u1,rawspec,8,0.13667991893675263,0.06917571253115244,0.009454930781150018
l9,0,ResNet10,u1,rawspec,9,0.1066234015599339,0.7499191772206825,0.07995893357029606
l9,0,ResNet10,u1,rawspec,10,0.07534870415639067,0.3790086785753027,0.028557812794675043
l9,0,ResNet10,u1,rawspec,11,0.0458358235993565,1.515520428080998,0.06946512700274188
l9,0,ResNet10,u1,rawspec,12,0.04185608887657981,0.6765672526515037,0.028318459057964766
l9,0,ResNet10,u1,rawspec,13,0.03252980014050769,1.6388831718014067,0.05331254203234109
l9,0,ResNet10,u1,rawspec,14,0.02846019215268462,1.4981329749161925,0.04263715233638789
l9,0,ResNet10,u1,rawspec,15,0.0213684766763201,0.27376556171995686,0.005849953020392569
l9,0,ResNet10,u1,rawspec,16,0.016914108704025314,0.4774650503631591,0.008075895764215395
l9,0,ResNet10,u1,rawspec,17,0.014452782747916549,0.6666899028470632,0.009635524326078195
l9,0,ResNet10,u1,rawspec,18,0.013552617915794806,0.648612653727796,0.00879039947132254
l9,0,ResNet10,u1,rawspec,19,0.00914182159690324,0.28508453134858863,0.002606191925625566
l9,0,ResNet10,u1,rawspec,20,0.007243366439318607,0.36985347345701075,0.002678984237103927
l9,0,ResNet10,u1,rawspec,21,0.006764754384117484,0.26057770765323085,0.0017627441902504774
l9,0,ResNet10,u1,rawspec,22,0.005685734843976262,0.3391366534969844,0.001928241087657308
l9,0,ResNet10,u1,rawspec,23,0.00481177738588206,0.596473989511209,0.0028701000539968886
l9,0,ResNet10,u1,rawspec,24,0.004342307759328243,0.17269699815038408,0.000749903515081108
l9,0,ResNet10,u1,rawspec,25,0.004169120405505669,0.10224392068459656,0.0004262672160650547
l9,0,ResNet10,u1,rawspec,26,0.003696254588167066,0.25201335584331735,0.0009315055228152413
l9,0,ResNet10,u1,rawspec,27,0.002974993690490273,0.4062121525036716,0.0012084785906988956
l9,0,ResNet10,u1,rawspec,28,0.0028465981176165334,0.32908826581385114,0.000936782037995398
l9,0,ResNet10,u1,rawspec,29,0.0025607576934970964,0.25020688070535174,0.0006407191947321397
l9,0,ResNet10,u1,rawspec,30,0.0023257809736113386,0.17455984146748119,0.0004059879580416793
l9,0,ResNet10,u1,rawspec,31,0.0020431122744640133,0.19509244878817794,0.00039859577677436826
l9,0,ResNet10,u1,rawspec,32,0.0017871423053592557,0.20722240771664457,0.0003703359314488198
l9,0,ResNet10,u1,rawspec,33,0.0016661815732176895,0.21480381646268937,0.00035790216084696764
l9,0,ResNet10,u1,rawspec,34,0.0014678184826332564,0.09735867722361638,0.00014290486587354958
l9,0,ResNet10,u1,rawspec,35,0.0014616318369814658,0.1516669165303692,0.0002216811938175982
l9,0,ResNet10,u1,rawspec,36,0.0014040971591149413,0.3155098266378518,0.00044300645125505537
l9,0,ResNet10,u1,rawspec,37,0.001088623550813788,0.2969854531960592,0.000323305358598336
l9,0,ResNet10,u1,rawspec,38,0.0009283241909287958,0.07353853647481143,6.826760237506705e-05
l9,0,ResNet10,u1,rawspec,39,0.000864101391248206,0.20580874299231486,0.00017783962115070374
l9,0,ResNet10,u1,rawspec,40,0.0007705992699070445,0.16409565540793475,0.00012645199225227248
l9,0,ResNet10,u1,rawspec,41,0.0007571100348651756,0.13182021904216976,9.980241063495223e-05
l9,0,ResNet10,u1,rawspec,42,0.0006739801996253759,0.13542433709430354,9.12733217489529e-05
l9,0,ResNet10,u1,rawspec,43,0.0006329091087411086,0.07970235181208978,5.0444344449960024e-05
l9,0,ResNet10,u1,rawspec,44,0.0005121899969230876,0.1354391516528061,6.937057866831636e-05
l9,0,ResNet10,u1,rawspec,45,0.0004681302525678218,0.06621302198661565,3.099631870587312e-05
l9,0,ResNet10,u1,rawspec,46,0.0004173710335053579,0.049362659353601436,2.0602544150985556e-05
l9,0,ResNet10,u1,rawspec,47,0.00039420595892223915,0.07721752008334506,3.0439606550052302e-05
l9,0,ResNet10,u1,rawspec,48,0.00036574759631204627,0.08195288729185816,2.9974071537829166e-05
l9,0,ResNet10,u1,rawspec,49,0.00029505248020463443,0.02634354493898215,7.772728271628929e-06
l9,0,ResNet10,u1,rawspec,50,0.00026614005649888017,0.08963884601281985,2.3856487542346294e-05
l9,0,ResNet10,u1,rawspec,51,0.00025727989532415646,0.03233362605967576,8.318791928083798e-06
l9,0,ResNet10,u1,rawspec,52,0.00022501745246478002,0.2832049981865978,6.372606721724088e-05
l9,0,ResNet10,u1,rawspec,53,0.00019560198345190723,0.39525859357056936,7.731336487881463e-05
l9,0,ResNet10,u1,rawspec,54,0.00017706673837719842,0.12537022976417164,2.2198897673941833e-05
l9,0,ResNet10,u1,rawspec,55,0.00016028820333331098,0.05239504116778051,8.398307012358402e-06
l9,0,ResNet10,u1,rawspec,56,0.0001449078135391106,0.16110589668329828,2.3345503236634602e-05
l9,0,ResNet10,u1,rawspec,57,0.0001283255646683228,0.05564880370246398,7.141164158235343e-06
l9,0,ResNet10,u1,rawspec,58,0.0001244131359431363,0.12928130423494283,1.6084292478687906e-05
l9,0,ResNet10,u1,rawspec,59,0.00010911399848760526,0.0510660729357635,5.572023405080838e-06
l9,0,ResNet10,u1,rawspec,60,9.498470902964473e-05,0.008419660426154408,7.99738995706691e-07
l9,0,ResNet10,u1,rawspec,61,7.757113241158106e-05,0.03168891598424697,2.458145097793489e-06
l9,0,ResNet10,u1,rawspec,62,6.507897988206022e-05,0.07464608207676354,4.85789087374831e-06
l9,0,ResNet10,u1,rawspec,63,6.242232401678829e-05,0.057843428858825215,3.6107212584676298e-06
l9,0,ResNet10,u1,rawspec,64,4.2965220223665746e-05,0.020598372590163984,8.850136145855158e-07
l9,0,ResNet10,u2,frozen,1,16.63145186955068,1.0105842361974833,16.80748308444508
l9,0,ResNet10,u2,frozen,2,2.3738804906758104,0.603573410192636,1.432811143146967
l9,0,ResNet10,u2,frozen,3,1.2503186655004292,3.85099744726599,4.814973989111173
l9,0,ResNet10,u2,frozen,4,0.7447020623795334,1.29256510060439,0.9625758961798982
l9,0,ResNet10,u2,frozen,5,0.5210261305710147,1.4116256741173545,0.7354938628000653
l9,0,ResNet10,u2,frozen,6,0.28820205810116245,0.3258333030804576,0.09390582854568771
l9,0,ResNet10,u2,frozen,7,0.17214965035060398,1.4979538500739693,0.25787223153157485
l9,0,ResNet10,u2,frozen,8,0.12500974034146753,0.06144819015582748,0.007681622295833115
l9,0,ResNet10,u2,frozen,9,0.09418439845411733,0.7487939010389011,0.07052470313546076
l9,0,ResNet10,u2,frozen,10,0.06785755468281743,0.5690488271099605,0.03861426190280726
l9,0,ResNet10,u2,frozen,11,0.041391308034150504,2.494039861878259,0.10323157217245318
l9,0,ResNet10,u2,frozen,12,0.03960965477248172,0.24225265538934304,0.00959554404768886
l9,0,ResNet10,u2,frozen,13,0.03184222735565733,1.0857724685971404,0.03457341380158346
l9,0,ResNet10,u2,frozen,14,0.024822289635206437,1.6718099394633241,0.04149815053237557
l9,0,ResNet10,u2,frozen,15,0.01916521218665493,0.17608460808755802,0.003374698876802024
l9,0,ResNet10,u2,frozen,16,0.014656678021041246,0.5172974591957202,0.007581862300534393
l9,0,ResNet10,u2,frozen,17,0.013559216449554495,0.6215809360515486,0.00842815045283964
l9,0,ResNet10,u2,frozen,18,0.012024475822461874,0.35923616966888094,0.004319626636737271
l9,0,ResNet10,u2,frozen,19,0.008359795792139111,0.1848608339306713,0.0015453988216249529
l9,0,ResNet10,u2,frozen,20,0.006776764422068605,0.44286392749294196,0.0030011845076517393
l9,0,ResNet10,u2,frozen,21,0.006598995609997003,0.34485276923147146,0.0022756819102537898
l9,0,ResNet10,u2,frozen,22,0.005348402138303573,0.24549634106002555,0.0013130131554711438
l9,0,ResNet10,u2,frozen,23,0.004669280658614031,0.5755495792948575,0.002687402518674921
l9,0,ResNet10,u2,frozen,24,0.00432971193661082,0.05256162379014509,0.00022757668993183844
l9,0,ResNet10,u2,frozen,25,0.003729347520992379,0.07697278515369342,0.00028705826549680556
l9,0,ResNet10,u2,frozen,26,0.0034007568365850005,0.22784301317656422,0.0007748386847283271
l9,0,ResNet10,u2,frozen,27,0.0030154755839081598,0.4378724242497967,0.0013203936041919372
l9,0,ResNet10,u2,frozen,28,0.0028916244878304906,0.29634424903744866,0.0008569162873444239
l9,0,ResNet10,u2,frozen,29,0.002500155896488742,0.2141396158215225,0.0005353824231680134
l9,0,ResNet10,u2,frozen,30,0.0021356724794429184,0.272057294764413,0.0005810252772600468
l9,0,ResNet10,u2,frozen,31,0.0019809476631063535,0.18205265469093695,0.0003606367808723195
l9,0,ResNet10,u2,frozen,32,0.0017310933784105318,0.17701866488965215,0.00030643583864554974
l9,0,ResNet10,u2,frozen,33,0.001637033401458197,0.16775477006553222,0.0002746201618512159
l9,0,ResNet10,u2,frozen,34,0.001359989323444699,0.29512133387874045,0.00040136186319584535
l9,0,ResNet10,u2,frozen,35,0.0013017000619478661,0.16385732886792848,0.00021329309513799439
l9,0,ResNet10,u2,frozen,36,0.0012513006024908644,0.2612769922532084,0.00032693605782344054
l9,0,ResNet10,u2,frozen,37,0.0009812797880856545,0.22174061811554302,0.0002175895867544021
l9,0,ResNet10,u2,frozen,38,0.0008395337382292006,0.3593174832326229,0.000301659149909392
l9,0,ResNet10,u2,frozen,39,0.00082611939458892,0.06215609214773455,5.134835321509959e-05
l9,0,ResNet10,u2,frozen,40,0.0008105563942593101,0.10961909892613488,8.88524615675225e-05
l9,0,ResNet10,u2,frozen,41,0.0007090339664055332,0.1805697886160305,0.0001280301134354328
l9,0,ResNet10,u2,frozen,42,0.0006803927389585838,0.1021621883636682,6.951041115875897e-05
l9,0,ResNet10,u2,frozen,43,0.0006222798855701053,0.12420980118189379,7.72932608661544e-05
l9,0,ResNet10,u2,frozen,44,0.0005506586592229234,0.11616136795480747,6.396526313149495e-05
l9,0,ResNet10,u2,frozen,45,0.00048308938951152695,0.08061648947087356,3.894497068304675e-05
l9,0,ResNet10,u2,frozen,46,0.00042293871906100365,0.15802949505617744,6.68367922129169e-05
l9,0,ResNet10,u2,frozen,47,0.0003597086832658384,0.08428798198888542,3.0319119016356678e-05
l9,0,ResNet10,u2,frozen,48,0.0003086713942163111,0.060777978039185776,1.876042321900381e-05
l9,0,ResNet10,u2,frozen,49,0.00029763966080752376,0.1534991790649196,4.568744359111603e-05
l9,0,ResNet10,u2,frozen,50,0.0002694463164443042,0.11767914781454021,3.170821290093265e-05
l9,0,ResNet10,u2,frozen,51,0.00023092592162938516,0.03790590494103376,8.753456033704086e-06
l9,0,ResNet10,u2,frozen,52,0.00020009948187848774,0.24962993859246188,4.9950821373710334e-05
l9,0,ResNet10,u2,frozen,53,0.00018191223114045544,0.12915188390288204,2.3494307356766343e-05
l9,0,ResNet10,u2,frozen,54,0.0001632988408088019,0.1276814583450288,2.0850234140520532e-05
l9,0,ResNet10,u2,frozen,55,0.00015561448752931346,0.11578500455276414,1.8017824147057616e-05
l9,0,ResNet10,u2,frozen,56,0.00014008386255165455,0.05729064321358831,8.025494589428185e-06
l9,0,ResNet10,u2,frozen,57,0.00012794041634519627,0.03729957541517308,4.772123208116291e-06
l9,0,ResNet10,u2,frozen,58,0.00010495255935670917,0.053672218073620916,5.633036653177938e-06
l9,0,ResNet10,u2,frozen,59,9.817568979922314e-05,0.03886413168697923,3.8155129368170315e-06
l9,0,ResNet10,u2,frozen,60,9.194665187959919e-05,0.0963529968897114,8.859335462574397e-06
l9,0,ResNet10,u2,frozen,61,7.514176995712225e-05,0.024590657092141012,1.8477854983121365e-06
l9,0,ResNet10,u2,frozen,62,6.230157528167177e-05,0.04701847698956841,2.9293251837951484e-06
l9,0,ResNet10,u2,frozen,63,4.625818592604865e-05,0.02780886049990771,1.2863874393962811e-06
l9,0,ResNet10,u2,frozen,64,4.1570051842252533e-05,0.034453595918743966,1.432237768494207e-06
l9,0,ResNet10,u2,crsf,1,14.993398199501616,1.0218650286311657,15.321229280412187
l9,0,ResNet10,u2,crsf,2,2.740986876544682,0.9922347230468475,2.7197023543233563
l9,0,ResNet10,u2,crsf,3,1.2598255945498498,3.289707212956482,4.1444573454578295
l9,0,ResNet10,u2,crsf,4,0.7959736063239838,1.3583803540415074,1.0812349091660687
l9,0,ResNet10,u2,crsf,5,0.5492815772983093,1.479299865308132,0.8125521633136272
l9,0,ResNet10,u2,crsf,6,0.3255454115165646,0.3105377380177452,0.10109413571440998
l9,0,ResNet10,u2,crsf,7,0.1894475950157983,1.5389735106119935,0.2915548303784623
l9,0,ResNet10,u2,crsf,8,0.1366973240872096,0.057862126370572343,0.007909597840853206
l9,0,ResNet10,u2,crsf,9,0.11037160581311421,0.8724884288518325,0.0962979489457378
l9,0,ResNet10,u2,crsf,10,0.07479353881269052,0.46403656578904423,0.034706936893850494
l9,0,ResNet10,u2,crsf,11,0.044480410467345376,0.36064465977732013,0.016041622499751322
l9,0,ResNet10,u2,crsf,12,0.04314993081030436,2.0808431646680123,0.0897882385825195
l9,0,ResNet10,u2,crsf,13,0.03406229459225908,1.320593267564199,0.044982436916325766
l9,0,ResNet10,u2,crsf,14,0.02688235594137595,1.653041670374828,0.04443765456894278
l9,0,ResNet10,u2,crsf,15,0.020447063782582216,0.16662975909338065,0.0034070893122586632
l9,0,ResNet10,u2,crsf,16,0.0156823920940712,0.5331451944303945,0.008360991982127272
l9,0,ResNet10,u2,crsf,17,0.014182558834693933,0.6088928608529958,0.008635658823072719
l9,0,ResNet10,u2,crsf,18,0.013105394731923561,0.4295578121707741,0.005629524688679473
l9,0,ResNet10,u2,crsf,19,0.008617491688984255,0.21851841342449874,0.0018830806115756433
l9,0,ResNet10,u2,crsf,20,0.007087370976000586,0.2940777106090345,0.0020842378308591706
l9,0,ResNet10,u2,crsf,21,0.006971074321353682,0.5190008708460048,0.0036179936435147826
l9,0,ResNet10,u2,crsf,22,0.00571184421654326,0.20423930253203523,0.0011665830789584345
l9,0,ResNet10,u2,crsf,23,0.005069108133311782,0.48607749980893095,0.002463979407701308
l9,0,ResNet10,u2,crsf,24,0.004512067186928691,0.09057003675645052,0.00040865809096770586
l9,0,ResNet10,u2,crsf,25,0.003967090827446599,0.08211524245771751,0.0003257586251475646
l9,0,ResNet10,u2,crsf,26,0.0035969972709461364,0.27801778448064257,0.0010000292120513625
l9,0,ResNet10,u2,crsf,27,0.0031794178229116667,0.3804907711384983,0.0012097391392111455
l9,0,ResNet10,u2,crsf,28,0.0030543789176497747,0.36982753261967316,0.001129593418799964
l9,0,ResNet10,u2,crsf,29,0.0027116779068786503,0.22699806828696686,0.0006155456466778993
l9,0,ResNet10,u2,crsf,30,0.0023320070317760714,0.28931032817071684,0.0006746737196595545
l9,0,ResNet10,u2,crsf,31,0.002037865688636583,0.19559411741472885,0.0003985945407786311
l9,0,ResNet10,u2,crsf,32,0.001855745711277963,0.21496138929020622,0.00039891367626565283
l9,0,ResNet10,u2,crsf,33,0.0017448804732024849,0.1643155731086147,0.0002867110349602971
l9,0,ResNet10,u2,crsf,34,0.0015046919967364014,0.29677865813821136,0.0004465604717027351
l9,0,ResNet10,u2,crsf,35,0.001416968323752593,0.2294052985887826,0.0003250600414013104
l9,0,ResNet10,u2,crsf,36,0.0013778645158637817,0.1417638547866627,0.00019533138514260846
l9,0,ResNet10,u2,crsf,37,0.0010529547935013291,0.1932901357743804,0.00020352577500015658
l9,0,ResNet10,u2,crsf,38,0.0009187402034947162,0.3653052112737415,0.00033562058414331755
l9,0,ResNet10,u2,crsf,39,0.0008683637770235713,0.07958519725165089,6.910890248060951e-05
l9,0,ResNet10,u2,crsf,40,0.0008361427666701618,0.10017112436425621,8.375736106639003e-05
l9,0,ResNet10,u2,crsf,41,0.0007854973464762454,0.18053576071858518,0.00014181036098851902
l9,0,ResNet10,u2,crsf,42,0.0007058692333148287,0.10990841233357142,7.758096674874812e-05
l9,0,ResNet10,u2,crsf,43,0.0006572159976070644,0.10801607415899564,7.098989193600297e-05
l9,0,ResNet10,u2,crsf,44,0.0005995428967290364,0.14259090714374725,8.548936551618327e-05
l9,0,ResNet10,u2,crsf,45,0.0005188510423364978,0.08678600132091471,4.5029007245573274e-05
l9,0,ResNet10,u2,crsf,46,0.00045183926453877033,0.11268689116965079,5.091636202925547e-05
l9,0,ResNet10,u2,crsf,47,0.0003787299519897068,0.09816634504149088,3.717853514456883e-05
l9,0,ResNet10,u2,crsf,48,0.00033270727705165577,0.08268987691579036,2.7511523788389175e-05
l9,0,ResNet10,u2,crsf,49,0.0003143713464399929,0.13067161371967553,4.1079411146541045e-05
l9,0,ResNet10,u2,crsf,50,0.00028329080597715893,0.11605094592329848,3.2876166005022915e-05
l9,0,ResNet10,u2,crsf,51,0.00024379466363599314,0.03743342558411872,9.126069399023202e-06
l9,0,ResNet10,u2,crsf,52,0.0002114090328848414,0.23527684355228867,4.9739649955587485e-05
l9,0,ResNet10,u2,crsf,53,0.00019939383198723854,0.10889414501886012,2.171282085628458e-05
l9,0,ResNet10,u2,crsf,54,0.00018321054365726634,0.1432597331758572,2.624669359934371e-05
l9,0,ResNet10,u2,crsf,55,0.00016674506556516624,0.14022017226700492,2.338102181822064e-05
l9,0,ResNet10,u2,crsf,56,0.00014963027092137414,0.05309289065495832,7.944303612700306e-06
l9,0,ResNet10,u2,crsf,57,0.00013884112908811862,0.0343250974835455,4.765735290675197e-06
l9,0,ResNet10,u2,crsf,58,0.0001149302525718054,0.06643975929645143,7.63593831675112e-06
l9,0,ResNet10,u2,crsf,59,0.00010500423429196249,0.04152615519150322,4.360422128972998e-06
l9,0,ResNet10,u2,crsf,60,9.941631866940736e-05,0.08756297705800055,8.705188830840188e-06
l9,0,ResNet10,u2,crsf,61,7.988447372297205e-05,0.03166265253369919,2.529354334327887e-06
l9,0,ResNet10,u2,crsf,62,6.878671172075829e-05,0.04355337787074317,2.9958936480600638e-06
l9,0,ResNet10,u2,crsf,63,5.186247114552051e-05,0.034614369342864534,1.7951867312647016e-06
l9,0,ResNet10,u2,crsf,64,4.6285013389819704e-05,0.026920529874978713,1.2460170857244311e-06
l9,0,ResNet10,u2,rawspec,1,16.426375497367804,1.1075885656093392,18.193665675290003
l9,0,ResNet10,u2,rawspec,2,2.4233824535647353,0.8724203803488111,2.1142082418695813
l9,0,ResNet10,u2,rawspec,3,1.2228248557609018,3.3252561660262496,4.066205891589098
l9,0,ResNet10,u2,rawspec,4,0.8077328524764817,1.3619293762776958,1.1000750999722988
l9,0,ResNet10,u2,rawspec,5,0.5855165711352409,1.6137676770059755,0.9448877168494217
l9,0,ResNet10,u2,rawspec,6,0.3085560949782351,0.3333349765311753,0.1028525386781211
l9,0,ResNet10,u2,rawspec,7,0.19083532559488287,1.492568491435616,0.28483479403577894
l9,0,ResNet10,u2,rawspec,8,0.1344852399093936,0.06461222988368505,0.008689391236988274
l9,0,ResNet10,u2,rawspec,9,0.10605861793316985,0.7639301346384824,0.08102137427725781
l9,0,ResNet10,u2,rawspec,10,0.07376850363104112,0.44283410584034677,0.03266720934463247
l9,0,ResNet10,u2,rawspec,11,0.04520812558626279,1.451761353644338,0.0656314095968361
l9,0,ResNet10,u2,rawspec,12,0.042932097749707826,1.0043184657661404,0.04311749854410853
l9,0,ResNet10,u2,rawspec,13,0.03413155625581726,1.107414816310676,0.03779779110143337
l9,0,ResNet10,u2,rawspec,14,0.026740492084614865,1.9308093122504533,0.05163079113113392
l9,0,ResNet10,u2,rawspec,15,0.020606024387297663,0.18369364564396043,0.0037851957419310638
l9,0,ResNet10,u2,rawspec,16,0.01635425572213385,0.4980432268656681,0.00814512629283786
l9,0,ResNet10,u2,rawspec,17,0.014275403371431123,0.5423800840241761,0.00774269448007582
l9,0,ResNet10,u2,rawspec,18,0.01293726671290425,0.4745323084500225,0.006139151038308088
l9,0,ResNet10,u2,rawspec,19,0.00889858230588768,0.2026870633690921,0.001803627515728538
l9,0,ResNet10,u2,rawspec,20,0.007290875260422328,0.4619079567519152,0.0033677132944747654
l9,0,ResNet10,u2,rawspec,21,0.006823482880182825,0.30108947358832117,0.002054478868433168
l9,0,ResNet10,u2,rawspec,22,0.005585241792076586,0.3123824496203477,0.0017447315127308248
l9,0,ResNet10,u2,rawspec,23,0.005017499153353613,0.5771972357572475,0.0028960866417300345
l9,0,ResNet10,u2,rawspec,24,0.004497181939265021,0.07939422567772593,0.00035705027779980023
l9,0,ResNet10,u2,rawspec,25,0.003981034158816077,0.06252237563085276,0.00024890371307675473
l9,0,ResNet10,u2,rawspec,26,0.0036523837783783916,0.26566089890267713,0.0009702955577015598
l9,0,ResNet10,u2,rawspec,27,0.0032717649476997263,0.4330199272627081,0.0014167394196736135
l9,0,ResNet10,u2,rawspec,28,0.0030683966892373574,0.31169273811277065,0.0009563969656845522
l9,0,ResNet10,u2,rawspec,29,0.002647278006171501,0.2310077681623074,0.0006115417839108415
l9,0,ResNet10,u2,rawspec,30,0.0022829794741484936,0.28930095993158356,0.000660468153375261
l9,0,ResNet10,u2,rawspec,31,0.0020662933018080194,0.15756136563996984,0.0003255679944455939
l9,0,ResNet10,u2,rawspec,32,0.0018358113828276096,0.21125961751414546,0.00038783281056427527
l9,0,ResNet10,u2,rawspec,33,0.0016794964780936959,0.14484513517687594,0.00024326689439856846
l9,0,ResNet10,u2,rawspec,34,0.0014270926216001956,0.2656969246476703,0.00037917412074655346
l9,0,ResNet10,u2,rawspec,35,0.0013901980667998292,0.17833388277859397,0.0002479194190837087
l9,0,ResNet10,u2,rawspec,36,0.001296229878161461,0.2389507248846631,0.00030973506900383964
l9,0,ResNet10,u2,rawspec,37,0.0010326447773787197,0.2223425269778213,0.00022960084927283427
l9,0,ResNet10,u2,rawspec,38,0.0008683501599255531,0.29398726016039356,0.00025528388437635294
l9,0,ResNet10,u2,rawspec,39,0.0008464077652675762,0.07559524382693522,6.398440139241378e-05
l9,0,ResNet10,u2,rawspec,40,0.0008255621952056191,0.15055621182128,0.0001242935167330181
l9,0,ResNet10,u2,rawspec,41,0.0007466527633433248,0.1436271089438566,0.0001072395777839433
l9,0,ResNet10,u2,rawspec,42,0.0006942763418387447,0.11243227209865245,7.805906657727077e-05
l9,0,ResNet10,u2,rawspec,43,0.0006341926882558171,0.12787832932817886,8.109950144630045e-05
l9,0,ResNet10,u2,rawspec,44,0.000566063795571461,0.11414655029875918,6.461422951350431e-05
l9,0,ResNet10,u2,rawspec,45,0.0004986848716543768,0.09153992283224383,4.564957466884907e-05
l9,0,ResNet10,u2,rawspec,46,0.00042320749179276655,0.1400503244949245,5.927034655426005e-05
l9,0,ResNet10,u2,rawspec,47,0.0003749682850198892,0.08443380882772078,3.166000049382764e-05
l9,0,ResNet10,u2,rawspec,48,0.00031454944342367914,0.12652312135870683,3.979777740360784e-05
l9,0,ResNet10,u2,rawspec,49,0.0003085772033284547,0.0611107546361699,1.8857385758920703e-05
l9,0,ResNet10,u2,rawspec,50,0.0002840087476625408,0.13349129143946364,3.791269450557732e-05
l9,0,ResNet10,u2,rawspec,51,0.0002394168287910598,0.06247693183401735,1.4958028892295645e-05
l9,0,ResNet10,u2,rawspec,52,0.00020272045015568365,0.22332850915186614,4.5273255907864024e-05
l9,0,ResNet10,u2,rawspec,53,0.00018671323226393332,0.11408745115544082,2.130163676598597e-05
l9,0,ResNet10,u2,rawspec,54,0.00016998844349406085,0.14875404066909206,2.5286467836791186e-05
l9,0,ResNet10,u2,rawspec,55,0.0001588713400658294,0.1344471040208723,2.1359791583765943e-05
l9,0,ResNet10,u2,rawspec,56,0.0001427411740946315,0.050625003396387994,7.22627242334513e-06
l9,0,ResNet10,u2,rawspec,57,0.00013235950540206888,0.03502875835219788,4.636389130345501e-06
l9,0,ResNet10,u2,rawspec,58,0.00010717152202949258,0.05439956012834108,5.830083656689212e-06
l9,0,ResNet10,u2,rawspec,59,0.00010201037839249158,0.03525010950638062,3.5958770091226517e-06
l9,0,ResNet10,u2,rawspec,60,9.28004016133748e-05,0.10711316421864302,9.94014465756944e-06
l9,0,ResNet10,u2,rawspec,61,7.933989387628631e-05,0.024393195437635868,1.935353537325541e-06
l9,0,ResNet10,u2,rawspec,62,6.307376458044083e-05,0.03988441988212444,2.5156605100725704e-06
l9,0,ResNet10,u2,rawspec,63,4.8309669069831664e-05,0.03192072025850807,1.5420794321591962e-06
l9,0,ResNet10,u2,rawspec,64,4.153414635191269e-05,0.03475493066203457,1.4435163765675215e-06
l9,3,Mobilenetv2,u1,frozen,1,14.092005688271623,0.5796392889752623,8.168280157385116
l9,3,Mobilenetv2,u1,frozen,2,1.503687794828942,0.2264615052025932,0.3405274013717303
l9,3,Mobilenetv2,u1,frozen,3,0.6031868113434654,0.9708262227574371,0.5855895736736794
l9,3,Mobilenetv2,u1,frozen,4,0.4976747208694541,0.4443949375681867,0.2211641265100458
l9,3,Mobilenetv2,u1,frozen,5,0.4087249058862441,0.30117874267478884,0.1230992532546904
l9,3,Mobilenetv2,u1,frozen,6,0.1930217800147711,0.2298844229150003,0.044372700508721795
l9,3,Mobilenetv2,u1,frozen,7,0.12267908205373076,0.7223119063838076,0.08861256163164583
l9,3,Mobilenetv2,u1,frozen,8,0.07948005548770866,0.35496752806828014,0.028212838827201686
l9,3,Mobilenetv2,u1,frozen,9,0.046500453944242105,0.5550373996640281,0.025809491040409038
l9,3,Mobilenetv2,u1,frozen,10,0.024567034179072546,0.6890755012907901,0.01692854139217239
l9,3,Mobilenetv2,u1,frozen,11,0.02175168577359559,0.3855819887461824,0.00838705825916503
l9,3,Mobilenetv2,u1,frozen,12,0.017066150313437597,0.48813080348629007,0.008330513664916096
l9,3,Mobilenetv2,u1,frozen,13,0.00945999621050437,0.3576480594198472,0.0033833492868059955
l9,3,Mobilenetv2,u1,frozen,14,0.007734547982063756,0.34661151904429793,0.0026808834251841277
l9,3,Mobilenetv2,u1,frozen,15,0.005295742956995848,0.9034338617001274,0.00478435351021001
l9,3,Mobilenetv2,u1,frozen,16,0.004387544417688621,0.7142481864767137,0.0031337956434201266
l9,3,Mobilenetv2,u1,frozen,17,0.0035578547799986443,0.8726628902435691,0.0031048078353805146
l9,3,Mobilenetv2,u1,frozen,18,0.0030695500409062423,0.6963090634001197,0.0021373555140432247
l9,3,Mobilenetv2,u1,frozen,19,0.002340199780254035,0.3839154590991682,0.0008984388730200003
l9,3,Mobilenetv2,u1,frozen,20,0.0020701383185023218,0.3965422922518612,0.0008208973940973242
l9,3,Mobilenetv2,u1,frozen,21,0.0016281225814260092,0.16336069397131317,0.0002659712347721187
l9,3,Mobilenetv2,u1,frozen,22,0.0014451082825505284,0.3364478929494449,0.0004862036367479163
l9,3,Mobilenetv2,u1,frozen,23,0.0012736832090299128,0.5702058023229527,0.0007262615561101745
l9,3,Mobilenetv2,u1,frozen,24,0.001099424196969382,0.22272299517205807,0.00024486705011365553
l9,3,Mobilenetv2,u1,frozen,25,0.0008184246500424389,0.16092981435871045,0.00013170892699792226
l9,3,Mobilenetv2,u1,frozen,26,0.0008084863292383291,0.21534340232686755,0.00017410219687294178
l9,3,Mobilenetv2,u1,frozen,27,0.000700391002256723,0.13301465339608096,9.316226640691176e-05
l9,3,Mobilenetv2,u1,frozen,28,0.0005615579865548842,0.2459767518969802,0.0001381302095345785
l9,3,Mobilenetv2,u1,frozen,29,0.0004962318350121816,0.1558203127239933,7.732299971519918e-05
l9,3,Mobilenetv2,u1,frozen,30,0.0003963057334758318,0.053194392057606815,2.108124256119083e-05
l9,3,Mobilenetv2,u1,frozen,31,0.00037085005128586606,0.03906007942147742,1.4485432456684903e-05
l9,3,Mobilenetv2,u1,frozen,32,0.00029349449728292083,0.4353158891452811,0.00012776281804396196
l9,3,Mobilenetv2,u1,frozen,33,0.0002829321677746392,0.0704357649260797,1.9928543659400626e-05
l9,3,Mobilenetv2,u1,frozen,34,0.0002505117329672841,0.2052155657226136,5.140890700103352e-05
l9,3,Mobilenetv2,u1,frozen,35,0.00019400187960677814,0.3094919233731383,6.004201485750578e-05
l9,3,Mobilenetv2,u1,frozen,36,0.0001711745552651953,0.502172502457794,8.595915477462308e-05
l9,3,Mobilenetv2,u1,frozen,37,0.00015153634086401244,0.17414215377559428,2.6388864773331725e-05
l9,3,Mobilenetv2,u1,frozen,38,0.00013661877424145038,0.3489678558196446,4.767556071174704e-05
l9,3,Mobilenetv2,u1,frozen,39,0.00012494576527176268,0.070131943794863,8.762689387445406e-06
l9,3,Mobilenetv2,u1,frozen,40,0.00011198264631363385,0.14683417205521027,1.644287915601387e-05
l9,3,Mobilenetv2,u1,frozen,41,0.00010250338570133361,0.15794161444363,1.6189550223606732e-05
l9,3,Mobilenetv2,u1,frozen,42,9.280314891838991e-05,0.13885588673660818,1.2886263535012531e-05
l9,3,Mobilenetv2,u1,frozen,43,7.49284762037258e-05,0.07730114760095497,5.792057198538849e-06
l9,3,Mobilenetv2,u1,frozen,44,6.998179405601768e-05,0.08681368217817814,6.0753772274378355e-06
l9,3,Mobilenetv2,u1,frozen,45,6.886982678701284e-05,0.1010077940971637,6.956389283609922e-06
l9,3,Mobilenetv2,u1,frozen,46,5.98344069929542e-05,0.06052082874633981,3.621227898759378e-06
l9,3,Mobilenetv2,u1,frozen,47,4.90707462351654e-05,0.1001197837808699,4.912952503030695e-06
l9,3,Mobilenetv2,u1,frozen,48,4.202816786703502e-05,0.07293193988085427,3.0651958121810494e-06
l9,3,Mobilenetv2,u1,frozen,49,3.975857514736718e-05,0.0980815295348709,3.899581862580878e-06
l9,3,Mobilenetv2,u1,frozen,50,3.5286747600909924e-05,0.0521490136959938,1.840169083926928e-06
l9,3,Mobilenetv2,u1,frozen,51,3.1739169431501465e-05,0.05609612136995038,1.7804443006109252e-06
l9,3,Mobilenetv2,u1,frozen,52,3.1288241862120625e-05,0.0737242363055592,2.3067017366284707e-06
l9,3,Mobilenetv2,u1,frozen,53,2.553913655724128e-05,0.07430229783570602,1.8976165309429093e-06
l9,3,Mobilenetv2,u1,frozen,54,2.23750174545468e-05,0.03389089813926515,7.583094374163254e-07
l9,3,Mobilenetv2,u1,frozen,55,1.889085229242063e-05,0.10046438163326366,1.8978577940833598e-06
l9,3,Mobilenetv2,u1,frozen,56,1.7153643747902115e-05,0.05241847309816515,8.991678133349158e-07
l9,3,Mobilenetv2,u1,frozen,57,1.6877325523663832e-05,0.04880367001183815,8.236754255392632e-07
l9,3,Mobilenetv2,u1,frozen,58,1.568108704858859e-05,0.07643509700449604,1.1985854096948154e-06
l9,3,Mobilenetv2,u1,frozen,59,1.2659472266127572e-05,0.05229245762397835,6.619949170184052e-07
l9,3,Mobilenetv2,u1,frozen,60,1.0656653222441413e-05,0.04587025252412979,4.888233743754691e-07
l9,3,Mobilenetv2,u1,frozen,61,9.290356330155426e-06,0.014682292893299628,1.3640373272246224e-07
l9,3,Mobilenetv2,u1,frozen,62,9.09619244975954e-06,0.036961847773934534,3.362120806504248e-07
l9,3,Mobilenetv2,u1,frozen,63,6.79814490185605e-06,0.03078285901058969,2.092663360473939e-07
l9,3,Mobilenetv2,u1,frozen,64,4.9637966888263955e-06,0.028456900740516294,1.4125426967003617e-07
l9,3,Mobilenetv2,u1,crsf,1,13.611465698881624,0.5896043013899098,8.02537872428182
l9,3,Mobilenetv2,u1,crsf,2,1.5195801316208435,0.2259068879077774,0.3432836184609555
l9,3,Mobilenetv2,u1,crsf,3,0.6342195014204822,0.9805780126652135,0.6219016982964191
l9,3,Mobilenetv2,u1,crsf,4,0.5265502744792614,0.41822384668672014,0.22021588126666503
l9,3,Mobilenetv2,u1,crsf,5,0.42936292703749096,0.32004113268903306,0.13741379750375726
l9,3,Mobilenetv2,u1,crsf,6,0.20052149835803038,0.2281830384744904,0.04575560477479291
l9,3,Mobilenetv2,u1,crsf,7,0.12244447514546124,0.7060745110888522,0.08645492292386266
l9,3,Mobilenetv2,u1,crsf,8,0.08069144394514981,0.3685848074949985,0.029741640333016503
l9,3,Mobilenetv2,u1,crsf,9,0.04859567517127162,0.5620837300754555,0.027314838365803555
l9,3,Mobilenetv2,u1,crsf,10,0.024579921444242505,0.7648213293519324,0.018799248194351623
l9,3,Mobilenetv2,u1,crsf,11,0.022258150132041556,0.3769725491882589,0.008390711595490687
l9,3,Mobilenetv2,u1,crsf,12,0.016895809513814027,0.4072283373868941,0.0068804524171161546
l9,3,Mobilenetv2,u1,crsf,13,0.009540132143482651,0.3515592087945082,0.0033539213081578163
l9,3,Mobilenetv2,u1,crsf,14,0.007675347552931311,0.363072036970151,0.002786704070496635
l9,3,Mobilenetv2,u1,crsf,15,0.005472452789867808,0.8698982276108487,0.004760476982590051
l9,3,Mobilenetv2,u1,crsf,16,0.004488894133173783,0.7406435612967688,0.0033246705370780024
l9,3,Mobilenetv2,u1,crsf,17,0.003564519410307625,0.9161983137106814,0.0032658066729128383
l9,3,Mobilenetv2,u1,crsf,18,0.0030906900479969667,0.6300200896756208,0.0019471968211985978
l9,3,Mobilenetv2,u1,crsf,19,0.002369948615973923,0.4025575224597568,0.0009540406432033921
l9,3,Mobilenetv2,u1,crsf,20,0.0021235084659159747,0.4054534317120178,0.0008609837947751544
l9,3,Mobilenetv2,u1,crsf,21,0.0016988910130428343,0.16083591365389915,0.00027324268828114257
l9,3,Mobilenetv2,u1,crsf,22,0.001485742566884377,0.32669207291327035,0.00048538031899094037
l9,3,Mobilenetv2,u1,crsf,23,0.0012702305941470495,0.5759821991638714,0.0007316302110620485
l9,3,Mobilenetv2,u1,crsf,24,0.0011165669648130335,0.21030285281913372,0.00023481721806378224
l9,3,Mobilenetv2,u1,crsf,25,0.0008298913366512672,0.19979202700404658,0.0001658056723426543
l9,3,Mobilenetv2,u1,crsf,26,0.0008150180538028285,0.18206823466492472,0.00014838889827592362
l9,3,Mobilenetv2,u1,crsf,27,0.0007136969255162205,0.12085861788066768,8.625642400357224e-05
l9,3,Mobilenetv2,u1,crsf,28,0.0005785682551568706,0.23381269078578265,0.00013527660054146317
l9,3,Mobilenetv2,u1,crsf,29,0.0005038232166263734,0.16179209342931877,8.151461293627413e-05
l9,3,Mobilenetv2,u1,crsf,30,0.00039249623185052233,0.05477016849136604,2.149708475067938e-05
l9,3,Mobilenetv2,u1,crsf,31,0.0003733617805330052,0.04203627639989903,1.569473900364385e-05
l9,3,Mobilenetv2,u1,crsf,32,0.00029782928484277924,0.36470315252039415,0.00010861927909505604
l9,3,Mobilenetv2,u1,crsf,33,0.0002874153777794331,0.14592852952731697,4.194210344289096e-05
l9,3,Mobilenetv2,u1,crsf,34,0.00024764303606636894,0.19991436129435214,4.950739938420236e-05
l9,3,Mobilenetv2,u1,crsf,35,0.00020013916874738334,0.276043967800754,5.524721025337236e-05
l9,3,Mobilenetv2,u1,crsf,36,0.0001707013655909133,0.5003660749275816,8.541317228550341e-05
l9,3,Mobilenetv2,u1,crsf,37,0.000152880388857728,0.18407909106859738,2.8142083023144294e-05
l9,3,Mobilenetv2,u1,crsf,38,0.00014030494981778053,0.33416741292167557,4.688534210071323e-05
l9,3,Mobilenetv2,u1,crsf,39,0.00012853578490452176,0.1007839157698995,1.2954339719235241e-05
l9,3,Mobilenetv2,u1,crsf,40,0.00011506902983145806,0.1481126059491409,1.7043173872376687e-05
l9,3,Mobilenetv2,u1,crsf,41,0.00010653810946270721,0.13149442614780882,1.4009167566671124e-05
l9,3,Mobilenetv2,u1,crsf,42,9.31388525500696e-05,0.1635741857422313,1.5235111966843378e-05
l9,3,Mobilenetv2,u1,crsf,43,7.594474462415174e-05,0.07545047326973517,5.730066924241425e-06
l9,3,Mobilenetv2,u1,crsf,44,7.125235812728763e-05,0.08362128903260582,5.9582140332166595e-06
l9,3,Mobilenetv2,u1,crsf,45,6.822124095728625e-05,0.11721081080565207,7.996266966771282e-06
l9,3,Mobilenetv2,u1,crsf,46,6.1003427068287884e-05,0.05162681417022173,3.149412593001173e-06
l9,3,Mobilenetv2,u1,crsf,47,5.038035169276784e-05,0.09977860158293594,5.026881039160875e-06
l9,3,Mobilenetv2,u1,crsf,48,4.261999065526426e-05,0.09014168792892042,3.841837897180336e-06
l9,3,Mobilenetv2,u1,crsf,49,4.109538300417936e-05,0.09001553061570754,3.6992227069769344e-06
l9,3,Mobilenetv2,u1,crsf,50,3.5443605316262324e-05,0.055528472004327895,1.96812924553652e-06
l9,3,Mobilenetv2,u1,crsf,51,3.2687255235750775e-05,0.05870127077951989,1.9187834206330857e-06
l9,3,Mobilenetv2,u1,crsf,52,3.155937120319236e-05,0.06116013419239152,1.930175377814741e-06
l9,3,Mobilenetv2,u1,crsf,53,2.6172906536445838e-05,0.07522066709003325,1.9687434893565475e-06
l9,3,Mobilenetv2,u1,crsf,54,2.3125914942934126e-05,0.030185718843998736,6.980723664776386e-07
l9,3,Mobilenetv2,u1,crsf,55,1.943286320162176e-05,0.10971499225052121,2.1320764355713704e-06
l9,3,Mobilenetv2,u1,crsf,56,1.7700973412117994e-05,0.048575816172212107,8.598392305362577e-07
l9,3,Mobilenetv2,u1,crsf,57,1.7500815197804925e-05,0.05316766731819124,9.304775202340374e-07
l9,3,Mobilenetv2,u1,crsf,58,1.6122047756105012e-05,0.07799800455326605,1.2574875542886515e-06
l9,3,Mobilenetv2,u1,crsf,59,1.2792840527078645e-05,0.05288448959483255,6.765428417426428e-07
l9,3,Mobilenetv2,u1,crsf,60,1.0859936731858506e-05,0.04962364803178468,5.389096780291965e-07
l9,3,Mobilenetv2,u1,crsf,61,9.415483274916756e-06,0.014611433601076128,1.37573708693489e-07
l9,3,Mobilenetv2,u1,crsf,62,9.229123971976867e-06,0.03099908986334953,2.8609444336730426e-07
l9,3,Mobilenetv2,u1,crsf,63,6.975665871925272e-06,0.031104085110006372,2.1697170497933047e-07
l9,3,Mobilenetv2,u1,crsf,64,5.2264044441498605e-06,0.03033757519274657,1.5855643781210123e-07
l9,3,Mobilenetv2,u1,rawspec,1,13.985713701296874,0.5878505075470427,8.221508897714996
l9,3,Mobilenetv2,u1,rawspec,2,1.5396211667550685,0.21927374126745322,0.3375984933689454
l9,3,Mobilenetv2,u1,rawspec,3,0.578686370721793,0.9630740174814671,0.5573178079128068
l9,3,Mobilenetv2,u1,rawspec,4,0.5153521991283541,0.41759583197061756,0.21520893035289237
l9,3,Mobilenetv2,u1,rawspec,5,0.41828494062140564,0.33433239828550226,0.13984620736466347
l9,3,Mobilenetv2,u1,rawspec,6,0.19592521328542234,0.2157038455456287,0.0422618219450131
l9,3,Mobilenetv2,u1,rawspec,7,0.12594968227943526,0.7304976172257766,0.09200594279547107
l9,3,Mobilenetv2,u1,rawspec,8,0.08183222132259065,0.35241061861609324,0.028838543739023226
l9,3,Mobilenetv2,u1,rawspec,9,0.04693996701859607,0.5494966283914063,0.025793353613522352
l9,3,Mobilenetv2,u1,rawspec,10,0.024765742304056326,0.6874551411555774,0.017025336871457696
l9,3,Mobilenetv2,u1,rawspec,11,0.02190415957898518,0.3666207531805634,0.008030519482634798
l9,3,Mobilenetv2,u1,rawspec,12,0.017429939329822994,0.5110223989997239,0.008907089410745786
l9,3,Mobilenetv2,u1,rawspec,13,0.009390081207582992,0.34510410198447744,0.003240555542704246
l9,3,Mobilenetv2,u1,rawspec,14,0.007678035724356573,0.3520668207054232,0.0027031816267368797
l9,3,Mobilenetv2,u1,rawspec,15,0.005349693639290196,0.9092670374499892,0.004864300086662447
l9,3,Mobilenetv2,u1,rawspec,16,0.004429609464065866,0.6798971156903536,0.003011678698253075
l9,3,Mobilenetv2,u1,rawspec,17,0.003567451649073888,0.9207753306824783,0.003284821471869762
l9,3,Mobilenetv2,u1,rawspec,18,0.0031108651390028288,0.6806690412537517,0.0021174695916347745
l9,3,Mobilenetv2,u1,rawspec,19,0.002337908600797389,0.4182531211238425,0.0009778375691857834
l9,3,Mobilenetv2,u1,rawspec,20,0.0021038794295283056,0.37622668856931435,0.0007915355909205326
l9,3,Mobilenetv2,u1,rawspec,21,0.0016770618238094088,0.13528323648777316,0.0002268783513150244
l9,3,Mobilenetv2,u1,rawspec,22,0.0014520431095034337,0.3990894775176973,0.0005794951259048979
l9,3,Mobilenetv2,u1,rawspec,23,0.0013004227939178166,0.5641734020218154,0.0007336639517113287
l9,3,Mobilenetv2,u1,rawspec,24,0.0011072112253121794,0.22819532018528538,0.0002526604200728549
l9,3,Mobilenetv2,u1,rawspec,25,0.0008379797152440298,0.13969757510919728,0.0001170637342102866
l9,3,Mobilenetv2,u1,rawspec,26,0.0008360053252572803,0.21217496595287952,0.00017737940142288942
l9,3,Mobilenetv2,u1,rawspec,27,0.000721909142500466,0.1409858427985323,0.00010177896887939395
l9,3,Mobilenetv2,u1,rawspec,28,0.0005649709781383466,0.24665576194914796,0.0001393533470918693
l9,3,Mobilenetv2,u1,rawspec,29,0.000508548332861305,0.1508280095640715,7.670333281259752e-05
l9,3,Mobilenetv2,u1,rawspec,30,0.00040060461868915935,0.06139962416739273,2.4596973027236058e-05
l9,3,Mobilenetv2,u1,rawspec,31,0.0003776141726481887,0.039010660442853264,1.4730978267587457e-05
l9,3,Mobilenetv2,u1,rawspec,32,0.0002975536365583832,0.3615553436812068,0.00010758210732945914
l9,3,Mobilenetv2,u1,rawspec,33,0.00029023746390497156,0.1342757780707023,3.897186129110743e-05
l9,3,Mobilenetv2,u1,rawspec,34,0.0002542309280753882,0.21528302031764907,5.473160205422858e-05
l9,3,Mobilenetv2,u1,rawspec,35,0.00019669135696450006,0.29817461882658036,5.864837038937266e-05
l9,3,Mobilenetv2,u1,rawspec,36,0.0001747894294146466,0.48059536489066,8.400298960856235e-05
l9,3,Mobilenetv2,u1,rawspec,37,0.00015317071018853312,0.15694186691825804,2.4038897214183834e-05
l9,3,Mobilenetv2,u1,rawspec,38,0.00013790376941557946,0.30098911953564766,4.150753413704224e-05
l9,3,Mobilenetv2,u1,rawspec,39,0.00012666707309084226,0.12928065652157367,1.6375602368850243e-05
l9,3,Mobilenetv2,u1,rawspec,40,0.00011337405002641418,0.1293571335396116,1.4665742129193464e-05
l9,3,Mobilenetv2,u1,rawspec,41,0.00010448880183265487,0.12869135766358986,1.344680576848615e-05
l9,3,Mobilenetv2,u1,rawspec,42,9.320290175339997e-05,0.16572842555054174,1.5446370164332804e-05
l9,3,Mobilenetv2,u1,rawspec,43,7.463140705406051e-05,0.08853061933726576,6.607164688507562e-06
l9,3,Mobilenetv2,u1,rawspec,44,7.149702835509896e-05,0.09224194636308744,6.59502505465118e-06
l9,3,Mobilenetv2,u1,rawspec,45,6.965377086278135e-05,0.1011526628507602,7.045664400367027e-06
l9,3,Mobilenetv2,u1,rawspec,46,6.110957476737348e-05,0.05388260818507105,3.2927432735466895e-06
l9,3,Mobilenetv2,u1,rawspec,47,4.978818841395442e-05,0.1019469288518554,5.0757529019001825e-06
l9,3,Mobilenetv2,u1,rawspec,48,4.355088297757972e-05,0.08466962438430566,3.687436903316526e-06
l9,3,Mobilenetv2,u1,rawspec,49,4.034649059795768e-05,0.09269949674082996,3.7400993736893045e-06
l9,3,Mobilenetv2,u1,rawspec,50,3.6073638287881966e-05,0.046991093242314576,1.6951397003753905e-06
l9,3,Mobilenetv2,u1,rawspec,51,3.22767392914198e-05,0.057395025184467034,1.852524264503516e-06
l9,3,Mobilenetv2,u1,rawspec,52,3.207034122317682e-05,0.07428223688097511,2.3822566835937215e-06
l9,3,Mobilenetv2,u1,rawspec,53,2.6426790601059738e-05,0.07874249945410923,2.080911544477805e-06
l9,3,Mobilenetv2,u1,rawspec,54,2.241205254378458e-05,0.03740885762672156,8.384092827330402e-07
l9,3,Mobilenetv2,u1,rawspec,55,1.9490423006957337e-05,0.09739113509104419,1.8981944200521778e-06
l9,3,Mobilenetv2,u1,rawspec,56,1.7545973273848365e-05,0.049807227720840175,8.739162864343411e-07
l9,3,Mobilenetv2,u1,rawspec,57,1.7404873488470422e-05,0.05710819411241775,9.939608936816424e-07
l9,3,Mobilenetv2,u1,rawspec,58,1.5653072808383462e-05,0.07267672642859252,1.1376140902617253e-06
l9,3,Mobilenetv2,u1,rawspec,59,1.3099858257055985e-05,0.051088821799454884,6.692563240928509e-07
l9,3,Mobilenetv2,u1,rawspec,60,1.0585105804491251e-05,0.04801417574701851,5.082351303976286e-07
l9,3,Mobilenetv2,u1,rawspec,61,9.338487667520133e-06,0.013094691512836222,1.2228461520260162e-07
l9,3,Mobilenetv2,u1,rawspec,62,9.223149938020168e-06,0.04154551598145255,3.8318052314934997e-07
l9,3,Mobilenetv2,u1,rawspec,63,7.044355379794667e-06,0.03341515493714349,2.3538822644813908e-07
l9,3,Mobilenetv2,u1,rawspec,64,5.023003831656378e-06,0.025994705900309608,1.3057150734003582e-07
l9,3,Mobilenetv2,u2,frozen,1,14.079340985996417,0.5666659108199767,7.978282583574689
l9,3,Mobilenetv2,u2,frozen,2,1.5854746880407804,0.270693718298332,0.42917803857364684
l9,3,Mobilenetv2,u2,frozen,3,0.6116589657035928,0.9723302858858733,0.594734536987232
l9,3,Mobilenetv2,u2,frozen,4,0.4553688657033954,0.38144515710074733,0.1736982485170208
l9,3,Mobilenetv2,u2,frozen,5,0.38437537292564006,0.2522975114580911,0.0969769500549147
l9,3,Mobilenetv2,u2,frozen,6,0.21292408840845248,0.25045007764079064,0.053326854473491496
l9,3,Mobilenetv2,u2,frozen,7,0.12139807937340104,0.731736535786492,0.08883141005182607
l9,3,Mobilenetv2,u2,frozen,8,0.08162540958006902,0.3659200408634139,0.02986837320903175
l9,3,Mobilenetv2,u2,frozen,9,0.04687108913806233,0.6185764021015269,0.028993349681602554
l9,3,Mobilenetv2,u2,frozen,10,0.023433160911164652,0.5947578874293893,0.013937057279317232
l9,3,Mobilenetv2,u2,frozen,11,0.022255171771989133,0.4722956172520636,0.01051102008910231
l9,3,Mobilenetv2,u2,frozen,12,0.016839392117247786,0.542256867182136,0.00913127601475034
l9,3,Mobilenetv2,u2,frozen,13,0.009386122523577276,0.38426467986502105,0.0036067553666962854
l9,3,Mobilenetv2,u2,frozen,14,0.0068350331031609745,0.32116308093897417,0.002195160289731056
l9,3,Mobilenetv2,u2,frozen,15,0.005670926030971297,0.9907865627358224,0.005618677309755152
l9,3,Mobilenetv2,u2,frozen,16,0.004057312480767261,0.6038737199869652,0.0024501043809104675
l9,3,Mobilenetv2,u2,frozen,17,0.0037760140340499767,0.9448177460287065,0.003567645068623862
l9,3,Mobilenetv2,u2,frozen,18,0.003201267561838135,0.42307150575071273,0.0013543650876977726
l9,3,Mobilenetv2,u2,frozen,19,0.0024435049185116352,0.32819533466113526,0.0008019469144770561
l9,3,Mobilenetv2,u2,frozen,20,0.0020104249153909976,0.5088571240954218,0.0010230190406556449
l9,3,Mobilenetv2,u2,frozen,21,0.0016124502174997349,0.22588622471268616,0.00036423029216816477
l9,3,Mobilenetv2,u2,frozen,22,0.0013026641319945173,0.28751321984164097,0.00037453315896196005
l9,3,Mobilenetv2,u2,frozen,23,0.0012023090209045875,0.6084237532715296,0.0007315133670909871
l9,3,Mobilenetv2,u2,frozen,24,0.001036579032090801,0.2448358416765073,0.00025379169978617054
l9,3,Mobilenetv2,u2,frozen,25,0.0009464346110971761,0.22284162729534068,0.00021090502886552762
l9,3,Mobilenetv2,u2,frozen,26,0.0007641056808883969,0.21529999534076874,0.0001645119495351268
l9,3,Mobilenetv2,u2,frozen,27,0.0007404318425389249,0.16901122380859193,0.00012514129185435432
l9,3,Mobilenetv2,u2,frozen,28,0.0005817542865415895,0.04483767081535951,2.608450719537612e-05
l9,3,Mobilenetv2,u2,frozen,29,0.0005020274113129679,0.27932270515292457,0.00014022765458885812
l9,3,Mobilenetv2,u2,frozen,30,0.00044745873967783246,0.0989109844317326,4.425858443411678e-05
l9,3,Mobilenetv2,u2,frozen,31,0.00037346044257268953,0.29032595504193115,0.00010842525966029837
l9,3,Mobilenetv2,u2,frozen,32,0.0003295095346425763,0.17709862859296954,5.8355686693507856e-05
l9,3,Mobilenetv2,u2,frozen,33,0.000262261750738322,0.06933770838695343,1.818462879374564e-05
l9,3,Mobilenetv2,u2,frozen,34,0.00023953517328431634,0.2682851936634265,6.426374035378524e-05
l9,3,Mobilenetv2,u2,frozen,35,0.00020239829475053394,0.14427736199863425,2.920149203962906e-05
l9,3,Mobilenetv2,u2,frozen,36,0.0001806679681347888,0.41819461971960614,7.555437222964193e-05
l9,3,Mobilenetv2,u2,frozen,37,0.00014058004870109073,0.22458229967971347,3.157179062637707e-05
l9,3,Mobilenetv2,u2,frozen,38,0.0001315700302751477,0.2847847946048919,3.746914404806735e-05
l9,3,Mobilenetv2,u2,frozen,39,0.00011964873768354606,0.09685642387335892,1.158874885298987e-05
l9,3,Mobilenetv2,u2,frozen,40,0.00010468688861525903,0.05056472006640991,5.293463217454008e-06
l9,3,Mobilenetv2,u2,frozen,41,0.00010020874228536052,0.21353127584378484,2.1397700590894064e-05
l9,3,Mobilenetv2,u2,frozen,42,9.289724584067342e-05,0.1482847296231221,1.3775242982216964e-05
l9,3,Mobilenetv2,u2,frozen,43,8.558641865209909e-05,0.18963237078619938,1.6229955476097744e-05
l9,3,Mobilenetv2,u2,frozen,44,6.767834304320553e-05,0.09616172289422367,6.508066069660941e-06
l9,3,Mobilenetv2,u2,frozen,45,6.294763542096882e-05,0.0970373820281732,6.108273746114719e-06
l9,3,Mobilenetv2,u2,frozen,46,5.2019876704044944e-05,0.1427536189998517,7.426025659428493e-06
l9,3,Mobilenetv2,u2,frozen,47,4.570198799108561e-05,0.08644383596833352,3.950655153328153e-06
l9,3,Mobilenetv2,u2,frozen,48,4.389511404198753e-05,0.021050681638291224,9.240220711743662e-07
l9,3,Mobilenetv2,u2,frozen,49,4.1627013006841575e-05,0.062380681941837775,2.5967214585685283e-06
l9,3,Mobilenetv2,u2,frozen,50,3.832977171456976e-05,0.017816875163897343,6.829167576991728e-07
l9,3,Mobilenetv2,u2,frozen,51,3.372374318464436e-05,0.06757595621162682,2.2789141927376756e-06
l9,3,Mobilenetv2,u2,frozen,52,3.1784469243664974e-05,0.04963823681579575,1.5777250113814184e-06
l9,3,Mobilenetv2,u2,frozen,53,2.4312104851973282e-05,0.03470253855968632,8.436917560927398e-07
l9,3,Mobilenetv2,u2,frozen,54,2.1018823888151043e-05,0.09072197168859493,1.9068691457084017e-06
l9,3,Mobilenetv2,u2,frozen,55,2.007310913739695e-05,0.04929978847218634,9.896000344527805e-07
l9,3,Mobilenetv2,u2,frozen,56,1.764449804176642e-05,0.034172967233718356,6.029648534366916e-07
l9,3,Mobilenetv2,u2,frozen,57,1.627832408775049e-05,0.027564236553827032,4.4869957585461514e-07
l9,3,Mobilenetv2,u2,frozen,58,1.3805744524976676e-05,0.05152820884116114,7.113852870907152e-07
l9,3,Mobilenetv2,u2,frozen,59,1.1893680958205869e-05,0.09057181502173633,1.0772322716741697e-06
l9,3,Mobilenetv2,u2,frozen,60,1.1030828428185102e-05,0.08600733907008622,9.487322008468622e-07
l9,3,Mobilenetv2,u2,frozen,61,1.0453535587185323e-05,0.014809114127306977,1.548076015444924e-07
l9,3,Mobilenetv2,u2,frozen,62,8.887437510535001e-06,0.035995943053478294,3.199116945205648e-07
l9,3,Mobilenetv2,u2,frozen,63,6.5339688118841915e-06,0.042389904493160886,2.769743138970628e-07
l9,3,Mobilenetv2,u2,frozen,64,6.298112229907371e-06,0.019770672479547627,1.24517914136932e-07
l9,3,Mobilenetv2,u2,crsf,1,13.603912377116876,0.5761817834305859,7.838326495080623
l9,3,Mobilenetv2,u2,crsf,2,1.5836019984474505,0.262383998975397,0.4155118251380725
l9,3,Mobilenetv2,u2,crsf,3,0.6510962783839502,0.9915352474369227,0.6455849094926895
l9,3,Mobilenetv2,u2,crsf,4,0.48396385425495475,0.35502909572576213,0.17182124954009112
l9,3,Mobilenetv2,u2,crsf,5,0.40388774587378573,0.27221924614527676,0.10994601770907707
l9,3,Mobilenetv2,u2,crsf,6,0.221109524790058,0.24485883867708438,0.0541406214605356
l9,3,Mobilenetv2,u2,crsf,7,0.12117398080830456,0.7132274766123698,0.0864246125629828
l9,3,Mobilenetv2,u2,crsf,8,0.08293417264056958,0.37980040667644577,0.03149843249626289
l9,3,Mobilenetv2,u2,crsf,9,0.04881943690735669,0.6246513487379456,0.030495127108807397
l9,3,Mobilenetv2,u2,crsf,10,0.023299103792584073,0.7034584287526924,0.016389950945277086
l9,3,Mobilenetv2,u2,crsf,11,0.022830757287306238,0.45241756668505334,0.010329035657500138
l9,3,Mobilenetv2,u2,crsf,12,0.01674572963624099,0.44421566650141747,0.007438715451415331
l9,3,Mobilenetv2,u2,crsf,13,0.009447110223533344,0.3813600163943918,0.0036027501097263027
l9,3,Mobilenetv2,u2,crsf,14,0.0067874027409684295,0.33260912439876494,0.0022575520826152865
l9,3,Mobilenetv2,u2,crsf,15,0.005829574376351946,0.9916261411613158,0.005780758343434764
l9,3,Mobilenetv2,u2,crsf,16,0.004148464930796904,0.609333299506118,0.002527797824167897
l9,3,Mobilenetv2,u2,crsf,17,0.0038232322700421347,0.9062628144645619,0.0034648532374001208
l9,3,Mobilenetv2,u2,crsf,18,0.0031814063610805313,0.4188375169345778,0.0013324923406348407
l9,3,Mobilenetv2,u2,crsf,19,0.002489177953654425,0.3385759340351026,0.0008427757506381323
l9,3,Mobilenetv2,u2,crsf,20,0.0020564822043800113,0.5164140502022576,0.0010619963043327486
l9,3,Mobilenetv2,u2,crsf,21,0.0016622567798167199,0.2188398062464236,0.000363767951626895
l9,3,Mobilenetv2,u2,crsf,22,0.0013321739028955126,0.27398731793824155,0.0003649987546816609
l9,3,Mobilenetv2,u2,crsf,23,0.0012045639900058196,0.6157509716706052,0.0007417114472855046
l9,3,Mobilenetv2,u2,crsf,24,0.0010500870501895358,0.2522227166506139,0.00026485580851843426
l9,3,Mobilenetv2,u2,crsf,25,0.0009657327086355284,0.20642877499163922,0.00019935502001298976
l9,3,Mobilenetv2,u2,crsf,26,0.0007767496495560294,0.20197934225705405,0.00015688738331572406
l9,3,Mobilenetv2,u2,crsf,27,0.0007495354495381083,0.16631206657967515,0.00012465678958740862
l9,3,Mobilenetv2,u2,crsf,28,0.0005953053663086117,0.046801065982729914,2.7860925728482536e-05
l9,3,Mobilenetv2,u2,crsf,29,0.0005067964952770719,0.2945816193202301,0.00014929293224453716
l9,3,Mobilenetv2,u2,crsf,30,0.00044897755345249356,0.0990677809795725,4.447920993017594e-05
l9,3,Mobilenetv2,u2,crsf,31,0.000379794784874589,0.2897685946238689,0.00011005260105858427
l9,3,Mobilenetv2,u2,crsf,32,0.00032910613961958875,0.16393113689431194,5.395074362673734e-05
l9,3,Mobilenetv2,u2,crsf,33,0.00026796794474910873,0.07413218667592873,1.9865049703305884e-05
l9,3,Mobilenetv2,u2,crsf,34,0.0002438682335470802,0.26904964571452616,6.561266183686925e-05
l9,3,Mobilenetv2,u2,crsf,35,0.00020851920249940575,0.16896282770823123,3.523199408576487e-05
l9,3,Mobilenetv2,u2,crsf,36,0.00018391268113793333,0.38068735302323714,7.001323176980647e-05
l9,3,Mobilenetv2,u2,crsf,37,0.00014402329747662722,0.2553550512266134,3.6777076504969925e-05
l9,3,Mobilenetv2,u2,crsf,38,0.00013287460649157983,0.27350702168916396,3.6342137879631654e-05
l9,3,Mobilenetv2,u2,crsf,39,0.00012030282094660222,0.09043675251780561,1.0879796445141746e-05
l9,3,Mobilenetv2,u2,crsf,40,0.0001079093162839615,0.0515816965569417,5.5661456082263495e-06
l9,3,Mobilenetv2,u2,crsf,41,9.963380118075271e-05,0.19050141168475804,1.8980379776451902e-05
l9,3,Mobilenetv2,u2,crsf,42,9.477641649257955e-05,0.15884161271047179,1.5054438842600692e-05
l9,3,Mobilenetv2,u2,crsf,43,8.649306297746249e-05,0.19353761570495803,1.673966118367687e-05
l9,3,Mobilenetv2,u2,crsf,44,6.850828584052329e-05,0.08889424709402442,6.089992489495532e-06
l9,3,Mobilenetv2,u2,crsf,45,6.517517987714708e-05,0.10527907779876804,6.861582832834869e-06
l9,3,Mobilenetv2,u2,crsf,46,5.251272118744291e-05,0.15027698640069478,7.891453487748836e-06
l9,3,Mobilenetv2,u2,crsf,47,4.681746063529625e-05,0.10068833882643126,4.713972339439817e-06
l9,3,Mobilenetv2,u2,crsf,48,4.483562802822216e-05,0.015894356019846415,7.126334342539675e-07
l9,3,Mobilenetv2,u2,crsf,49,4.2613569341000973e-05,0.06236714070725686,2.6576864751286547e-06
l9,3,Mobilenetv2,u2,crsf,50,3.788475469372418e-05,0.014430575530596144,5.466988140658936e-07
l9,3,Mobilenetv2,u2,crsf,51,3.4920310539270904e-05,0.0691218335432384,2.4137558923736772e-06
l9,3,Mobilenetv2,u2,crsf,52,3.1963466517457605e-05,0.04750637806000689,1.5184685244867129e-06
l9,3,Mobilenetv2,u2,crsf,53,2.553186133315747e-05,0.030513517315689152,7.790668928910748e-07
l9,3,Mobilenetv2,u2,crsf,54,2.1701527204398424e-05,0.08951547437914976,1.9426225024537487e-06
l9,3,Mobilenetv2,u2,crsf,55,2.0474383406530355e-05,0.04403243929280952,9.015370444057544e-07
l9,3,Mobilenetv2,u2,crsf,56,1.7643489769801247e-05,0.03324252387770832,5.865141299587204e-07
l9,3,Mobilenetv2,u2,crsf,57,1.686448752714659e-05,0.03444532440620429,5.809027438169503e-07
l9,3,Mobilenetv2,u2,crsf,58,1.4395042970982116e-05,0.047111330905797326,6.781696328091103e-07
l9,3,Mobilenetv2,u2,crsf,59,1.2416416357757519e-05,0.09615175083617987,1.1938601719093688e-06
l9,3,Mobilenetv2,u2,crsf,60,1.136303551701343e-05,0.09199364685109784,1.0453270765086155e-06
l9,3,Mobilenetv2,u2,crsf,61,1.0505534318347436e-05,0.02361061470472696,2.4804212305778767e-07
l9,3,Mobilenetv2,u2,crsf,62,9.098937502604976e-06,0.03510929851800207,3.1945731297560235e-07
l9,3,Mobilenetv2,u2,crsf,63,6.730659376054799e-06,0.051672505428045905,3.4779003314351965e-07
l9,3,Mobilenetv2,u2,crsf,64,6.379564447541857e-06,0.010096314455571676,6.441008875196799e-08
l9,3,Mobilenetv2,u2,rawspec,1,13.995718036977308,0.5741333179863956,8.035408034171825
l9,3,Mobilenetv2,u2,rawspec,2,1.609994544521602,0.25611028951811987,0.412336168920021
l9,3,Mobilenetv2,u2,rawspec,3,0.5892581182205817,0.9819096080124737,0.5785982078801393
l9,3,Mobilenetv2,u2,rawspec,4,0.4750364840492684,0.3522412078919509,0.16732742493425978
l9,3,Mobilenetv2,u2,rawspec,5,0.38915317855103976,0.27979891477666313,0.10888463704046994
l9,3,Mobilenetv2,u2,rawspec,6,0.21676134850897696,0.23523701069609584,0.050990291657706376
l9,3,Mobilenetv2,u2,rawspec,7,0.12456294660580675,0.7404324448280531,0.09223044709032373
l9,3,Mobilenetv2,u2,rawspec,8,0.08401620882624608,0.3639202334313405,0.030575198328063723
l9,3,Mobilenetv2,u2,rawspec,9,0.047379237968050054,0.6140754312868225,0.029094425989271335
l9,3,Mobilenetv2,u2,rawspec,10,0.023767672545062526,0.6076176756172552,0.014441657946662944
l9,3,Mobilenetv2,u2,rawspec,11,0.022351646172308268,0.43916828360285926,0.00981613408519104
l9,3,Mobilenetv2,u2,rawspec,12,0.017201734753861515,0.5682284386754187,0.009774514881695416
l9,3,Mobilenetv2,u2,rawspec,13,0.009281391995531697,0.369642646283965,0.003430798298427147
l9,3,Mobilenetv2,u2,rawspec,14,0.006796830222423899,0.3200758174090852,0.0021755009892331038
l9,3,Mobilenetv2,u2,rawspec,15,0.00572877967338159,1.002900863203671,0.00574539807953804
l9,3,Mobilenetv2,u2,rawspec,16,0.004085560616680645,0.5770784032813961,0.0023576887971834227
l9,3,Mobilenetv2,u2,rawspec,17,0.0038430278531990116,0.9432270583341432,0.003624847857069081
l9,3,Mobilenetv2,u2,rawspec,18,0.0032050546348680467,0.44366798711010397,0.0014219801384298156
l9,3,Mobilenetv2,u2,rawspec,19,0.0024326207583200933,0.34826738390305095,0.0008472024675283948
l9,3,Mobilenetv2,u2,rawspec,20,0.0020499141042153637,0.5076943396860464,0.0010407297875527322
l9,3,Mobilenetv2,u2,rawspec,21,0.0016536158157150409,0.22685843637636108,0.000375136698320335
l9,3,Mobilenetv2,u2,rawspec,22,0.001315076085972507,0.324394617917698,0.0004266036044417532
l9,3,Mobilenetv2,u2,rawspec,23,0.001222376994753703,0.5887022655132567,0.0007196161061227913
l9,3,Mobilenetv2,u2,rawspec,24,0.0010554865740123372,0.24991944166252966,0.0002637866152594596
l9,3,Mobilenetv2,u2,rawspec,25,0.0009608058779498821,0.22238474974835093,0.00021366857472462914
l9,3,Mobilenetv2,u2,rawspec,26,0.0007757747722577388,0.21137050763362003,0.0001639759074214742
l9,3,Mobilenetv2,u2,rawspec,27,0.0007517818770866715,0.16182568907172917,0.00012165762029118862
l9,3,Mobilenetv2,u2,rawspec,28,0.0005936007514906528,0.049498868856869944,2.938256575137527e-05
l9,3,Mobilenetv2,u2,rawspec,29,0.0005115944213302482,0.27550201223113013,0.000140945292522704
l9,3,Mobilenetv2,u2,rawspec,30,0.0004533684816953596,0.1096633836394838,4.971792173820851e-05
l9,3,Mobilenetv2,u2,rawspec,31,0.0003735047781477014,0.28851653404940664,0.00010776230404206736
l9,3,Mobilenetv2,u2,rawspec,32,0.00033692292091590655,0.18520695442961185,6.240046806036403e-05
l9,3,Mobilenetv2,u2,rawspec,33,0.0002667751883641677,0.04890004930905819,1.3045319865441088e-05
l9,3,Mobilenetv2,u2,rawspec,34,0.0002469507477280998,0.27795839430190683,6.864203331015789e-05
l9,3,Mobilenetv2,u2,rawspec,35,0.00020640016270098634,0.14036447208341002,2.8971249875453883e-05
l9,3,Mobilenetv2,u2,rawspec,36,0.00018219737309799604,0.39313821454915776,7.162874995529291e-05
l9,3,Mobilenetv2,u2,rawspec,37,0.0001423960226468371,0.22289080042908657,3.173876346567186e-05
l9,3,Mobilenetv2,u2,rawspec,38,0.00013228626469581698,0.2931013601620556,3.877328411310168e-05
l9,3,Mobilenetv2,u2,rawspec,39,0.00012015312804434192,0.09695344047871807,1.1649259148178895e-05
l9,3,Mobilenetv2,u2,rawspec,40,0.00010794786073312596,0.04569159911794182,4.932310378257404e-06
l9,3,Mobilenetv2,u2,rawspec,41,0.00010180352102958261,0.22299429438848697,2.270160433825527e-05
l9,3,Mobilenetv2,u2,rawspec,42,9.562877079896365e-05,0.14389499860734067,1.3760501840938575e-05
l9,3,Mobilenetv2,u2,rawspec,43,8.685304362762165e-05,0.2053912714637495,1.7838857061173718e-05
l9,3,Mobilenetv2,u2,rawspec,44,7.067152202428936e-05,0.08650975116111115,6.113775784498258e-06
l9,3,Mobilenetv2,u2,rawspec,45,6.366348644286193e-05,0.10208835133565894,6.4993003712318485e-06
l9,3,Mobilenetv2,u2,rawspec,46,5.3241600601471166e-05,0.13202681367212316,7.0293188822160335e-06
l9,3,Mobilenetv2,u2,rawspec,47,4.646341888013405e-05,0.09587564075639167,4.454710056865478e-06
l9,3,Mobilenetv2,u2,rawspec,48,4.4513940446921346e-05,0.033761091446284364,1.5028392140629678e-06
l9,3,Mobilenetv2,u2,rawspec,49,4.257537912548611e-05,0.04356073169603912,1.8546146669424451e-06
l9,3,Mobilenetv2,u2,rawspec,50,3.933768631109177e-05,0.022591347133781303,8.886913268936712e-07
l9,3,Mobilenetv2,u2,rawspec,51,3.451105731487609e-05,0.060294542352935604,2.080828406916384e-06
l9,3,Mobilenetv2,u2,rawspec,52,3.2002694503185026e-05,0.047182577642538165,1.5099696181669568e-06
l9,3,Mobilenetv2,u2,rawspec,53,2.515189099537123e-05,0.038997106634874455,9.808509752152304e-07
l9,3,Mobilenetv2,u2,rawspec,54,2.1534850238450447e-05,0.08776154389666564,1.8899317045098894e-06
l9,3,Mobilenetv2,u2,rawspec,55,2.016705926925825e-05,0.056757007631508115,1.1446219368503668e-06
l9,3,Mobilenetv2,u2,rawspec,56,1.8133947603045233e-05,0.03682133078012136,6.677160830411175e-07
l9,3,Mobilenetv2,u2,rawspec,57,1.6611797872199395e-05,0.016059251296839487,2.6677303652195356e-07
l9,3,Mobilenetv2,u2,rawspec,58,1.4015764987001126e-05,0.05024828214486204,7.042681135429112e-07
l9,3,Mobilenetv2,u2,rawspec,59,1.2316266068252974e-05,0.09665907210104849,1.1904788499069613e-06
l9,3,Mobilenetv2,u2,rawspec,60,1.1417126039470017e-05,0.09281271735454612,1.0596544921025593e-06
l9,3,Mobilenetv2,u2,rawspec,61,1.0631796890872187e-05,0.01158002161334984,1.2311643778504557e-07
l9,3,Mobilenetv2,u2,rawspec,62,8.975481329306805e-06,0.03831025186832292,3.438529503651735e-07
l9,3,Mobilenetv2,u2,rawspec,63,6.736315758593679e-06,0.03435006846329525,2.3139290749806752e-07
l9,3,Mobilenetv2,u2,rawspec,64,6.435868129174561e-06,0.030680719896896295,1.974570673645667e-07
