arm,system,gamma,client,model,bank,carrier_half,class_index,positive_routing_energy,total_routing_norm_sq,positive_profile_share,total_profile_share,cross_half_positive_profile_cosine,cross_bank_positive_profile_cosine,probe_top_class_count,probe_top_class_fraction,mean_margin_when_top
h0,hfl,0,0,ResNet10,bank_a,ua,0,0.010046277854636167,0.01228210149102443,0.28461441406903554,0.1657648231197754,0.9910845920745697,0.9104251269350191,14,0.21875,0.08018562432922464
h0,hfl,0,0,ResNet10,bank_a,ua,1,0.00042770211471923196,0.0008805296387315066,0.01211694406010535,0.011884028146381452,0.9910845920745697,0.9104251269350191,0,0.0,0.0
h0,hfl,0,0,ResNet10,bank_a,ua,2,0.0014111626129503585,0.002012496343789726,0.03997870913510993,0.02716156520130445,0.9910845920745697,0.9104251269350191,3,0.046875,0.013032425931867228
h0,hfl,0,0,ResNet10,bank_a,ua,3,0.00014669254302771697,0.0017751984973613784,0.004155848841356029,0.02395888562984475,0.9910845920745697,0.9104251269350191,0,0.0,0.0
h0,hfl,0,0,ResNet10,bank_a,ua,4,0.012441213377919232,0.013436762344009057,0.3524637390185508,0.18134865070809159,0.9910845920745697,0.9104251269350191,27,0.421875,0.07499874886220524
h0,hfl,0,0,ResNet10,bank_a,ua,5,0.0004260666763524207,0.014251039902672801,0.012070611543799204,0.19233851067472174,0.9910845920745697,0.9104251269350191,2,0.03125,0.02363782067187939
h0,hfl,0,0,ResNet10,bank_a,ua,6,0.005739520785624797,0.02254724699445839,0.16260254485035963,0.3043078916589005,0.9910845920745697,0.9104251269350191,12,0.1875,0.09237426306866958
h0,hfl,0,0,ResNet10,bank_a,ua,7,0.0017623138844681597,0.0037055347356701324,0.0499269421860716,0.050011580711283456,0.9910845920745697,0.9104251269350191,4,0.0625,0.033171516787550794
h0,hfl,0,0,ResNet10,bank_a,ua,8,0.0024483237213882613,0.002502314078832846,0.06936183047064218,0.03377236794297594,0.9910845920745697,0.9104251269350191,1,0.015625,0.0016710474830949479
h0,hfl,0,0,ResNet10,bank_a,ua,9,0.0004485797973475682,0.0007003095694412075,0.0127084157966392,0.009451696193224115,0.9910845920745697,0.9104251269350191,1,0.015625,0.0004689448412144026
h0,hfl,0,0,ResNet10,bank_a,ub,0,0.009440080792868219,0.013061687950630027,0.25278804371783653,0.1713817987561717,0.9910845920745697,0.9129129672053862,13,0.203125,0.07941089018036172
h0,hfl,0,0,ResNet10,bank_a,ub,1,0.00027786522676072285,0.0008498509538874281,0.007440720967464788,0.01115085475188147,0.9910845920745697,0.9129129672053862,0,0.0,0.0
h0,hfl,0,0,ResNet10,bank_a,ub,2,0.001498628357346166,0.002048939976531756,0.04013051784470047,0.026884045924899236,0.9910845920745697,0.9129129672053862,3,0.046875,0.01221160578114608
h0,hfl,0,0,ResNet10,bank_a,ub,3,0.00015958480664373162,0.0018940935441046061,0.004273388328311235,0.02485231310287443,0.9910845920745697,0.9129129672053862,0,0.0,0.0
h0,hfl,0,0,ResNet10,bank_a,ub,4,0.015457111900562731,0.015958014325678106,0.4139130972081172,0.2093843621168084,0.9910845920745697,0.9129129672053862,31,0.484375,0.0811408389969282
h0,hfl,0,0,ResNet10,bank_a,ub,5,0.000384740250049271,0.011673894268003773,0.010302638005274556,0.15317262253561542,0.9910845920745697,0.9129129672053862,1,0.015625,0.013595566405479924
h0,hfl,0,0,ResNet10,bank_a,ub,6,0.005879859321507387,0.024337365837600988,0.15745184472815638,0.3193294427183031,0.9910845920745697,0.9129129672053862,10,0.15625,0.11780334162134713
h0,hfl,0,0,ResNet10,bank_a,ub,7,0.002018040813025341,0.003764741358464717,0.054039430430810054,0.04939699587864639,0.9910845920745697,0.9129129672053862,5,0.078125,0.01671449263897036
h0,hfl,0,0,ResNet10,bank_a,ub,8,0.0019051159278558676,0.0020245280989457143,0.05101550919163819,0.026563738817002854,0.9910845920745697,0.9129129672053862,0,0.0,0.0
h0,hfl,0,0,ResNet10,bank_a,ub,9,0.0003228305397650237,0.0006008576627113118,0.008644809550912581,0.007883825384676009,0.9910845920745697,0.9129129672053862,1,0.015625,0.0033287212518841106
h0,hfl,0,0,ResNet10,bank_b,ua,0,0.007666647999824112,0.011436530884036596,0.18291263219540105,0.1358398922178291,0.9946597442664107,0.9104251269350191,11,0.171875,0.0709807535037586
h0,hfl,0,0,ResNet10,bank_b,ua,1,0.0007973391520254806,0.0010702955106526141,0.01902309888921151,0.012712668577777806,0.9946597442664107,0.9104251269350191,0,0.0,0.0
h0,hfl,0,0,ResNet10,bank_b,ua,2,0.0012326906158547913,0.002279267167103282,0.02940981315872891,0.027072493350856566,0.9946597442664107,0.9104251269350191,3,0.046875,0.028895704156512127
h0,hfl,0,0,ResNet10,bank_b,ua,3,0.00017200879712798935,0.001684457175513156,0.004103825015074005,0.02000750782622761,0.9946597442664107,0.9104251269350191,0,0.0,0.0
h0,hfl,0,0,ResNet10,bank_b,ua,4,0.0131707119394885,0.013911097019172475,0.31422984188063763,0.16523209169607714,0.9946597442664107,0.9104251269350191,29,0.453125,0.07060345611679283
h0,hfl,0,0,ResNet10,bank_b,ua,5,0.0005870301667531216,0.020530337359738308,0.014005499271830672,0.24385356384909124,0.9946597442664107,0.9104251269350191,1,0.015625,0.02483978552378815
h0,hfl,0,0,ResNet10,bank_b,ua,6,0.014250572169982604,0.02645324501185369,0.3399933929354585,0.3142041924826871,0.9946597442664107,0.9104251269350191,15,0.234375,0.12005242715535876
h0,hfl,0,0,ResNet10,bank_b,ua,7,0.0008511145185904437,0.0033475879187212457,0.02030608381898729,0.03976170629710213,0.9946597442664107,0.9104251269350191,4,0.0625,0.013668291175696953
h0,hfl,0,0,ResNet10,bank_b,ua,8,0.0024801764701227937,0.0026428828321941474,0.05917261448153958,0.031391417791798895,0.9946597442664107,0.9104251269350191,0,0.0,0.0
h0,hfl,0,0,ResNet10,bank_b,ua,9,0.000705970228692634,0.0008355532303850161,0.016843198329272644,0.009924465898674552,0.9946597442664107,0.9104251269350191,1,0.015625,0.0031306550989221443
h0,hfl,0,0,ResNet10,bank_b,ub,0,0.007243981994978804,0.01315698190070648,0.16103797287754337,0.1535068887050898,0.9946597442664107,0.9129129672053862,10,0.15625,0.08044486836947969
h0,hfl,0,0,ResNet10,bank_b,ub,1,0.0004991561145893349,0.0008616985260954449,0.011096533494784375,0.01005372362301195,0.9946597442664107,0.9129129672053862,0,0.0,0.0
h0,hfl,0,0,ResNet10,bank_b,ub,2,0.0012590637311582968,0.002193060398003071,0.027989725972525917,0.025587165885036338,0.9946597442664107,0.9129129672053862,1,0.015625,0.06390946330928446
h0,hfl,0,0,ResNet10,bank_b,ub,3,0.00020652280415350943,0.0017416228278861958,0.004591123191211682,0.02032009343968272,0.9946597442664107,0.9129129672053862,0,0.0,0.0
h0,hfl,0,0,ResNet10,bank_b,ub,4,0.01648484826517705,0.016640319596406144,0.36646785561561396,0.1941481494449332,0.9946597442664107,0.9129129672053862,35,0.546875,0.08230522272788453
h0,hfl,0,0,ResNet10,bank_b,ub,5,0.0004886476846157795,0.016670821108226416,0.010862924926701245,0.19450402073940387,0.9946597442664107,0.9129129672053862,1,0.015625,0.00470549996627477
h0,hfl,0,0,ResNet10,bank_b,ub,6,0.015627989225270308,0.02889170832690578,0.34741937607438567,0.3370891810985995,0.9946597442664107,0.9129129672053862,16,0.25,0.1291968123532855
h0,hfl,0,0,ResNet10,bank_b,ub,7,0.0008675401777199985,0.0028696374070482406,0.019285927505989203,0.03348101512886197,0.9946597442664107,0.9129129672053862,1,0.015625,0.011028535379898216
h0,hfl,0,0,ResNet10,bank_b,ub,8,0.0017952847110178944,0.001989310596838093,0.03991023318400916,0.023209949112439197,0.9946597442664107,0.9129129672053862,0,0.0,0.0
h0,hfl,0,0,ResNet10,bank_b,ub,9,0.0005100327342148868,0.0006942300209196475,0.011338327135005054,0.008099812811274153,0.9946597442664107,0.9129129672053862,0,0.0,0.0
h0,hfl,0,1,ResNet12,bank_a,ua,0,0.005987959733353816,0.011294357948699249,0.15498925698338345,0.151652172051104,0.9834185890651166,0.9745016304650091,11,0.171875,0.042945686758752724
h0,hfl,0,1,ResNet12,bank_a,ua,1,0.0007614216649255885,0.011218155353200289,0.019708245104008055,0.15062898072178368,0.9834185890651166,0.9745016304650091,1,0.015625,0.027232241798168244
h0,hfl,0,1,ResNet12,bank_a,ua,2,0.0034768560969112763,0.006270448545341996,0.0899931474316386,0.08419488260909207,0.9834185890651166,0.9745016304650091,7,0.109375,0.05167266725434129
h0,hfl,0,1,ResNet12,bank_a,ua,3,0.011436181403472474,0.012673724634184747,0.2960082127103131,0.17017327390204182,0.9834185890651166,0.9745016304650091,21,0.328125,0.05428161018883914
h0,hfl,0,1,ResNet12,bank_a,ua,4,0.003932859134828468,0.0058368757177796205,0.1017960945415328,0.07837319169573248,0.9834185890651166,0.9745016304650091,6,0.09375,0.027868905487882196
h0,hfl,0,1,ResNet12,bank_a,ua,5,0.005298149835536441,0.008103503333055853,0.13713457387204306,0.10880776820277888,0.9834185890651166,0.9745016304650091,6,0.09375,0.01811324020164428
h0,hfl,0,1,ResNet12,bank_a,ua,6,0.0007083368370946031,0.0007509330072482967,0.01833422483850987,0.01008296550643563,0.9834185890651166,0.9745016304650091,0,0.0,0.0
h0,hfl,0,1,ResNet12,bank_a,ua,7,0.0015066008623518855,0.005977267599272039,0.03899607856842715,0.08025826863975818,0.9834185890651166,0.9745016304650091,3,0.046875,0.021835691390502083
h0,hfl,0,1,ResNet12,bank_a,ua,8,0.0051736743940663426,0.010105112265103298,0.1339127158360466,0.13568387249490863,0.9834185890651166,0.9745016304650091,9,0.140625,0.05178851341623766
h0,hfl,0,1,ResNet12,bank_a,ua,9,0.0003526360772365049,0.0022450332950753483,0.00912745008821379,0.030144624162937415,0.9834185890651166,0.9745016304650091,0,0.0,0.0
h0,hfl,0,1,ResNet12,bank_a,ub,0,0.005925310007703094,0.012187690054148858,0.15139827158951785,0.1607510775790606,0.9834185890651166,0.9831723776233816,10,0.15625,0.03705969499730717
h0,hfl,0,1,ResNet12,bank_a,ub,1,0.0006079094655408151,0.01097622822291449,0.015532764065700635,0.1447723487180872,0.9834185890651166,0.9831723776233816,0,0.0,0.0
h0,hfl,0,1,ResNet12,bank_a,ub,2,0.0026118712375421695,0.006962907750753551,0.06673621978667514,0.09183815136783881,0.9834185890651166,0.9831723776233816,5,0.078125,0.05469094695901797
h0,hfl,0,1,ResNet12,bank_a,ub,3,0.009719451320115882,0.011258102916445151,0.24834280885742588,0.14849017059622863,0.9834185890651166,0.9831723776233816,18,0.28125,0.04989209511419734
h0,hfl,0,1,ResNet12,bank_a,ub,4,0.004457374631214279,0.005745227702000148,0.11389088741610044,0.07577740654138182,0.9834185890651166,0.9831723776233816,9,0.140625,0.02285776274445837
h0,hfl,0,1,ResNet12,bank_a,ub,5,0.005664846579393828,0.008708576294544823,0.14474314083567746,0.11486286714774087,0.9834185890651166,0.9831723776233816,9,0.140625,0.013216449603346184
h0,hfl,0,1,ResNet12,bank_a,ub,6,0.0004910984810564647,0.0005787638653839125,0.012548113282769514,0.00763367911482252,0.9834185890651166,0.9831723776233816,0,0.0,0.0
h0,hfl,0,1,ResNet12,bank_a,ub,7,0.0022685485653821786,0.006302779016196966,0.05796394304588966,0.08313130003264678,0.9834185890651166,0.9831723776233816,2,0.03125,0.029447434255965698
h0,hfl,0,1,ResNet12,bank_a,ub,8,0.007056242872755498,0.011109391496678863,0.18029486616940013,0.14652872253925206,0.9834185890651166,0.9831723776233816,11,0.171875,0.06550395429022474
h0,hfl,0,1,ResNet12,bank_a,ub,9,0.0003345836474994755,0.0019874919655666922,0.008548984925292257,0.026214276349751087,0.9834185890651166,0.9831723776233816,0,0.0,0.0
h0,hfl,0,1,ResNet12,bank_b,ua,0,0.003771374717826998,0.009362918949980321,0.12064341036473679,0.15293549576292312,0.968468915772895,0.9745016304650091,10,0.15625,0.045146023073201695
h0,hfl,0,1,ResNet12,bank_b,ua,1,0.001112333679198593,0.007834792639931202,0.03558270884294273,0.12797482312821878,0.968468915772895,0.9745016304650091,4,0.0625,0.03889580885409149
h0,hfl,0,1,ResNet12,bank_b,ua,2,0.0036909609663406564,0.005843700879025385,0.1180710355822266,0.09545199481042771,0.968468915772895,0.9745016304650091,8,0.125,0.027197614878309174
h0,hfl,0,1,ResNet12,bank_b,ua,3,0.008837696356454537,0.009257840923489531,0.28271118835548004,0.15121913357277597,0.968468915772895,0.9745016304650091,17,0.265625,0.03460803050923134
h0,hfl,0,1,ResNet12,bank_b,ua,4,0.0031437327087900737,0.007254085571164336,0.10056561960571654,0.11848945601894982,0.968468915772895,0.9745016304650091,7,0.109375,0.023957183995552408
h0,hfl,0,1,ResNet12,bank_b,ua,5,0.00613862365787706,0.008349549957681519,0.1963699044624916,0.13638295589197647,0.968468915772895,0.9745016304650091,11,0.171875,0.017688506544949557
h0,hfl,0,1,ResNet12,bank_b,ua,6,0.0007237575493902644,0.0008133856750513425,0.023152453831470837,0.013285978670219975,0.968468915772895,0.9745016304650091,0,0.0,0.0
h0,hfl,0,1,ResNet12,bank_b,ua,7,0.0009232190144155425,0.0033415424320751043,0.029533074474455186,0.05458131712902674,0.968468915772895,0.9745016304650091,0,0.0,0.0
h0,hfl,0,1,ResNet12,bank_b,ua,8,0.0026061886049365593,0.0070415231788676855,0.08336999234444288,0.11501742608681957,0.968468915772895,0.9745016304650091,6,0.09375,0.029965004184288435
h0,hfl,0,1,ResNet12,bank_b,ua,9,0.00031262424974538085,0.002122019184287475,0.010000612104047645,0.034661418912327636,0.968468915772895,0.9745016304650091,1,0.015625,0.007157043566164499
h0,hfl,0,1,ResNet12,bank_b,ub,0,0.003793371017219767,0.010103949316870227,0.12702396254774023,0.17173426402361774,0.968468915772895,0.9831723776233816,8,0.125,0.04719905745753557
h0,hfl,0,1,ResNet12,bank_b,ub,1,0.0011802328213423717,0.007534982700975575,0.03952100889031541,0.12807018998226352,0.968468915772895,0.9831723776233816,4,0.0625,0.026127043925016462
h0,hfl,0,1,ResNet12,bank_b,ub,2,0.0022634807317532925,0.00636878939613669,0.0757944030237485,0.10824869814427662,0.968468915772895,0.9831723776233816,5,0.078125,0.021197790319296982
h0,hfl,0,1,ResNet12,bank_b,ub,3,0.006654212960253858,0.007252295587482669,0.22282146776865216,0.12326542880797618,0.968468915772895,0.9831723776233816,13,0.203125,0.04100428518710737
h0,hfl,0,1,ResNet12,bank_b,ub,4,0.003610233952802309,0.006265318919720126,0.12089147629578482,0.10649003669831088,0.968468915772895,0.9831723776233816,11,0.171875,0.032074040589920146
h0,hfl,0,1,ResNet12,bank_b,ub,5,0.005738161132444271,0.008094734409882709,0.1921467637812851,0.137584147817011,0.968468915772895,0.9831723776233816,13,0.203125,0.03216328655118182
h0,hfl,0,1,ResNet12,bank_b,ub,6,0.0004483338066489926,0.0005936633045101006,0.015012804285726454,0.010090344624714673,0.968468915772895,0.9831723776233816,0,0.0,0.0
h0,hfl,0,1,ResNet12,bank_b,ub,7,0.001433870122526607,0.003354863747835732,0.04801425009980548,0.05702176827749078,0.968468915772895,0.9831723776233816,1,0.015625,0.01028469794724033
h0,hfl,0,1,ResNet12,bank_b,ub,8,0.0044185473518120666,0.007441395519963285,0.1479584756629874,0.12647951240173017,0.968468915772895,0.9831723776233816,9,0.140625,0.050462210319813974
h0,hfl,0,1,ResNet12,bank_b,ub,9,0.0003229845540846675,0.0018247968466109747,0.01081538761046861,0.031015609205611694,0.968468915772895,0.9831723776233816,0,0.0,0.0
h0,hfl,0,2,ShuffleNet,bank_a,ua,0,0.00464270902100946,0.015469516648300758,0.10720621157292885,0.18207924479194462,0.9971065472991882,0.9544218621790614,1,0.015625,0.07525203102326224
h0,hfl,0,2,ShuffleNet,bank_a,ua,1,0.0005699520377736615,0.00863329849315979,0.013160936528970676,0.10161561640457833,0.9971065472991882,0.9544218621790614,1,0.015625,0.007962571832125245
h0,hfl,0,2,ShuffleNet,bank_a,ua,2,0.00021814632552409377,0.0018853637371259706,0.005037283409785623,0.022191100938614216,0.9971065472991882,0.9544218621790614,0,0.0,0.0
h0,hfl,0,2,ShuffleNet,bank_a,ua,3,0.009409407540692067,0.012398003828492135,0.21727550251771216,0.14592693652567687,0.9971065472991882,0.9544218621790614,16,0.25,0.05929291762236022
h0,hfl,0,2,ShuffleNet,bank_a,ua,4,0.0010378545632840088,0.0014994286859710546,0.0239654166112618,0.017648569697940545,0.9971065472991882,0.9544218621790614,1,0.015625,0.006484729394577785
h0,hfl,0,2,ShuffleNet,bank_a,ua,5,0.0007236039048903765,0.001225515622250544,0.01670895870743331,0.014424559218831182,0.9971065472991882,0.9544218621790614,0,0.0,0.0
h0,hfl,0,2,ShuffleNet,bank_a,ua,6,0.008675150146736687,0.01001379596691649,0.20032054084142503,0.11786434241027535,0.9971065472991882,0.9544218621790614,13,0.203125,0.07899637407048822
h0,hfl,0,2,ShuffleNet,bank_a,ua,7,0.0032946745062949253,0.008736200511512356,0.07607833499524178,0.10282679334146475,0.9971065472991882,0.9544218621790614,10,0.15625,0.027279353238028513
h0,hfl,0,2,ShuffleNet,bank_a,ua,8,0.012800473434718159,0.016103867371251284,0.29557964047845375,0.18954567720828927,0.9971065472991882,0.9544218621790614,17,0.265625,0.06239081735286199
h0,hfl,0,2,ShuffleNet,bank_a,ua,9,0.0019343719928777239,0.008995360688515657,0.04466717431369575,0.1058771594506147,0.9971065472991882,0.9544218621790614,5,0.078125,0.021428476298215753
h0,hfl,0,2,ShuffleNet,bank_a,ub,0,0.004359194320359464,0.015032763635501638,0.10672100646239958,0.18751156966064098,0.9971065472991882,0.9585693818360984,1,0.015625,0.07478015756803504
h0,hfl,0,2,ShuffleNet,bank_a,ub,1,0.0004886276654185476,0.007613128259897964,0.01196249407724039,0.09496255410215625,0.9971065472991882,0.9585693818360984,0,0.0,0.0
h0,hfl,0,2,ShuffleNet,bank_a,ub,2,0.0001322532630404992,0.0018519571181287865,0.0032378004517253714,0.02310043546114319,0.9971065472991882,0.9585693818360984,0,0.0,0.0
h0,hfl,0,2,ShuffleNet,bank_a,ub,3,0.008045154846550487,0.011402627674306665,0.1969600250118971,0.14223097397844225,0.9971065472991882,0.9585693818360984,15,0.234375,0.05429011084204706
h0,hfl,0,2,ShuffleNet,bank_a,ub,4,0.001024232902989605,0.0014922861110587022,0.02507508457433078,0.018614069764694555,0.9971065472991882,0.9585693818360984,1,0.015625,0.001994389262811813
h0,hfl,0,2,ShuffleNet,bank_a,ub,5,0.0006350858061899625,0.0011833868117454634,0.015548055774900229,0.014761006290423763,0.9971065472991882,0.9585693818360984,0,0.0,0.0
h0,hfl,0,2,ShuffleNet,bank_a,ub,6,0.009165621047908377,0.01021211034865124,0.22439107578142448,0.12738102503660967,0.9971065472991882,0.9585693818360984,19,0.296875,0.06249947266422138
h0,hfl,0,2,ShuffleNet,bank_a,ub,7,0.0032949163992016563,0.007010989472579375,0.08066554700026998,0.08745176021878687,0.9971065472991882,0.9585693818360984,10,0.15625,0.028184634668005675
h0,hfl,0,2,ShuffleNet,bank_a,ub,8,0.012323685883414655,0.015366899904328539,0.3017062475654963,0.19167942713299,0.9971065472991882,0.9585693818360984,15,0.234375,0.07309335004464594
h0,hfl,0,2,ShuffleNet,bank_a,ub,9,0.0013778658863606397,0.009003643186580175,0.03373266327583398,0.11230717834163874,0.9971065472991882,0.9585693818360984,3,0.046875,0.020335959796621363
h0,hfl,0,2,ShuffleNet,bank_b,ua,0,0.004283635886802037,0.023353239073242972,0.10006893837777821,0.2593961371657803,0.9952759579165733,0.9544218621790614,3,0.046875,0.07615566930054445
h0,hfl,0,2,ShuffleNet,bank_b,ua,1,0.003079646902745478,0.008647007376128734,0.07194285515387801,0.0960466470786798,0.9952759579165733,0.9544218621790614,4,0.0625,0.029412426416467
h0,hfl,0,2,ShuffleNet,bank_b,ua,2,5.75550030402684e-05,0.0032093956297128265,0.0013445279208521167,0.03564836665154893,0.9952759579165733,0.9544218621790614,0,0.0,0.0
h0,hfl,0,2,ShuffleNet,bank_b,ua,3,0.006396607024721119,0.01243310235708264,0.14942952461385575,0.13810070261770066,0.9952759579165733,0.9544218621790614,12,0.1875,0.05509747311466525
h0,hfl,0,2,ShuffleNet,bank_b,ua,4,0.0020520084840227847,0.002322344729662384,0.04793645304238337,0.025795447481713158,0.9952759579165733,0.9544218621790614,2,0.03125,0.026918537186513228
h0,hfl,0,2,ShuffleNet,bank_b,ua,5,0.0013550034267363169,0.0019228843796691587,0.031653893560263074,0.021358441059856483,0.9952759579165733,0.9544218621790614,0,0.0,0.0
h0,hfl,0,2,ShuffleNet,bank_b,ua,6,0.010526682308307644,0.011897679330654137,0.24591117244068578,0.13215349056846099,0.9952759579165733,0.9544218621790614,20,0.3125,0.06897297398321266
h0,hfl,0,2,ShuffleNet,bank_b,ua,7,0.0020561155503292087,0.007572809296344331,0.048032397183293496,0.08411499033620126,0.9952759579165733,0.9544218621790614,3,0.046875,0.026782622276064868
h0,hfl,0,2,ShuffleNet,bank_b,ua,8,0.009656201617895748,0.01216756968418866,0.22557609241293283,0.13515129806512532,0.9952759579165733,0.9544218621790614,17,0.265625,0.06794783016321783
h0,hfl,0,2,ShuffleNet,bank_b,ua,9,0.0033433923154713623,0.006503215795751251,0.07810414527071653,0.07223447896382565,0.9952759579165733,0.9544218621790614,3,0.046875,0.05367874918899628
h0,hfl,0,2,ShuffleNet,bank_b,ub,0,0.0037629753913229827,0.02322497326921368,0.09014870573997845,0.26152912442258214,0.9952759579165733,0.9585693818360984,3,0.046875,0.058764875694646966
h0,hfl,0,2,ShuffleNet,bank_b,ub,1,0.002686852185478509,0.00783930482361275,0.06436827824971823,0.08827594774108345,0.9952759579165733,0.9585693818360984,3,0.046875,0.032205047130322975
h0,hfl,0,2,ShuffleNet,bank_b,ub,2,4.3689231329377984e-05,0.0030666051014941976,0.0010466525155066826,0.034532076220157235,0.9952759579165733,0.9585693818360984,0,0.0,0.0
h0,hfl,0,2,ShuffleNet,bank_b,ub,3,0.005308389071227987,0.012584189886290502,0.12717181341098358,0.14170660712413793,0.9952759579165733,0.9585693818360984,9,0.140625,0.04276128674269694
h0,hfl,0,2,ShuffleNet,bank_b,ub,4,0.0022203652592631407,0.002516252775222709,0.05319276199736473,0.02833473164863486,0.9952759579165733,0.9585693818360984,2,0.03125,0.02882403023120688
h0,hfl,0,2,ShuffleNet,bank_b,ub,5,0.0013378330733908729,0.0019914673736816453,0.03205014849164958,0.02242528818086917,0.9952759579165733,0.9585693818360984,0,0.0,0.0
h0,hfl,0,2,ShuffleNet,bank_b,ub,6,0.011195007027511755,0.012197297745757818,0.2681961185840573,0.13734993632901513,0.9952759579165733,0.9585693818360984,23,0.359375,0.05816695589493505
h0,hfl,0,2,ShuffleNet,bank_b,ub,7,0.002606347961857281,0.00615718817109275,0.062439657727035525,0.06933416080291083,0.9952759579165733,0.9585693818360984,4,0.0625,0.04247364244983846
h0,hfl,0,2,ShuffleNet,bank_b,ub,8,0.009833306373426515,0.012478722092604453,0.23557418014296952,0.14051896744775316,0.9952759579165733,0.9585693818360984,17,0.265625,0.07139210990515277
h0,hfl,0,2,ShuffleNet,bank_b,ub,9,0.00274710260116539,0.006748537529816638,0.06581168311677967,0.07599316007159546,0.9952759579165733,0.9585693818360984,3,0.046875,0.05762557325939847
h0,hfl,0,3,Mobilenetv2,bank_a,ua,0,0.008455965641574888,0.013945006988664794,0.21824976601659207,0.18198484373982082,0.9969957319081836,0.927078503446126,8,0.125,0.03387541676999439
h0,hfl,0,3,Mobilenetv2,bank_a,ua,1,0.0005070713326056454,0.008554756767484533,0.013087588619186035,0.11164111103195018,0.9969957319081836,0.927078503446126,0,0.0,0.0
h0,hfl,0,3,Mobilenetv2,bank_a,ua,2,0.0011885249685579622,0.00455901924701423,0.030676011148543576,0.059496019324272835,0.9969957319081836,0.927078503446126,2,0.03125,0.03370359047271393
h0,hfl,0,3,Mobilenetv2,bank_a,ua,3,0.0016894246560050842,0.002039177346737277,0.04360430866262357,0.026611630320831973,0.9969957319081836,0.927078503446126,0,0.0,0.0
h0,hfl,0,3,Mobilenetv2,bank_a,ua,4,0.00529907048683898,0.005745481983943933,0.13676981942450736,0.07497957096098276,0.9969957319081836,0.927078503446126,9,0.140625,0.023859306952784192
h0,hfl,0,3,Mobilenetv2,bank_a,ua,5,0.001433402004961713,0.012551594067144912,0.036996324896649266,0.1638005550554218,0.9969957319081836,0.927078503446126,5,0.078125,0.02392186170860473
h0,hfl,0,3,Mobilenetv2,bank_a,ua,6,0.008482151337742388,0.010126022669465953,0.21892562283812877,0.13214641302844465,0.9969957319081836,0.927078503446126,22,0.34375,0.0471544668454672
h0,hfl,0,3,Mobilenetv2,bank_a,ua,7,0.0005182684640615775,0.0009068023633017361,0.013376588293959909,0.011833933573680297,0.9969957319081836,0.927078503446126,0,0.0,0.0
h0,hfl,0,3,Mobilenetv2,bank_a,ua,8,0.008348999026759014,0.0128868507411464,0.21548894133438543,0.16817571481550553,0.9969957319081836,0.927078503446126,9,0.140625,0.03090662495757215
h0,hfl,0,3,Mobilenetv2,bank_a,ua,9,0.0028215651824435996,0.005312586571027169,0.07282502873961386,0.0693302081360391,0.9969957319081836,0.927078503446126,9,0.140625,0.03051383132852316
h0,hfl,0,3,Mobilenetv2,bank_a,ub,0,0.008021169992466845,0.013233976546186134,0.21576016568778678,0.17794040684466794,0.9969957319081836,0.9252605727011622,9,0.140625,0.0305075552580759
h0,hfl,0,3,Mobilenetv2,bank_a,ub,1,0.0005775142325588021,0.00961708658700222,0.015534462755553825,0.1293086997683051,0.9969957319081836,0.9252605727011622,0,0.0,0.0
h0,hfl,0,3,Mobilenetv2,bank_a,ub,2,0.0015437984911096903,0.004498620583054567,0.04152638811335587,0.06048721440565173,0.9969957319081836,0.9252605727011622,4,0.0625,0.022872097792938428
h0,hfl,0,3,Mobilenetv2,bank_a,ub,3,0.001954167083569858,0.0022795808712394706,0.05256482709238561,0.03065061708761841,0.9969957319081836,0.9252605727011622,0,0.0,0.0
h0,hfl,0,3,Mobilenetv2,bank_a,ub,4,0.004903711553575138,0.0053453191748557265,0.13190415092538127,0.07187169067203325,0.9969957319081836,0.9252605727011622,8,0.125,0.025399878213734572
h0,hfl,0,3,Mobilenetv2,bank_a,ub,5,0.0020512329902896056,0.009953682633725423,0.055175787355808116,0.13383447758627276,0.9969957319081836,0.9252605727011622,8,0.125,0.028711740865710805
h0,hfl,0,3,Mobilenetv2,bank_a,ub,6,0.0076870052843164,0.009550843479013355,0.2067715227759343,0.12841801316741408,0.9969957319081836,0.9252605727011622,20,0.3125,0.041552658560877136
h0,hfl,0,3,Mobilenetv2,bank_a,ub,7,0.00045005028868809363,0.0009381252237170768,0.012105830564166382,0.01261377359986096,0.9969957319081836,0.9252605727011622,0,0.0,0.0
h0,hfl,0,3,Mobilenetv2,bank_a,ub,8,0.007986544538925286,0.013133065028463725,0.21482878116406295,0.17658357834673524,0.9969957319081836,0.9252605727011622,8,0.125,0.03445238878193406
h0,hfl,0,3,Mobilenetv2,bank_a,ub,9,0.002001130315487083,0.005822782303427736,0.05382808353866597,0.07829152850799465,0.9969957319081836,0.9252605727011622,7,0.109375,0.023189739613209536
h0,hfl,0,3,Mobilenetv2,bank_b,ua,0,0.00657609181089541,0.01635005193027931,0.16145467810411593,0.20360057745533136,0.996311772795743,0.927078503446126,10,0.15625,0.03817767723172228
h0,hfl,0,3,Mobilenetv2,bank_b,ua,1,0.0014797122245896236,0.006546501525306796,0.03632955070852533,0.08152093317797197,0.996311772795743,0.927078503446126,2,0.03125,0.06410909183032495
h0,hfl,0,3,Mobilenetv2,bank_b,ua,2,0.0006085691560802302,0.0034463415370739286,0.014941448511444725,0.042915895927956194,0.996311772795743,0.927078503446126,1,0.015625,0.0077647014942319875
h0,hfl,0,3,Mobilenetv2,bank_b,ua,3,0.00171344366190438,0.0020293660207021556,0.04206807064706129,0.02527087347765558,0.996311772795743,0.927078503446126,0,0.0,0.0
h0,hfl,0,3,Mobilenetv2,bank_b,ua,4,0.005967930333983979,0.006422428462884392,0.14652323883689425,0.07997590156195182,0.996311772795743,0.927078503446126,11,0.171875,0.0362014566926349
h0,hfl,0,3,Mobilenetv2,bank_b,ua,5,0.0012768760302466224,0.014502930608722446,0.0313495635965367,0.18059912343532522,0.996311772795743,0.927078503446126,3,0.046875,0.0461521067909945
h0,hfl,0,3,Mobilenetv2,bank_b,ua,6,0.012072139888480615,0.012821111270772859,0.29639237342963787,0.1596561080955428,0.996311772795743,0.927078503446126,24,0.375,0.0547816392924661
h0,hfl,0,3,Mobilenetv2,bank_b,ua,7,0.0006726284927766398,0.0010789642149017522,0.016514218461028764,0.013435904555190132,0.996311772795743,0.927078503446126,0,0.0,0.0
h0,hfl,0,3,Mobilenetv2,bank_b,ua,8,0.00464184497430022,0.00992833137893921,0.1139654992184187,0.12363349122924636,0.996311772795743,0.927078503446126,2,0.03125,0.02133942656752437
h0,hfl,0,3,Mobilenetv2,bank_b,ua,9,0.005721028340424654,0.00717851901204539,0.1404613584617847,0.08939119107137591,0.996311772795743,0.927078503446126,11,0.171875,0.07895888770214464
h0,hfl,0,3,Mobilenetv2,bank_b,ub,0,0.006129608430906819,0.017039673731982063,0.15588456093338932,0.21825462483499153,0.996311772795743,0.9252605727011622,9,0.140625,0.03680264319562935
h0,hfl,0,3,Mobilenetv2,bank_b,ub,1,0.0017397915618079924,0.006625136491227254,0.044245345650559285,0.08485882430128086,0.996311772795743,0.9252605727011622,2,0.03125,0.08481428307590454
h0,hfl,0,3,Mobilenetv2,bank_b,ub,2,0.0008757292613624383,0.003518147348676086,0.022271026435502543,0.045062595785406646,0.996311772795743,0.9252605727011622,1,0.015625,0.015808273463076603
h0,hfl,0,3,Mobilenetv2,bank_b,ub,3,0.002101944672633501,0.002376876721102143,0.05345540846420359,0.030444499419580735,0.996311772795743,0.9252605727011622,0,0.0,0.0
h0,hfl,0,3,Mobilenetv2,bank_b,ub,4,0.005749164500740567,0.006143968228105869,0.1462093368661049,0.07869572514798229,0.996311772795743,0.9252605727011622,11,0.171875,0.03097907150823256
h0,hfl,0,3,Mobilenetv2,bank_b,ub,5,0.0016492286543716437,0.010615650943465546,0.041942203578484404,0.13597178857343015,0.996311772795743,0.9252605727011622,5,0.078125,0.04009314641740111
h0,hfl,0,3,Mobilenetv2,bank_b,ub,6,0.011383241166082664,0.012246141020204973,0.2894918282587852,0.15685610863690747,0.996311772795743,0.9252605727011622,23,0.359375,0.05455981141972529
h0,hfl,0,3,Mobilenetv2,bank_b,ub,7,0.0006830207021924832,0.0011459657075320907,0.017370176817956853,0.01467823383858236,0.996311772795743,0.9252605727011622,0,0.0,0.0
h0,hfl,0,3,Mobilenetv2,bank_b,ub,8,0.004673794010633547,0.01099428439655166,0.11886115327809442,0.1408215587951558,0.996311772795743,0.9252605727011622,3,0.046875,0.021016405232465434
h0,hfl,0,3,Mobilenetv2,bank_b,ub,9,0.0043359364195219435,0.007366607459517494,0.11026895969148821,0.09435604065387355,0.996311772795743,0.9252605727011622,10,0.15625,0.0769095064726659
h9,hfl,9,0,ResNet10,bank_a,ua,0,0.07097795650220849,0.07140066653808488,0.34535388907710174,0.21437574146082844,0.9995850089513605,0.996968745769541,14,0.21875,0.0548914055226263
h9,hfl,9,0,ResNet10,bank_a,ua,1,0.0032245777995498917,0.01658867222396939,0.01568966674423189,0.049806382493183275,0.9995850089513605,0.996968745769541,2,0.03125,0.0006011840632447196
h9,hfl,9,0,ResNet10,bank_a,ua,2,0.005934648980991258,0.009414707022643961,0.02887592439814772,0.028267030217977322,0.9995850089513605,0.996968745769541,2,0.03125,0.01239533163495013
h9,hfl,9,0,ResNet10,bank_a,ua,3,0.00029547403567629487,0.012301163883597928,0.0014376732209660003,0.03693342452161654,0.9995850089513605,0.996968745769541,0,0.0,0.0
h9,hfl,9,0,ResNet10,bank_a,ua,4,0.09966573532058863,0.10038167595007334,0.48493857807280444,0.30138929024421934,0.9995850089513605,0.996968745769541,32,0.5,0.09746516840101019
h9,hfl,9,0,ResNet10,bank_a,ua,5,0.00514719990001143,0.05667804080683492,0.025044472832504078,0.1701720391648073,0.9995850089513605,0.996968745769541,4,0.0625,0.19534001639746668
h9,hfl,9,0,ResNet10,bank_a,ua,6,0.011233546534395192,0.016446922951823043,0.054658504907242084,0.04938078975306933,0.9995850089513605,0.996968745769541,5,0.078125,0.08678234734346123
h9,hfl,9,0,ResNet10,bank_a,ua,7,0.002455684865685532,0.018456071709534373,0.011948502894499233,0.05541312496116893,0.9995850089513605,0.996968745769541,3,0.046875,0.07948128800949573
h9,hfl,9,0,ResNet10,bank_a,ua,8,0.0032460071620665377,0.014926338348659073,0.01579393452045811,0.04481533584959182,0.9995850089513605,0.996968745769541,0,0.0,0.0
h9,hfl,9,0,ResNet10,bank_a,ua,9,0.003341558386141858,0.01646892230037255,0.016258853327178937,0.04944684133053521,0.9995850089513605,0.996968745769541,2,0.03125,0.004044851492747831
h9,hfl,9,0,ResNet10,bank_a,ub,0,0.07318935294903559,0.07360762892305188,0.3592765520434595,0.2213670087280381,0.9995850089513605,0.9968509862281971,13,0.203125,0.06626699622383715
h9,hfl,9,0,ResNet10,bank_a,ub,1,0.00320342310123339,0.016329686008437615,0.015725167120263003,0.04910977025132593,0.9995850089513605,0.9968509862281971,1,0.015625,0.000537732960777193
h9,hfl,9,0,ResNet10,bank_a,ub,2,0.0055203897432504955,0.009478176651100982,0.027098840377400152,0.02850459448494847,0.9995850089513605,0.9968509862281971,1,0.015625,0.0030176310082702523
h9,hfl,9,0,ResNet10,bank_a,ub,3,0.0003049700509248347,0.012132907315861002,0.001497056388093627,0.03648841076642198,0.9995850089513605,0.9968509862281971,0,0.0,0.0
h9,hfl,9,0,ResNet10,bank_a,ub,4,0.0969277900450385,0.09740494674386665,0.475805302293394,0.29293487660829837,0.9995850089513605,0.9968509862281971,33,0.515625,0.08221993115331133
h9,hfl,9,0,ResNet10,bank_a,ub,5,0.004321056926149321,0.05684415850494994,0.021211479143578002,0.17095267862870198,0.9995850089513605,0.9968509862281971,4,0.0625,0.1580182044713152
h9,hfl,9,0,ResNet10,bank_a,ub,6,0.0114816329225274,0.017036428601847082,0.05636177014854548,0.051235222410738634,0.9995850089513605,0.9968509862281971,6,0.09375,0.09478533481425583
h9,hfl,9,0,ResNet10,bank_a,ub,7,0.00218014803411057,0.01882808314339072,0.010702049370281984,0.05662343029541499,0.9995850089513605,0.9968509862281971,3,0.046875,0.07326239830001584
h9,hfl,9,0,ResNet10,bank_a,ub,8,0.003243204846736636,0.014721395051282228,0.01592045028349344,0.044273008579216906,0.9995850089513605,0.9968509862281971,0,0.0,0.0
h9,hfl,9,0,ResNet10,bank_a,ub,9,0.003341166937424006,0.016130586267339472,0.016401332826581842,0.048510999243887326,0.9995850089513605,0.9968509862281971,3,0.046875,0.002546272224235165
h9,hfl,9,0,ResNet10,bank_b,ua,0,0.07059917530920076,0.07085369025033263,0.3200634168344369,0.19943510132362705,0.9996571942973067,0.996968745769541,12,0.1875,0.07784678421454146
h9,hfl,9,0,ResNet10,bank_b,ua,1,0.00376489298283508,0.013886795835757665,0.017068251956551535,0.039087795212640324,0.9996571942973067,0.996968745769541,4,0.0625,0.0014384857796410563
h9,hfl,9,0,ResNet10,bank_b,ua,2,0.004622966494755936,0.010656317955213709,0.020958353206568858,0.029994822339191502,0.9996571942973067,0.996968745769541,0,0.0,0.0
h9,hfl,9,0,ResNet10,bank_b,ua,3,0.00025710842056833437,0.013058855377555018,0.001165608510632022,0.036757353585843054,0.9996571942973067,0.996968745769541,0,0.0,0.0
h9,hfl,9,0,ResNet10,bank_b,ua,4,0.11643353226624971,0.11713166081076062,0.5278548086153334,0.32969580779018204,0.9996571942973067,0.996968745769541,36,0.5625,0.12186528237400829
h9,hfl,9,0,ResNet10,bank_b,ua,5,0.005368600691434539,0.06963730592357796,0.02433870754714502,0.1960112890903094,0.9996571942973067,0.996968745769541,3,0.046875,0.25664618216661855
h9,hfl,9,0,ResNet10,bank_b,ua,6,0.009522055099395564,0.01576230252241893,0.04316851403788473,0.04436686910090084,0.9996571942973067,0.996968745769541,5,0.078125,0.05732998115008625
h9,hfl,9,0,ResNet10,bank_b,ua,7,0.002434002140879452,0.017512863870365613,0.011034619574241471,0.04929425366714554,0.9996571942973067,0.996968745769541,3,0.046875,0.05313522459282074
h9,hfl,9,0,ResNet10,bank_b,ua,8,0.0037801059872262927,0.012734681716399491,0.01713722055490192,0.035844887252324174,0.9996571942973067,0.996968745769541,1,0.015625,0.0034436150387338327
h9,hfl,9,0,ResNet10,bank_b,ua,9,0.003796269686850282,0.014037440159330904,0.017210499157770606,0.03951182063502144,0.9996571942973067,0.996968745769541,0,0.0,0.0
h9,hfl,9,0,ResNet10,bank_b,ub,0,0.07271048994126086,0.07301442417300111,0.33091238542807466,0.20517825588684002,0.9996571942973067,0.9968509862281971,14,0.21875,0.06884097045336197
h9,hfl,9,0,ResNet10,bank_b,ub,1,0.0035920054333521438,0.013428749928463667,0.016347559855275414,0.037736207883175214,0.9996571942973067,0.9968509862281971,3,0.046875,0.0009011148144293472
h9,hfl,9,0,ResNet10,bank_b,ub,2,0.004340740831996477,0.011477229582420805,0.01975512617782384,0.03225222926574446,0.9996571942973067,0.9968509862281971,0,0.0,0.0
h9,hfl,9,0,ResNet10,bank_b,ub,3,0.00024064694407037438,0.0130603639472396,0.0010952072303822401,0.03670100430556943,0.9996571942973067,0.9968509862281971,0,0.0,0.0
h9,hfl,9,0,ResNet10,bank_b,ub,4,0.11356835527673864,0.11410915086543524,0.5168604335375623,0.32065878517132423,0.9996571942973067,0.9968509862281971,33,0.515625,0.12043985533293068
h9,hfl,9,0,ResNet10,bank_b,ub,5,0.005032437380258821,0.0698082712055343,0.022903103243619532,0.19616862687966496,0.9996571942973067,0.9968509862281971,3,0.046875,0.24368889614369668
h9,hfl,9,0,ResNet10,bank_b,ub,6,0.010684770125093841,0.01711866695681491,0.048627409507235646,0.04810526507727704,0.9996571942973067,0.9968509862281971,7,0.109375,0.06392229535018336
h9,hfl,9,0,ResNet10,bank_b,ub,7,0.002273368373660679,0.01797720393678685,0.010346316633164368,0.050517844812859404,0.9996571942973067,0.9968509862281971,3,0.046875,0.05639863303462913
h9,hfl,9,0,ResNet10,bank_b,ub,8,0.0036265394247128988,0.012341701904017333,0.01650472734883476,0.034681487939172584,0.9996571942973067,0.9968509862281971,0,0.0,0.0
h9,hfl,9,0,ResNet10,bank_b,ub,9,0.0036579612403703173,0.01352272677931027,0.016647731033476103,0.03800029277556245,0.9996571942973067,0.9968509862281971,1,0.015625,0.0002813922668803148
h9,hfl,9,1,ResNet12,bank_a,ua,0,0.004061818065107777,0.028256817251428486,0.018980606772994107,0.07160152634131423,0.9999328134303493,0.9991773514030092,5,0.078125,0.0476248719764479
h9,hfl,9,1,ResNet12,bank_a,ua,1,0.005415670776816756,0.008412323172217743,0.025307070818797704,0.021316455206105936,0.9999328134303493,0.9991773514030092,3,0.046875,0.08200852546419103
h9,hfl,9,1,ResNet12,bank_a,ua,2,0.0010605917452213,0.12610492136137036,0.004956074974321849,0.3195442985769763,0.9999328134303493,0.9991773514030092,2,0.03125,0.03774449621580701
h9,hfl,9,1,ResNet12,bank_a,ua,3,0.16176441061237246,0.1634194107527604,0.7559143758983519,0.41409756589285684,0.9999328134303493,0.9991773514030092,44,0.6875,0.27853343535160224
h9,hfl,9,1,ResNet12,bank_a,ua,4,0.002546764324045641,0.01628096807410095,0.011900860994599426,0.041255253698500055,0.9999328134303493,0.9991773514030092,2,0.03125,0.01672090351481769
h9,hfl,9,1,ResNet12,bank_a,ua,5,0.012742513443350348,0.013898323916139167,0.05954492128672103,0.035217738683264055,0.9999328134303493,0.9991773514030092,5,0.078125,0.03398116153477397
h9,hfl,9,1,ResNet12,bank_a,ua,6,0.0006458080437673669,0.000813551252348638,0.0030178182117223183,0.0020615029253553087,0.9999328134303493,0.9991773514030092,0,0.0,0.0
h9,hfl,9,1,ResNet12,bank_a,ua,7,0.019988421132769024,0.02045902024435846,0.09340456796752845,0.0518422532838463,0.9999328134303493,0.9991773514030092,0,0.0,0.0
h9,hfl,9,1,ResNet12,bank_a,ua,8,0.0034603616687200345,0.014013839553701285,0.016170040871728193,0.035510450204598594,0.9999328134303493,0.9991773514030092,3,0.046875,0.028526254778883254
h9,hfl,9,1,ResNet12,bank_a,ua,9,0.002311965619027417,0.002980697273735367,0.010803662198562042,0.007552955184648656,0.9999328134303493,0.9991773514030092,0,0.0,0.0
h9,hfl,9,1,ResNet12,bank_a,ub,0,0.003620255773829142,0.028576805729160375,0.017068609546734947,0.07407362286078531,0.9999328134303493,0.9991845284678046,5,0.078125,0.038944936981030076
h9,hfl,9,1,ResNet12,bank_a,ub,1,0.00497335906189405,0.008192644492499158,0.02344815650232338,0.02123606340475699,0.9999328134303493,0.9991845284678046,6,0.09375,0.04298313472540576
h9,hfl,9,1,ResNet12,bank_a,ub,2,0.0007913267612716724,0.11932573452463216,0.0037309097356241026,0.30930292001615856,0.9999328134303493,0.9991845284678046,2,0.03125,0.026003290025310856
h9,hfl,9,1,ResNet12,bank_a,ub,3,0.16311621220980305,0.16453738714024532,0.7690525506728705,0.42649554596960393,0.9999328134303493,0.9991845284678046,43,0.671875,0.29238936927011194
h9,hfl,9,1,ResNet12,bank_a,ub,4,0.002258277829525627,0.015383220375615488,0.010647220784472715,0.039874675822320106,0.9999328134303493,0.9991845284678046,0,0.0,0.0
h9,hfl,9,1,ResNet12,bank_a,ub,5,0.012586511002480136,0.013461583510593182,0.05934228277738147,0.03489362210469642,0.9999328134303493,0.9991845284678046,4,0.0625,0.03326394085289043
h9,hfl,9,1,ResNet12,bank_a,ub,6,0.0006930190879460325,0.0008177344474984608,0.0032674133982731855,0.0021196404398152913,0.9999328134303493,0.9991845284678046,0,0.0,0.0
h9,hfl,9,1,ResNet12,bank_a,ub,7,0.018429225566622534,0.01897684838855381,0.08688923520800686,0.04918967934843911,0.9999328134303493,0.9991845284678046,0,0.0,0.0
h9,hfl,9,1,ResNet12,bank_a,ub,8,0.0034865455340160507,0.01372161006168161,0.01643819887457517,0.03556763405906473,0.9999328134303493,0.9991845284678046,4,0.0625,0.019073740370873202
h9,hfl,9,1,ResNet12,bank_a,ub,9,0.0021454832973979996,0.002795658660736928,0.010115422495022909,0.007246595971767479,0.9999328134303493,0.9991845284678046,0,0.0,0.0
h9,hfl,9,1,ResNet12,bank_b,ua,0,0.003951397793255062,0.0333474087989247,0.017276913153151087,0.07990847902965108,0.9999540428182991,0.9991773514030092,4,0.0625,0.03872848565642052
h9,hfl,9,1,ResNet12,bank_b,ua,1,0.010146084284983745,0.011311414208837077,0.0443622804404649,0.027104891733947877,0.9999540428182991,0.9991773514030092,4,0.0625,0.12464497821569248
h9,hfl,9,1,ResNet12,bank_b,ua,2,0.005043301504138444,0.1268044453207949,0.0220511035970333,0.30385420411165537,0.9999540428182991,0.9991773514030092,3,0.046875,0.22231729302837797
h9,hfl,9,1,ResNet12,bank_b,ua,3,0.1695596078500634,0.17071638957135118,0.7413747672047668,0.409077872236956,0.9999540428182991,0.9991773514030092,47,0.734375,0.27626010661205713
h9,hfl,9,1,ResNet12,bank_b,ua,4,0.002373584344348651,0.020466293022992403,0.010378152928310763,0.04904220165061874,0.9999540428182991,0.9991773514030092,0,0.0,0.0
h9,hfl,9,1,ResNet12,bank_b,ua,5,0.01015393449240686,0.013013824440793494,0.04439660433266196,0.031184279525077827,0.9999540428182991,0.9991773514030092,3,0.046875,0.026148568327872292
h9,hfl,9,1,ResNet12,bank_b,ua,6,0.0008953085744838134,0.0010212246929179399,0.003914606753344887,0.002447102035742772,0.9999540428182991,0.9991773514030092,0,0.0,0.0
h9,hfl,9,1,ResNet12,bank_b,ua,7,0.020977708117253874,0.021333558899766774,0.09172198301892229,0.051120381024171484,0.9999540428182991,0.9991773514030092,0,0.0,0.0
h9,hfl,9,1,ResNet12,bank_b,ua,8,0.002300922055748838,0.015841479711485612,0.010060447621142986,0.03796002732796167,0.9999540428182991,0.9991773514030092,1,0.015625,0.006793265587096878
h9,hfl,9,1,ResNet12,bank_b,ua,9,0.0033078607683144335,0.0034639904928811375,0.01446314094582861,0.008300561321820863,0.9999540428182991,0.9991773514030092,2,0.03125,0.011483702887817165
h9,hfl,9,1,ResNet12,bank_b,ub,0,0.003243388680344908,0.034058076310374566,0.014387714163074201,0.08341651946656546,0.9999540428182991,0.9991845284678046,4,0.0625,0.02283801532456629
h9,hfl,9,1,ResNet12,bank_b,ub,1,0.009717703074520778,0.010968254818287443,0.043107856608466694,0.026863925995879674,0.9999540428182991,0.9991845284678046,4,0.0625,0.1178594211699869
h9,hfl,9,1,ResNet12,bank_b,ub,2,0.004308037803706957,0.12044674571322221,0.019110511453367434,0.2950033999838954,0.9999540428182991,0.9991845284678046,3,0.046875,0.19349180611163672
h9,hfl,9,1,ResNet12,bank_b,ub,3,0.16971151510551133,0.17074774288174263,0.7528424774734939,0.4182027865627962,0.9999540428182991,0.9991845284678046,48,0.75,0.27704074246906396
h9,hfl,9,1,ResNet12,bank_b,ub,4,0.0022451808472734275,0.019276670711334442,0.009959651296416211,0.047213258992927463,0.9999540428182991,0.9991845284678046,0,0.0,0.0
h9,hfl,9,1,ResNet12,bank_b,ub,5,0.009616365035542068,0.011569635131675825,0.042658319756004995,0.028336852774286422,0.9999540428182991,0.9991845284678046,2,0.03125,0.024913222053433465
h9,hfl,9,1,ResNet12,bank_b,ub,6,0.0009997515877294548,0.001100424580720663,0.004434910982300574,0.0026952076688844203,0.9999540428182991,0.9991845284678046,0,0.0,0.0
h9,hfl,9,1,ResNet12,bank_b,ub,7,0.01993333368897329,0.020346590229550553,0.08842452622842192,0.04983375233804767,0.9999540428182991,0.9991845284678046,0,0.0,0.0
h9,hfl,9,1,ResNet12,bank_b,ub,8,0.0024880112537231836,0.016441077926879603,0.011036850122222894,0.04026820201002095,0.9999540428182991,0.9991845284678046,1,0.015625,0.0007716647369347684
h9,hfl,9,1,ResNet12,bank_b,ub,9,0.0031643690165534333,0.0033341292749266014,0.014037181911795251,0.00816609420424726,0.9999540428182991,0.9991845284678046,2,0.03125,0.03887138604466827
h9,hfl,9,2,ShuffleNet,bank_a,ua,0,0.012698003613956892,0.022148982469319324,0.0868690601426244,0.08381496218687816,0.9987084014621203,0.9774588225718158,0,0.0,0.0
h9,hfl,9,2,ShuffleNet,bank_a,ua,1,0.0029199580942022036,0.010718224513496596,0.01997589723634924,0.04055931614707695,0.9987084014621203,0.9774588225718158,2,0.03125,0.018128056772353192
h9,hfl,9,2,ShuffleNet,bank_a,ua,2,0.030455867319085988,0.0306000241495629,0.20835342706388138,0.11579492965719032,0.9987084014621203,0.9774588225718158,4,0.0625,0.07450897952076657
h9,hfl,9,2,ShuffleNet,bank_a,ua,3,0.007826908376163726,0.04021099640065622,0.053545123716333944,0.15216424264573764,0.9987084014621203,0.9774588225718158,9,0.140625,0.06197096141406829
h9,hfl,9,2,ShuffleNet,bank_a,ua,4,0.001595702317938797,0.001628552501108591,0.010916453077268837,0.00616267887199051,0.9987084014621203,0.9774588225718158,0,0.0,0.0
h9,hfl,9,2,ShuffleNet,bank_a,ua,5,0.00033813330725828333,0.007760789810466307,0.002313223676528088,0.02936795427986687,0.9987084014621203,0.9774588225718158,0,0.0,0.0
h9,hfl,9,2,ShuffleNet,bank_a,ua,6,0.054698678915920076,0.054944416395091664,0.3742023528207584,0.20791764086290418,0.9987084014621203,0.9774588225718158,27,0.421875,0.10422757319861707
h9,hfl,9,2,ShuffleNet,bank_a,ua,7,0.003395291153689997,0.03607081209871046,0.023227726215751747,0.13649718474838426,0.9987084014621203,0.9774588225718158,0,0.0,0.0
h9,hfl,9,2,ShuffleNet,bank_a,ua,8,0.02893512439528523,0.0367359598673032,0.1979497831112276,0.1390142003788093,0.9987084014621203,0.9774588225718158,18,0.28125,0.08038630780930932
h9,hfl,9,2,ShuffleNet,bank_a,ua,9,0.0033103971622235875,0.023441725738082262,0.022646952932435214,0.08870689021737772,0.9987084014621203,0.9774588225718158,4,0.0625,0.0390955013103402
h9,hfl,9,2,ShuffleNet,bank_a,ub,0,0.01176482407565571,0.02133100288369027,0.0844754957833126,0.0847249152837369,0.9987084014621203,0.9753997934061708,0,0.0,0.0
h9,hfl,9,2,ShuffleNet,bank_a,ub,1,0.0020169311381816116,0.009891254864299114,0.014482261422952598,0.03928721659253803,0.9987084014621203,0.9753997934061708,2,0.03125,0.016616085819873592
h9,hfl,9,2,ShuffleNet,bank_a,ub,2,0.02785778827546795,0.02797935315011821,0.20002853088693956,0.11113159274616427,0.9987084014621203,0.9753997934061708,4,0.0625,0.0764345925209363
h9,hfl,9,2,ShuffleNet,bank_a,ub,3,0.008195447516244223,0.04271737924816027,0.0588461406348962,0.16966976928735536,0.9987084014621203,0.9753997934061708,10,0.15625,0.058759392776163
h9,hfl,9,2,ShuffleNet,bank_a,ub,4,0.0018468036813239642,0.0018989942589645488,0.013260687587935189,0.007542642443599903,0.9987084014621203,0.9753997934061708,0,0.0,0.0
h9,hfl,9,2,ShuffleNet,bank_a,ub,5,0.00028605103537661977,0.006676587086925543,0.0020539451229680252,0.026518831693411536,0.9987084014621203,0.9753997934061708,0,0.0,0.0
h9,hfl,9,2,ShuffleNet,bank_a,ub,6,0.051118532459545896,0.05134640977836481,0.3670486991956844,0.2039435390036098,0.9987084014621203,0.9753997934061708,25,0.390625,0.10996686069491524
h9,hfl,9,2,ShuffleNet,bank_a,ub,7,0.002875589282622832,0.026840812375699335,0.020647723141172858,0.1066094063686323,0.9987084014621203,0.9753997934061708,0,0.0,0.0
h9,hfl,9,2,ShuffleNet,bank_a,ub,8,0.0303759179769609,0.03769038710389872,0.21810957091034902,0.1497029873279275,0.9987084014621203,0.9753997934061708,19,0.296875,0.08676217703591377
h9,hfl,9,2,ShuffleNet,bank_a,ub,9,0.0029311885839339333,0.02539558805991268,0.021046945306609215,0.10086909924905266,0.9987084014621203,0.9753997934061708,4,0.0625,0.04749376619436463
h9,hfl,9,2,ShuffleNet,bank_b,ua,0,0.013394954399989336,0.02801637969659898,0.08190990300652243,0.09639905549159267,0.9991707852987688,0.9774588225718158,3,0.046875,0.07661357276045909
h9,hfl,9,2,ShuffleNet,bank_b,ua,1,0.006892624566423073,0.011809704415378224,0.042148274106594726,0.040634955822488106,0.9991707852987688,0.9774588225718158,3,0.046875,0.03682222938866174
h9,hfl,9,2,ShuffleNet,bank_b,ua,2,0.029656427853215636,0.029853183007534083,0.18134851798963622,0.10271914774532054,0.9991707852987688,0.9774588225718158,1,0.015625,0.03670511570735169
h9,hfl,9,2,ShuffleNet,bank_b,ua,3,0.007820790288644002,0.04297768234613179,0.047823990649620486,0.14787806384162253,0.9991707852987688,0.9774588225718158,7,0.109375,0.0957116992136497
h9,hfl,9,2,ShuffleNet,bank_b,ua,4,0.0015217278234166338,0.001550141149364807,0.009305338017312115,0.005333742057170914,0.9991707852987688,0.9774588225718158,0,0.0,0.0
h9,hfl,9,2,ShuffleNet,bank_b,ua,5,0.00024912734272670284,0.008512454274173077,0.001523409178536147,0.029289742673114565,0.9991707852987688,0.9774588225718158,0,0.0,0.0
h9,hfl,9,2,ShuffleNet,bank_b,ua,6,0.07385614987556866,0.0740688572364056,0.45162901582911164,0.25485690714699627,0.9991707852987688,0.9774588225718158,32,0.5,0.1241593501671467
h9,hfl,9,2,ShuffleNet,bank_b,ua,7,0.0024224738972373288,0.04344145998332416,0.014813383908100497,0.14947383483943255,0.9991707852987688,0.9774588225718158,0,0.0,0.0
h9,hfl,9,2,ShuffleNet,bank_b,ua,8,0.021231282021860184,0.030218672876045845,0.12982890416678652,0.10397672914940742,0.9991707852987688,0.9774588225718158,12,0.1875,0.05189430144809884
h9,hfl,9,2,ShuffleNet,bank_b,ua,9,0.006487225004056685,0.02018065794262354,0.03966926314166423,0.06943782122941373,0.9991707852987688,0.9774588225718158,6,0.09375,0.01849150327717572
h9,hfl,9,2,ShuffleNet,bank_b,ub,0,0.01207482438418905,0.02732337109610968,0.07773189360433531,0.09896707474389517,0.9991707852987688,0.9753997934061708,3,0.046875,0.06749363728537136
h9,hfl,9,2,ShuffleNet,bank_b,ub,1,0.00575670335363781,0.01052875252910251,0.03705887873471938,0.03813584476243578,0.9991707852987688,0.9753997934061708,4,0.0625,0.030434346704632635
h9,hfl,9,2,ShuffleNet,bank_b,ub,2,0.027168340913910228,0.02734329387748814,0.17489667080306878,0.09903923638847603,0.9991707852987688,0.9753997934061708,1,0.015625,0.030151063978949955
h9,hfl,9,2,ShuffleNet,bank_b,ub,3,0.007365610202050447,0.04510859416993238,0.04741624477010929,0.16338634040085037,0.9991707852987688,0.9753997934061708,6,0.09375,0.10692969524225478
h9,hfl,9,2,ShuffleNet,bank_b,ub,4,0.0018053026941435187,0.0018358465198899548,0.011621667734442044,0.006649558691465341,0.9991707852987688,0.9753997934061708,0,0.0,0.0
h9,hfl,9,2,ShuffleNet,bank_b,ub,5,0.00022250300403071137,0.0073478856218670684,0.0014323669881780917,0.02661453240857421,0.9991707852987688,0.9753997934061708,0,0.0,0.0
h9,hfl,9,2,ShuffleNet,bank_b,ub,6,0.06982199149074866,0.07000901439749808,0.4494802939667091,0.2535773252960768,0.9991707852987688,0.9753997934061708,33,0.515625,0.11527374411777216
h9,hfl,9,2,ShuffleNet,bank_b,ub,7,0.0022500672484538444,0.03350451519177459,0.014484847348043667,0.12135559143046003,0.9991707852987688,0.9753997934061708,0,0.0,0.0
h9,hfl,9,2,ShuffleNet,bank_b,ub,8,0.023039744637658913,0.031603844537605966,0.14831875991427407,0.11447123539573134,0.9991707852987688,0.9753997934061708,13,0.203125,0.06336690660981248
h9,hfl,9,2,ShuffleNet,bank_b,ub,9,0.005834294970731821,0.021480349540897115,0.037558376129682526,0.07780326047841289,0.9991707852987688,0.9753997934061708,4,0.0625,0.02843895534335715
h9,hfl,9,3,Mobilenetv2,bank_a,ua,0,0.004402025605212368,0.026116084054310956,0.025244487335532736,0.0891617931673135,0.9999671494011281,0.9949866280607053,5,0.078125,0.04509579495490479
h9,hfl,9,3,Mobilenetv2,bank_a,ua,1,0.017396942573889393,0.020408418121771993,0.09976700180106149,0.06967549773776742,0.9999671494011281,0.9949866280607053,2,0.03125,0.027483364881499835
h9,hfl,9,3,Mobilenetv2,bank_a,ua,2,0.001593670837792586,0.02532375612723294,0.009139293336691504,0.0864567406560755,0.9999671494011281,0.9949866280607053,0,0.0,0.0
h9,hfl,9,3,Mobilenetv2,bank_a,ua,3,0.0017036136030340323,0.0023123372195056552,0.009769786885271681,0.007894450502988459,0.9999671494011281,0.9949866280607053,0,0.0,0.0
h9,hfl,9,3,Mobilenetv2,bank_a,ua,4,0.006788366051199731,0.015091352146822924,0.03892953748509707,0.051522732731747574,0.9999671494011281,0.9949866280607053,6,0.09375,0.11510437926847013
h9,hfl,9,3,Mobilenetv2,bank_a,ua,5,0.11130768647849293,0.12145142580123908,0.6383210216511688,0.41464206060318204,0.9999671494011281,0.9949866280607053,35,0.546875,0.2549038749325169
h9,hfl,9,3,Mobilenetv2,bank_a,ua,6,0.0066896441560246435,0.0335980791033413,0.038363392747198154,0.11470574890176397,0.9999671494011281,0.9949866280607053,8,0.125,0.06639526691511517
h9,hfl,9,3,Mobilenetv2,bank_a,ua,7,0.001390797002418168,0.0019318250842173272,0.007975863945968237,0.006595360477329333,0.9999671494011281,0.9949866280607053,0,0.0,0.0
h9,hfl,9,3,Mobilenetv2,bank_a,ua,8,0.003087509419963327,0.023568868679915988,0.017706074303227966,0.08046545531313525,0.9999671494011281,0.9949866280607053,2,0.03125,0.024957117673926305
h9,hfl,9,3,Mobilenetv2,bank_a,ua,9,0.020015462292242398,0.023104525078787533,0.11478354050304757,0.07888015990528306,0.9999671494011281,0.9949866280607053,6,0.09375,0.019984130584525726
h9,hfl,9,3,Mobilenetv2,bank_a,ub,0,0.004275186561253978,0.027653809902028495,0.025084209961811283,0.0963003295671161,0.9999671494011281,0.9938778698062615,6,0.09375,0.045343579059866634
h9,hfl,9,3,Mobilenetv2,bank_a,ub,1,0.016394746213164946,0.01969970780128566,0.0961944585082655,0.06860133776722532,0.9999671494011281,0.9938778698062615,2,0.03125,0.02847226999388555
h9,hfl,9,3,Mobilenetv2,bank_a,ub,2,0.001495887351924341,0.023863751878011052,0.008776962566958,0.0831020094049239,0.9999671494011281,0.9938778698062615,0,0.0,0.0
h9,hfl,9,3,Mobilenetv2,bank_a,ub,3,0.0018507647458135632,0.0023060871755613923,0.01085916855527553,0.008030609735289022,0.9999671494011281,0.9938778698062615,0,0.0,0.0
h9,hfl,9,3,Mobilenetv2,bank_a,ub,4,0.0067600954015976265,0.013816356245285799,0.03966415265999804,0.04811343046587253,0.9999671494011281,0.9938778698062615,6,0.09375,0.10492234123946
h9,hfl,9,3,Mobilenetv2,bank_a,ub,5,0.1081788537919328,0.11750641364651698,0.6347281090696992,0.40919881927659435,0.9999671494011281,0.9938778698062615,39,0.609375,0.22199977664970566
h9,hfl,9,3,Mobilenetv2,bank_a,ub,6,0.006791548251987801,0.03243296972630608,0.03984869896968076,0.11294305141131637,0.9999671494011281,0.9938778698062615,7,0.109375,0.07077294763038636
h9,hfl,9,3,Mobilenetv2,bank_a,ub,7,0.0016080790164638816,0.0021062352613894337,0.009435235423347564,0.007334654810178798,0.9999671494011281,0.9938778698062615,0,0.0,0.0
h9,hfl,9,3,Mobilenetv2,bank_a,ub,8,0.003040102530212315,0.0247583122676566,0.017837483599993268,0.0862171845162649,0.9999671494011281,0.9938778698062615,2,0.03125,0.041696603762105496
h9,hfl,9,3,Mobilenetv2,bank_a,ub,9,0.02003811106503758,0.02301850835691205,0.11757152067910331,0.08015857304173646,0.9999671494011281,0.9938778698062615,2,0.03125,0.03866816685452678
h9,hfl,9,3,Mobilenetv2,bank_b,ua,0,0.006527329263572098,0.035588727517463614,0.03446526054393621,0.1113811277406408,0.9998741060126531,0.9949866280607053,5,0.078125,0.04863040205075675
h9,hfl,9,3,Mobilenetv2,bank_b,ua,1,0.026205982373534484,0.027717120211892946,0.13837144930840972,0.08674556024540787,0.9998741060126531,0.9949866280607053,3,0.046875,0.037095526415946704
h9,hfl,9,3,Mobilenetv2,bank_b,ua,2,0.0010273427591680942,0.025256984100662405,0.0054245211836115885,0.07904613535504414,0.9998741060126531,0.9949866280607053,0,0.0,0.0
h9,hfl,9,3,Mobilenetv2,bank_b,ua,3,0.0008839456419806075,0.001486483031892861,0.004667363270236855,0.004652207819970787,0.9998741060126531,0.9949866280607053,0,0.0,0.0
h9,hfl,9,3,Mobilenetv2,bank_b,ua,4,0.011156139842971096,0.02040790159747381,0.058906062621723515,0.06387008621286769,0.9998741060126531,0.9949866280607053,8,0.125,0.14257485607724396
h9,hfl,9,3,Mobilenetv2,bank_b,ua,5,0.108860512871892,0.1212463767551492,0.5747995524011668,0.37946167563390293,0.9998741060126531,0.9949866280607053,38,0.59375,0.2127768120518018
h9,hfl,9,3,Mobilenetv2,bank_b,ua,6,0.003988975971648229,0.029676594535373,0.021062381046658037,0.09287807677949698,0.9998741060126531,0.9949866280607053,4,0.0625,0.08749265826257818
h9,hfl,9,3,Mobilenetv2,bank_b,ua,7,0.002154849708576333,0.0024168152393045403,0.01137792405441874,0.007563844668579798,0.9998741060126531,0.9949866280607053,0,0.0,0.0
h9,hfl,9,3,Mobilenetv2,bank_b,ua,8,0.00479479854413666,0.029457924621026452,0.025317242995785433,0.09219371115695775,0.9998741060126531,0.9949866280607053,2,0.03125,0.017924906798590462
h9,hfl,9,3,Mobilenetv2,bank_b,ua,9,0.023788775843427198,0.02626713361563796,0.12560824256877295,0.0822075743840015,0.9998741060126531,0.9949866280607053,4,0.0625,0.029685693531414873
h9,hfl,9,3,Mobilenetv2,bank_b,ub,0,0.0060152539630653435,0.03773889531865132,0.03293256536473579,0.12139511441385673,0.9998741060126531,0.9938778698062615,5,0.078125,0.04147663687892514
h9,hfl,9,3,Mobilenetv2,bank_b,ub,1,0.02516407215118235,0.026712951484226668,0.1377693204726189,0.08592784114051247,0.9998741060126531,0.9938778698062615,5,0.078125,0.01721941351429492
h9,hfl,9,3,Mobilenetv2,bank_b,ub,2,0.0009190951789214811,0.02407753693232769,0.005031900937532603,0.0774504745309603,0.9998741060126531,0.9938778698062615,0,0.0,0.0
h9,hfl,9,3,Mobilenetv2,bank_b,ub,3,0.001011507804225329,0.0015338934641356279,0.0055378454649013045,0.004934091764084686,0.9998741060126531,0.9938778698062615,0,0.0,0.0
h9,hfl,9,3,Mobilenetv2,bank_b,ub,4,0.011149693037960906,0.019245493261629065,0.06104280833760008,0.06190718717969251,0.9998741060126531,0.9938778698062615,8,0.125,0.1422560453799816
h9,hfl,9,3,Mobilenetv2,bank_b,ub,5,0.10311869540070395,0.11377822688762479,0.5645585701720558,0.3659916580547797,0.9998741060126531,0.9938778698062615,37,0.578125,0.2062840322914898
h9,hfl,9,3,Mobilenetv2,bank_b,ub,6,0.003938757421834308,0.028329289768819398,0.021564074775039965,0.09112713405390778,0.9998741060126531,0.9938778698062615,4,0.0625,0.07903443896226309
h9,hfl,9,3,Mobilenetv2,bank_b,ub,7,0.0024309386783071744,0.002662544855872551,0.013309005307602801,0.008564636952977588,0.9998741060126531,0.9938778698062615,0,0.0,0.0
h9,hfl,9,3,Mobilenetv2,bank_b,ub,8,0.004788672666684268,0.030096546534252436,0.026217226500198913,0.09681188808358861,0.9998741060126531,0.9938778698062615,2,0.03125,0.01761376094883106
h9,hfl,9,3,Mobilenetv2,bank_b,ub,9,0.024116984809950517,0.026701179422720923,0.1320366826622392,0.08588997382242299,0.9998741060126531,0.9938778698062615,3,0.046875,0.034215342796654745
l0,local,0,0,ResNet10,bank_a,ua,0,0.010428162868484062,0.012451897605744349,0.206256226563635,0.12363860855411352,0.9904336890347684,0.9628367188909404,11,0.171875,0.09627789170137313
l0,local,0,0,ResNet10,bank_a,ua,1,0.00918629916405018,0.014301151134294492,0.18169369097484198,0.14200039889105362,0.9904336890347684,0.9628367188909404,1,0.015625,1.8988412833903512e-05
l0,local,0,0,ResNet10,bank_a,ua,2,0.0013319626860705668,0.003070970110637244,0.026344582551808132,0.03049257899577498,0.9904336890347684,0.9628367188909404,0,0.0,0.0
l0,local,0,0,ResNet10,bank_a,ua,3,0.0010682142032574847,0.0015363956142240996,0.021127962183198745,0.015255330709086325,0.9904336890347684,0.9628367188909404,1,0.015625,0.013822255256836842
l0,local,0,0,ResNet10,bank_a,ua,4,0.0044195710971613724,0.006914450922738717,0.08741367669708468,0.06865564736163099,0.9904336890347684,0.9628367188909404,16,0.25,0.027331237577893262
l0,local,0,0,ResNet10,bank_a,ua,5,0.0007478802478935148,0.014180796517496298,0.01479215081288966,0.14080536197177093,0.9904336890347684,0.9628367188909404,2,0.03125,0.05692334263626381
l0,local,0,0,ResNet10,bank_a,ua,6,0.00309896054888498,0.015163061663991319,0.06129362545864269,0.15055856584391178,0.9904336890347684,0.9628367188909404,5,0.078125,0.077883175065213
l0,local,0,0,ResNet10,bank_a,ua,7,0.0010648364415696897,0.0045175593656918926,0.02106115421436069,0.044856195555051756,0.9904336890347684,0.9628367188909404,2,0.03125,0.027394218067768247
l0,local,0,0,ResNet10,bank_a,ua,8,0.009168697012268317,0.01377815075693677,0.18134554207731182,0.13680737201457543,0.9904336890347684,0.9628367188909404,6,0.09375,0.0015183537634053852
l0,local,0,0,ResNet10,bank_a,ua,9,0.010044679040941478,0.01479761532949231,0.1986713884464479,0.14692994009310134,0.9904336890347684,0.9628367188909404,20,0.3125,0.0057617083250642515
l0,local,0,0,ResNet10,bank_a,ub,0,0.01131020021514546,0.01340483539692361,0.22852493637404256,0.13343770309410133,0.9904336890347684,0.959694723094446,13,0.203125,0.08734980163783639
l0,local,0,0,ResNet10,bank_a,ub,1,0.007918958552661974,0.013840982441768828,0.16000419665183474,0.13777930507220412,0.9904336890347684,0.959694723094446,0,0.0,0.0
l0,local,0,0,ResNet10,bank_a,ub,2,0.0014889084911665804,0.003167278013977127,0.03008370424380136,0.03152849630235286,0.9904336890347684,0.959694723094446,0,0.0,0.0
l0,local,0,0,ResNet10,bank_a,ub,3,0.0008526969020217025,0.0014536655798262014,0.017228917399703756,0.01447043475695942,0.9904336890347684,0.959694723094446,0,0.0,0.0
l0,local,0,0,ResNet10,bank_a,ub,4,0.005913752095219503,0.007582757321167593,0.11948858513416838,0.07548214432299534,0.9904336890347684,0.959694723094446,17,0.265625,0.040528616597231136
l0,local,0,0,ResNet10,bank_a,ub,5,0.0007606596395758714,0.01328842411647842,0.015369285461773106,0.13227889334993884,0.9904336890347684,0.959694723094446,2,0.03125,0.037712022661829256
l0,local,0,0,ResNet10,bank_a,ub,6,0.0030521833816887865,0.01613001819706996,0.061669996979215234,0.16056538669449344,0.9904336890347684,0.959694723094446,8,0.125,0.0637500056162033
l0,local,0,0,ResNet10,bank_a,ub,7,0.0015477546820184347,0.0041118986064169975,0.03127270371016508,0.04093167048675899,0.9904336890347684,0.959694723094446,2,0.03125,0.010888719697244831
l0,local,0,0,ResNet10,bank_a,ub,8,0.007892050276491487,0.013233452431998362,0.15946050936223563,0.13173168071397345,0.9904336890347684,0.959694723094446,4,0.0625,0.001467740288924893
l0,local,0,0,ResNet10,bank_a,ub,9,0.008755028582761271,0.014244317829271992,0.17689716466285493,0.14179428519626766,0.9904336890347684,0.959694723094446,18,0.28125,0.0065889399046564715
l0,local,0,0,ResNet10,bank_b,ua,0,0.006567888962260423,0.009913081730322928,0.108098500710953,0.0823416473238116,0.9916084398355163,0.9628367188909404,5,0.078125,0.12895446759719084
l0,local,0,0,ResNet10,bank_b,ua,1,0.012164584850312382,0.017923993894149032,0.2002124870937794,0.1488831852713973,0.9916084398355163,0.9628367188909404,1,0.015625,0.007062707430764481
l0,local,0,0,ResNet10,bank_b,ua,2,0.0012465535138187936,0.004465188520316215,0.02051657186564337,0.03708947312010437,0.9916084398355163,0.9628367188909404,0,0.0,0.0
l0,local,0,0,ResNet10,bank_b,ua,3,0.0012704504295471665,0.001935164874124424,0.02090988252858187,0.01607418035212656,0.9916084398355163,0.9628367188909404,0,0.0,0.0
l0,local,0,0,ResNet10,bank_b,ua,4,0.006545783107378856,0.009479248608365185,0.10773466846845284,0.07873807228050679,0.9916084398355163,0.9628367188909404,14,0.21875,0.04999900643096866
l0,local,0,0,ResNet10,bank_b,ua,5,0.001279501325263188,0.019303893584866057,0.021058847936282123,0.16034513189569458,0.9916084398355163,0.9628367188909404,3,0.046875,0.01371246874612683
l0,local,0,0,ResNet10,bank_b,ua,6,0.005455430434605644,0.016235118212161594,0.08978894955477625,0.1348547721539518,0.9916084398355163,0.9628367188909404,10,0.15625,0.053671421081746926
l0,local,0,0,ResNet10,bank_b,ua,7,0.0010173949885083288,0.004975340034852203,0.01674493486728146,0.04132697637432824,0.9916084398355163,0.9628367188909404,0,0.0,0.0
l0,local,0,0,ResNet10,bank_b,ua,8,0.01217660309889606,0.017430844371784937,0.20041029108537126,0.14478690672219505,0.9916084398355163,0.9628367188909404,7,0.109375,0.0024390916285142263
l0,local,0,0,ResNet10,bank_b,ua,9,0.013034181690099062,0.018727771657409412,0.21452486587241984,0.1555596544975773,0.9916084398355163,0.9628367188909404,24,0.375,0.004629522005666253
l0,local,0,0,ResNet10,bank_b,ub,0,0.007547611559008641,0.011233697572292888,0.13128342989259578,0.09761801813690409,0.9916084398355163,0.959694723094446,9,0.140625,0.08501941057746953
l0,local,0,0,ResNet10,bank_b,ub,1,0.0103001595781408,0.016335164266457942,0.17916135022150106,0.14194848591663903,0.9916084398355163,0.959694723094446,1,0.015625,0.006716267191845343
l0,local,0,0,ResNet10,bank_b,ub,2,0.0013657284823538748,0.0047200875022575745,0.023755530880682527,0.04101637812821307,0.9916084398355163,0.959694723094446,0,0.0,0.0
l0,local,0,0,ResNet10,bank_b,ub,3,0.001167102132669522,0.0019569717870877345,0.02030061693211242,0.017005594656252454,0.9916084398355163,0.959694723094446,0,0.0,0.0
l0,local,0,0,ResNet10,bank_b,ub,4,0.00777462648935312,0.00969008559185502,0.13523213584539215,0.0842044166639235,0.9916084398355163,0.959694723094446,18,0.28125,0.05435924357982866
l0,local,0,0,ResNet10,bank_b,ub,5,0.0009732897397012457,0.017265855923827653,0.016929437121699788,0.15003596330369834,0.9916084398355163,0.959694723094446,1,0.015625,0.011529989280606709
l0,local,0,0,ResNet10,bank_b,ub,6,0.005706334240097452,0.016792119882662666,0.09925618525762489,0.14591931576525924,0.9916084398355163,0.959694723094446,8,0.125,0.08630578842363947
l0,local,0,0,ResNet10,bank_b,ub,7,0.0012191867992406523,0.004150070737014666,0.021206579516277035,0.036063075213501945,0.9916084398355163,0.959694723094446,0,0.0,0.0
l0,local,0,0,ResNet10,bank_b,ub,8,0.010304944568216196,0.015810069338020705,0.1792445805128573,0.13738554251194843,0.9916084398355163,0.959694723094446,7,0.109375,0.0020654498693504957
l0,local,0,0,ResNet10,bank_b,ub,9,0.011131985111930611,0.017123992961580414,0.19363015380186305,0.14880320969497007,0.9916084398355163,0.959694723094446,20,0.3125,0.005560356130461008
l0,local,0,1,ResNet12,bank_a,ua,0,0.0021649763809954013,0.006216015504684965,0.05939642896834143,0.07791267555126277,0.993780153854839,0.9418703175432059,0,0.0,0.0
l0,local,0,1,ResNet12,bank_a,ua,1,0.0012970142462423093,0.007748483081937808,0.03558376674411482,0.09712090452838494,0.993780153854839,0.9418703175432059,3,0.046875,0.05063967057181216
l0,local,0,1,ResNet12,bank_a,ua,2,0.0017370357138195534,0.00505689674149558,0.047655817078206965,0.06338406891350752,0.993780153854839,0.9418703175432059,2,0.03125,0.028982016262330025
l0,local,0,1,ResNet12,bank_a,ua,3,0.0067122198396539585,0.008005609961464826,0.18415068747428764,0.10034377987755326,0.993780153854839,0.9418703175432059,11,0.171875,0.03184601284932682
l0,local,0,1,ResNet12,bank_a,ua,4,0.0036195304429801458,0.004341672986679609,0.09930232252989936,0.054419323520975414,0.993780153854839,0.9418703175432059,8,0.125,0.022649464313751075
l0,local,0,1,ResNet12,bank_a,ua,5,0.005363660427081623,0.007153797162654294,0.14715277190275,0.0896670024187265,0.993780153854839,0.9418703175432059,12,0.1875,0.028178264304558043
l0,local,0,1,ResNet12,bank_a,ua,6,0.002665671305857471,0.004819334872501667,0.07313306406535136,0.06040642498576568,0.993780153854839,0.9418703175432059,3,0.046875,0.03401634176326077
l0,local,0,1,ResNet12,bank_a,ua,7,0.0016832660714033874,0.005398166084722423,0.046180639439106566,0.06766160129649232,0.993780153854839,0.9418703175432059,5,0.078125,0.018847534167164733
l0,local,0,1,ResNet12,bank_a,ua,8,0.003745146785280604,0.005574430469179472,0.10274862440099948,0.06987093133871865,0.993780153854839,0.9418703175432059,6,0.09375,0.02299911447151502
l0,local,0,1,ResNet12,bank_a,ua,9,0.007461083898298363,0.02546741888544843,0.20469587736950742,0.3192132875560787,0.993780153854839,0.9418703175432059,14,0.21875,0.06716131054913312
l0,local,0,1,ResNet12,bank_a,ub,0,0.0022347987741939543,0.006790980631095928,0.06081824437926368,0.08201459783007817,0.993780153854839,0.9339701599320305,1,0.015625,0.0006065176601043609
l0,local,0,1,ResNet12,bank_a,ub,1,0.0010213078160341788,0.008210090765836836,0.027794067662499974,0.09915317520201525,0.993780153854839,0.9339701599320305,2,0.03125,0.049324177934954146
l0,local,0,1,ResNet12,bank_a,ub,2,0.00213058286840394,0.005663709761289436,0.05798209264169641,0.0684005600268483,0.993780153854839,0.9339701599320305,3,0.046875,0.03387210052324709
l0,local,0,1,ResNet12,bank_a,ub,3,0.0066169936867221425,0.007959281398303038,0.18007614096721608,0.09612415324955811,0.993780153854839,0.9339701599320305,12,0.1875,0.02826342716871207
l0,local,0,1,ResNet12,bank_a,ub,4,0.003591769158950577,0.004139877630550334,0.09774709785302581,0.04999725626967798,0.993780153854839,0.9339701599320305,6,0.09375,0.023567280513184668
l0,local,0,1,ResNet12,bank_a,ub,5,0.006012172388686236,0.0076218325509056365,0.16361641764246238,0.09204878725885067,0.993780153854839,0.9339701599320305,16,0.25,0.025485837694863706
l0,local,0,1,ResNet12,bank_a,ub,6,0.0017173237495172074,0.004436626623800714,0.04673557936513633,0.053581090572851785,0.993780153854839,0.9339701599320305,4,0.0625,0.016290839394795288
l0,local,0,1,ResNet12,bank_a,ub,7,0.0021958798471156844,0.00493105860605655,0.05975909719994832,0.05955234014369567,0.993780153854839,0.9339701599320305,2,0.03125,0.01847972190542623
l0,local,0,1,ResNet12,bank_a,ub,8,0.004191179226767193,0.005980599096484105,0.1140595589161077,0.07222762901650574,0.993780153854839,0.9339701599320305,8,0.125,0.016283161574120533
l0,local,0,1,ResNet12,bank_a,ub,9,0.0070335249622659485,0.027068039278133386,0.19141170334542915,0.3269004104178412,0.993780153854839,0.9339701599320305,10,0.15625,0.10100490497974543
l0,local,0,1,ResNet12,bank_b,ua,0,0.0024333931049624895,0.006823663549773719,0.06578793341958544,0.08741892483298454,0.9968867678007901,0.9418703175432059,5,0.078125,0.051065250847335666
l0,local,0,1,ResNet12,bank_b,ua,1,0.0016740421676131622,0.005678255649650397,0.04525852170778255,0.07274494121793544,0.9968867678007901,0.9418703175432059,4,0.0625,0.0341232493728202
l0,local,0,1,ResNet12,bank_b,ua,2,0.0023452796247013523,0.005534584490104848,0.06340574380913325,0.07090434954670677,0.9968867678007901,0.9418703175432059,3,0.046875,0.008767930166013085
l0,local,0,1,ResNet12,bank_b,ua,3,0.004290642146065462,0.00593089372364628,0.11599953959636662,0.07598152353760863,0.9968867678007901,0.9418703175432059,5,0.078125,0.02264583990191615
l0,local,0,1,ResNet12,bank_b,ua,4,0.004462876681409588,0.00513658816324087,0.12065598171443832,0.06580556196315428,0.9968867678007901,0.9418703175432059,11,0.171875,0.0365895756309572
l0,local,0,1,ResNet12,bank_b,ua,5,0.005158109746782287,0.00761234013552566,0.13945193643402667,0.09752277281207637,0.9968867678007901,0.9418703175432059,16,0.25,0.021884533701205525
l0,local,0,1,ResNet12,bank_b,ua,6,0.002429405517664157,0.004187338291612483,0.06568012711112156,0.05364458676701437,0.9968867678007901,0.9418703175432059,3,0.046875,0.0062012581670273376
l0,local,0,1,ResNet12,bank_b,ua,7,0.0008766287794894405,0.0034156340979292934,0.023700073638382717,0.04375817451810934,0.9968867678007901,0.9418703175432059,0,0.0,0.0
l0,local,0,1,ResNet12,bank_b,ua,8,0.002100083594685344,0.004016811822855855,0.056776753176857875,0.0514599479076198,0.9968867678007901,0.9418703175432059,3,0.046875,0.00546397919291725
l0,local,0,1,ResNet12,bank_b,ua,9,0.011217979805266107,0.029720941940837776,0.3032833893652695,0.38075921688397923,0.9968867678007901,0.9418703175432059,14,0.21875,0.124472331237819
l0,local,0,1,ResNet12,bank_b,ub,0,0.002610763657597137,0.007473373164139958,0.07112111577619439,0.09502624539693172,0.9968867678007901,0.9339701599320305,5,0.078125,0.060378103182497755
l0,local,0,1,ResNet12,bank_b,ub,1,0.0015978976550682414,0.006125816916818424,0.04352912750027035,0.07789165197684242,0.9968867678007901,0.9339701599320305,3,0.046875,0.038034221252411245
l0,local,0,1,ResNet12,bank_b,ub,2,0.002494731781787788,0.006279466962255538,0.06796023353809824,0.07984535970724413,0.9968867678007901,0.9339701599320305,3,0.046875,0.02308703306525896
l0,local,0,1,ResNet12,bank_b,ub,3,0.004020539277427304,0.005771912118206842,0.10952551702662318,0.07339164327911187,0.9968867678007901,0.9339701599320305,6,0.09375,0.027166528691624673
l0,local,0,1,ResNet12,bank_b,ub,4,0.004572903652383957,0.005044880899070098,0.12457275063875864,0.06414721703094535,0.9968867678007901,0.9339701599320305,11,0.171875,0.041046689392935515
l0,local,0,1,ResNet12,bank_b,ub,5,0.005331299970066572,0.007400468196960327,0.14523260322908751,0.09409923624728703,0.9968867678007901,0.9339701599320305,14,0.21875,0.031179388029266585
l0,local,0,1,ResNet12,bank_b,ub,6,0.0015725195004774129,0.0038139837603454007,0.04283778852533545,0.048495980167237246,0.9968867678007901,0.9339701599320305,1,0.015625,0.020714151100373467
l0,local,0,1,ResNet12,bank_b,ub,7,0.0011507901319529324,0.00272975922256202,0.03134924832072102,0.03470973067455115,0.9968867678007901,0.9339701599320305,2,0.03125,0.005719621084777377
l0,local,0,1,ResNet12,bank_b,ub,8,0.002575774421533538,0.004293037782023436,0.07016795653416245,0.05458729984612054,0.9968867678007901,0.9339701599320305,4,0.0625,0.006356359121992332
l0,local,0,1,ResNet12,bank_b,ub,9,0.0107814793166255,0.029712659771160655,0.2937036588835073,0.3778056356610131,0.9968867678007901,0.9339701599320305,15,0.234375,0.11038598754003534
l0,local,0,2,ShuffleNet,bank_a,ua,0,0.005577195715210735,0.01199057084351842,0.1153103697057892,0.13218238936483437,0.9796008345681352,0.9484767316713743,2,0.03125,0.03053800483991275
l0,local,0,2,ShuffleNet,bank_a,ua,1,0.00031144650840709615,0.009734639800108176,0.006439259775312092,0.10731331853811382,0.9796008345681352,0.9484767316713743,0,0.0,0.0
l0,local,0,2,ShuffleNet,bank_a,ua,2,0.0013077658061363654,0.0029535788526871137,0.02703849143807136,0.03255984348206975,0.9796008345681352,0.9484767316713743,0,0.0,0.0
l0,local,0,2,ShuffleNet,bank_a,ua,3,0.0036305395399031603,0.00492726673411298,0.07506260815555778,0.05431750485048683,0.9796008345681352,0.9484767316713743,1,0.015625,0.029061466513352327
l0,local,0,2,ShuffleNet,bank_a,ua,4,0.016453730972986004,0.017556893315897867,0.34018634066581643,0.19354475600912244,0.9796008345681352,0.9484767316713743,29,0.453125,0.05548871113074289
l0,local,0,2,ShuffleNet,bank_a,ua,5,0.0017221941200940053,0.00643237764580673,0.035606934171517134,0.07090963871659942,0.9796008345681352,0.9484767316713743,1,0.015625,0.020081993196967338
l0,local,0,2,ShuffleNet,bank_a,ua,6,0.009079805159110261,0.011047750010459701,0.18772798073018232,0.12178886331148459,0.9796008345681352,0.9484767316713743,16,0.25,0.030548515714620555
l0,local,0,2,ShuffleNet,bank_a,ua,7,0.0008669481991548387,0.006361861459521295,0.01792444132589227,0.0701322780626533,0.9796008345681352,0.9484767316713743,1,0.015625,0.013258068554372102
l0,local,0,2,ShuffleNet,bank_a,ua,8,0.009222738154556084,0.01340097562855296,0.1906831677793051,0.14773049603051805,0.9796008345681352,0.9484767316713743,14,0.21875,0.04447195084265053
l0,local,0,2,ShuffleNet,bank_a,ua,9,0.00019445425825156878,0.006306402993078699,0.004020406231881028,0.06952091162309348,0.9796008345681352,0.9484767316713743,0,0.0,0.0
l0,local,0,2,ShuffleNet,bank_a,ub,0,0.004345018684311469,0.010245569823087278,0.09339784290087653,0.11586549315860946,0.9796008345681352,0.9734235774238889,2,0.03125,0.014769479702840461
l0,local,0,2,ShuffleNet,bank_a,ub,1,0.00023375163172995636,0.010165428186704767,0.005024580966007421,0.11495918434588989,0.9796008345681352,0.9734235774238889,0,0.0,0.0
l0,local,0,2,ShuffleNet,bank_a,ub,2,0.0015018674946739234,0.0026187360997689518,0.032283217752771556,0.02961486329127898,0.9796008345681352,0.9734235774238889,0,0.0,0.0
l0,local,0,2,ShuffleNet,bank_a,ub,3,0.0037032271621303555,0.004911124640781917,0.07960228800942853,0.055539114787480984,0.9796008345681352,0.9734235774238889,5,0.078125,0.02674589547965391
l0,local,0,2,ShuffleNet,bank_a,ub,4,0.019320431450620065,0.0202117987837879,0.41530008326951856,0.22857196565378562,0.9796008345681352,0.9734235774238889,36,0.5625,0.06539476457924825
l0,local,0,2,ShuffleNet,bank_a,ub,5,0.0018660101116165291,0.0057292935505283945,0.04011060294987548,0.06479165474882129,0.9796008345681352,0.9734235774238889,1,0.015625,0.020746013939497734
l0,local,0,2,ShuffleNet,bank_a,ub,6,0.007408456847201307,0.00934002242327691,0.1592476210174175,0.10562480397594486,0.9796008345681352,0.9734235774238889,8,0.125,0.01921331358091167
l0,local,0,2,ShuffleNet,bank_a,ub,7,0.0015543458174682252,0.004322912140858846,0.03341125942627253,0.04888711469744513,0.9796008345681352,0.9734235774238889,1,0.015625,0.044513189891557614
l0,local,0,2,ShuffleNet,bank_a,ub,8,0.006474071931647749,0.012479331168012957,0.13916265892808896,0.14112673917005522,0.9796008345681352,0.9734235774238889,11,0.171875,0.0332264062586886
l0,local,0,2,ShuffleNet,bank_a,ub,9,0.00011443595593995633,0.008402195082601567,0.0024598447582476505,0.09501906615937968,0.9796008345681352,0.9734235774238889,0,0.0,0.0
l0,local,0,2,ShuffleNet,bank_b,ua,0,0.0036006337106435703,0.012952216988128172,0.07269303278200842,0.14219728906177623,0.9903292345440036,0.9484767316713743,2,0.03125,0.015924757124536233
l0,local,0,2,ShuffleNet,bank_b,ua,1,0.000993873544288911,0.008261920958596314,0.020065268489432457,0.0907043762339601,0.9903292345440036,0.9484767316713743,2,0.03125,0.017458410730998398
l0,local,0,2,ShuffleNet,bank_b,ua,2,0.0017276965854901736,0.0030629570998600766,0.03488038901461966,0.033626999648927826,0.9903292345440036,0.9484767316713743,0,0.0,0.0
l0,local,0,2,ShuffleNet,bank_b,ua,3,0.004179088863013339,0.005915760874008049,0.08437143795547478,0.0649468087040779,0.9903292345440036,0.9484767316713743,6,0.09375,0.02635925766233138
l0,local,0,2,ShuffleNet,bank_b,ua,4,0.020705828231215504,0.022594350646525683,0.4180290391497093,0.24805447692792693,0.9903292345440036,0.9484767316713743,30,0.46875,0.07291564851109701
l0,local,0,2,ShuffleNet,bank_b,ua,5,0.0031230674274603026,0.006870469181091628,0.06305146847170312,0.07542817519419119,0.9903292345440036,0.9484767316713743,4,0.0625,0.06026583795248965
l0,local,0,2,ShuffleNet,bank_b,ua,6,0.010006022672483846,0.01143867711012212,0.20201114376012974,0.12558073085119179,0.9903292345440036,0.9484767316713743,13,0.203125,0.05083606993885408
l0,local,0,2,ShuffleNet,bank_b,ua,7,0.0006397818822369564,0.006659892894662399,0.012916527777126607,0.07311634108128387,0.9903292345440036,0.9484767316713743,1,0.015625,0.0010997150882514212
l0,local,0,2,ShuffleNet,bank_b,ua,8,0.0034716159005927587,0.007187208022387344,0.07008829799108456,0.0789055261846897,0.9903292345440036,0.9484767316713743,4,0.0625,0.03904955008954185
l0,local,0,2,ShuffleNet,bank_b,ua,9,0.001084424346859358,0.006142790367845253,0.02189339458852243,0.06743927610099595,0.9903292345440036,0.9484767316713743,2,0.03125,0.043325404429005863
l0,local,0,2,ShuffleNet,bank_b,ub,0,0.0026551536232121624,0.011659080877875275,0.05508765995275799,0.13017140173748964,0.9903292345440036,0.9734235774238889,1,0.015625,0.007662584287936952
l0,local,0,2,ShuffleNet,bank_b,ub,1,0.0006305940635949281,0.008200382551180095,0.013083217121546371,0.09155569831378468,0.9903292345440036,0.9734235774238889,2,0.03125,0.010448798082356544
l0,local,0,2,ShuffleNet,bank_b,ub,2,0.00246195948144529,0.0032090263209079138,0.05107937467183209,0.03582816336730031,0.9903292345440036,0.9734235774238889,0,0.0,0.0
l0,local,0,2,ShuffleNet,bank_b,ub,3,0.0037776685388298853,0.005439939509582974,0.078376979042566,0.06073588121970511,0.9903292345440036,0.9734235774238889,4,0.0625,0.04081723492463061
l0,local,0,2,ShuffleNet,bank_b,ub,4,0.022884370177917737,0.024651941551911964,0.4747922649647135,0.2752341990741764,0.9903292345440036,0.9734235774238889,34,0.53125,0.08091703792985816
l0,local,0,2,ShuffleNet,bank_b,ub,5,0.003685900866240278,0.005995399411809224,0.07647303408884369,0.06693748448836144,0.9903292345440036,0.9734235774238889,5,0.078125,0.0676659363974434
l0,local,0,2,ShuffleNet,bank_b,ub,6,0.007813753644891614,0.00920393728338765,0.16211544220317897,0.1027601944125848,0.9903292345440036,0.9734235774238889,11,0.171875,0.043671238774186924
l0,local,0,2,ShuffleNet,bank_b,ub,7,0.0009526904116341848,0.003764765176896111,0.019765894137931554,0.042032881101204206,0.9903292345440036,0.9734235774238889,1,0.015625,0.010575181955635365
l0,local,0,2,ShuffleNet,bank_b,ub,8,0.002490837936800425,0.008530109093000976,0.0516785289033074,0.09523703191018572,0.9903292345440036,0.9734235774238889,5,0.078125,0.021410872709934102
l0,local,0,2,ShuffleNet,bank_b,ub,9,0.0008457717526787631,0.008912563711036586,0.017547604892574946,0.09950706436404276,0.9903292345440036,0.9734235774238889,1,0.015625,0.07599947257136135
l0,local,0,3,Mobilenetv2,bank_a,ua,0,0.010509509440883615,0.015637331734894018,0.2389877534139227,0.17883522155653497,0.9938633951239954,0.9415882832637124,14,0.21875,0.07257523654072726
l0,local,0,3,Mobilenetv2,bank_a,ua,1,0.0003130741869984179,0.010381586272551221,0.007119351956769492,0.11872826596222125,0.9938633951239954,0.9415882832637124,0,0.0,0.0
l0,local,0,3,Mobilenetv2,bank_a,ua,2,0.0004058161171683572,0.007497503718166784,0.009228316762715866,0.08574466291888697,0.9938633951239954,0.9415882832637124,1,0.015625,0.011274711952807506
l0,local,0,3,Mobilenetv2,bank_a,ua,3,0.003790418062965642,0.003961372663908293,0.08619465089814397,0.04530395402670929,0.9938633951239954,0.9415882832637124,0,0.0,0.0
l0,local,0,3,Mobilenetv2,bank_a,ua,4,0.009103462022278023,0.00933271835687514,0.2070140332649313,0.10673296335794712,0.9938633951239954,0.9415882832637124,21,0.328125,0.02459397837074883
l0,local,0,3,Mobilenetv2,bank_a,ua,5,0.0012046618182277602,0.008240025401818807,0.027394182685807438,0.09423645883763236,0.9938633951239954,0.9415882832637124,4,0.0625,0.018090354102467163
l0,local,0,3,Mobilenetv2,bank_a,ua,6,0.0071530555722790915,0.009229949734080572,0.16266151059475056,0.10555765738259867,0.9938633951239954,0.9415882832637124,11,0.171875,0.03144049525059672
l0,local,0,3,Mobilenetv2,bank_a,ua,7,0.006440527123568574,0.006772165999063564,0.14645851138163823,0.0774493901768193,0.9938633951239954,0.9415882832637124,10,0.15625,0.029581168593449742
l0,local,0,3,Mobilenetv2,bank_a,ua,8,0.004321248709705493,0.012779204150248163,0.09826581601019989,0.14614845066093435,0.9938633951239954,0.9415882832637124,2,0.03125,0.031020938484528464
l0,local,0,3,Mobilenetv2,bank_a,ua,9,0.0007333231193357821,0.003608029920061679,0.016675873008380252,0.04126297510827928,0.9938633951239954,0.9415882832637124,1,0.015625,0.042191320888638556
l0,local,0,3,Mobilenetv2,bank_a,ub,0,0.008841401192959565,0.014530877134418273,0.20546498511215722,0.16548352824113205,0.9938633951239954,0.9445176055489282,13,0.203125,0.06730670320533765
l0,local,0,3,Mobilenetv2,bank_a,ub,1,0.00033950575070877746,0.010232296722218677,0.007889761191972385,0.11652954931345276,0.9938633951239954,0.9445176055489282,0,0.0,0.0
l0,local,0,3,Mobilenetv2,bank_a,ub,2,0.0004686014187505006,0.006625934798478351,0.010889810497885375,0.0754588355682073,0.9938633951239954,0.9445176055489282,1,0.015625,0.015459847989722678
l0,local,0,3,Mobilenetv2,bank_a,ub,3,0.004416237601836258,0.0045397945111924414,0.10262877719377633,0.051701023018245106,0.9938633951239954,0.9445176055489282,2,0.03125,0.00639015260918472
l0,local,0,3,Mobilenetv2,bank_a,ub,4,0.00909905046554326,0.009276653264928192,0.21145248673098674,0.10564629363727611,0.9938633951239954,0.9445176055489282,14,0.21875,0.020115680609285164
l0,local,0,3,Mobilenetv2,bank_a,ub,5,0.0010978482974766007,0.0072572679361432284,0.025512854713126067,0.08264871365676846,0.9938633951239954,0.9445176055489282,3,0.046875,0.028358748596933613
l0,local,0,3,Mobilenetv2,bank_a,ub,6,0.007714705349400496,0.009924949764046998,0.17928174337586603,0.11302935737308059,0.9938633951239954,0.9445176055489282,14,0.21875,0.024233629411916084
l0,local,0,3,Mobilenetv2,bank_a,ub,7,0.006868402735195257,0.007296201683882036,0.1596145492023311,0.08309210698284697,0.9938633951239954,0.9445176055489282,15,0.234375,0.017067053670533787
l0,local,0,3,Mobilenetv2,bank_a,ub,8,0.0037679143526324604,0.013161680481633976,0.08756241793257719,0.14989056087497005,0.9938633951239954,0.9445176055489282,2,0.03125,0.0056545182225472106
l0,local,0,3,Mobilenetv2,bank_a,ub,9,0.0004175149511640904,0.0049629448895113885,0.009702614026082596,0.056520031322632135,0.9938633951239954,0.9445176055489282,0,0.0,0.0
l0,local,0,3,Mobilenetv2,bank_b,ua,0,0.006990851017695007,0.015939782311797473,0.14495389529906255,0.17224504063071663,0.9944330559883648,0.9415882832637124,9,0.140625,0.068224265754586
l0,local,0,3,Mobilenetv2,bank_b,ua,1,0.0003739762978693751,0.007623539884758684,0.007754323613602352,0.0823798538470801,0.9944330559883648,0.9415882832637124,1,0.015625,0.015943072155367305
l0,local,0,3,Mobilenetv2,bank_b,ua,2,8.33608409665725e-05,0.006726281057794442,0.0017284703368624305,0.07268408886838654,0.9944330559883648,0.9415882832637124,0,0.0,0.0
l0,local,0,3,Mobilenetv2,bank_b,ua,3,0.004855102320421717,0.0049639281212975166,0.10066957393875171,0.053640130349084485,0.9944330559883648,0.9415882832637124,2,0.03125,0.016096584577942948
l0,local,0,3,Mobilenetv2,bank_b,ua,4,0.011382665319366925,0.011509985510307004,0.23601728498453994,0.12437672504563996,0.9944330559883648,0.9415882832637124,18,0.28125,0.0382703184267987
l0,local,0,3,Mobilenetv2,bank_b,ua,5,0.001571844096080155,0.008109110481002716,0.032591872427682834,0.08762692218484733,0.9944330559883648,0.9415882832637124,4,0.0625,0.03880470768120825
l0,local,0,3,Mobilenetv2,bank_b,ua,6,0.011277286112619342,0.012490667577197783,0.23383226824438577,0.1349739602621082,0.9944330559883648,0.9415882832637124,12,0.1875,0.06986521539135226
l0,local,0,3,Mobilenetv2,bank_b,ua,7,0.008415573030177712,0.00869081465324482,0.1744952207979115,0.09391280845499675,0.9944330559883648,0.9415882832637124,15,0.234375,0.029164850876984613
l0,local,0,3,Mobilenetv2,bank_b,ua,8,0.0016961227567262737,0.011142107087609078,0.035168765558091,0.12040143651124952,0.9944330559883648,0.9415882832637124,0,0.0,0.0
l0,local,0,3,Mobilenetv2,bank_b,ua,9,0.0015813186197756505,0.005345096860262265,0.032788324778375066,0.05775903383508438,0.9944330559883648,0.9415882832637124,3,0.046875,0.04684750154430537
l0,local,0,3,Mobilenetv2,bank_b,ub,0,0.005359005350261233,0.01581402049699848,0.11113560306070869,0.16724756675406394,0.9944330559883648,0.9445176055489282,8,0.125,0.06094519723830159
l0,local,0,3,Mobilenetv2,bank_b,ub,1,0.00044781907528507024,0.007412056627424611,0.009286917952315375,0.07838920126702671,0.9944330559883648,0.9445176055489282,1,0.015625,0.024775757100330406
l0,local,0,3,Mobilenetv2,bank_b,ub,2,0.00010693806303721401,0.005839690225903301,0.0022176925285595254,0.061760004741690515,0.9944330559883648,0.9445176055489282,0,0.0,0.0
l0,local,0,3,Mobilenetv2,bank_b,ub,3,0.005824637507772017,0.005963096333225215,0.12079193054075071,0.06306513591792103,0.9944330559883648,0.9445176055489282,2,0.03125,0.017151558917452063
l0,local,0,3,Mobilenetv2,bank_b,ub,4,0.01127930595971232,0.011389543151484487,0.23391140482398823,0.12045471794397515,0.9944330559883648,0.9445176055489282,17,0.265625,0.034106175905213386
l0,local,0,3,Mobilenetv2,bank_b,ub,5,0.0014571844035265887,0.0069766548268147995,0.030219239741698007,0.07378443350881177,0.9944330559883648,0.9445176055489282,2,0.03125,0.06856691863087308
l0,local,0,3,Mobilenetv2,bank_b,ub,6,0.01227314863279348,0.013185889324397678,0.25452181619724007,0.1394527030879004,0.9944330559883648,0.9445176055489282,16,0.25,0.05792479090602401
l0,local,0,3,Mobilenetv2,bank_b,ub,7,0.008483989285997431,0.008842884802347137,0.17594184070257626,0.09352150305861544,0.9944330559883648,0.9445176055489282,16,0.25,0.024226784987428474
l0,local,0,3,Mobilenetv2,bank_b,ub,8,0.0014778737283401688,0.012159063445644994,0.030648297083460882,0.128593090901734,0.9944330559883648,0.9445176055489282,0,0.0,0.0
l0,local,0,3,Mobilenetv2,bank_b,ub,9,0.001510517035970444,0.006971663225167783,0.03132525734796407,0.07373164280768503,0.9944330559883648,0.9445176055489282,2,0.03125,0.07042773256438013
l9,local,9,0,ResNet10,bank_a,ua,0,0.07097795650220849,0.07140066653808488,0.34535388907710174,0.21437574146082844,0.9995850089513605,0.996968745769541,14,0.21875,0.0548914055226263
l9,local,9,0,ResNet10,bank_a,ua,1,0.0032245777995498917,0.01658867222396939,0.01568966674423189,0.049806382493183275,0.9995850089513605,0.996968745769541,2,0.03125,0.0006011840632447196
l9,local,9,0,ResNet10,bank_a,ua,2,0.005934648980991258,0.009414707022643961,0.02887592439814772,0.028267030217977322,0.9995850089513605,0.996968745769541,2,0.03125,0.01239533163495013
l9,local,9,0,ResNet10,bank_a,ua,3,0.00029547403567629487,0.012301163883597928,0.0014376732209660003,0.03693342452161654,0.9995850089513605,0.996968745769541,0,0.0,0.0
l9,local,9,0,ResNet10,bank_a,ua,4,0.09966573532058863,0.10038167595007334,0.48493857807280444,0.30138929024421934,0.9995850089513605,0.996968745769541,32,0.5,0.09746516840101019
l9,local,9,0,ResNet10,bank_a,ua,5,0.00514719990001143,0.05667804080683492,0.025044472832504078,0.1701720391648073,0.9995850089513605,0.996968745769541,4,0.0625,0.19534001639746668
l9,local,9,0,ResNet10,bank_a,ua,6,0.011233546534395192,0.016446922951823043,0.054658504907242084,0.04938078975306933,0.9995850089513605,0.996968745769541,5,0.078125,0.08678234734346123
l9,local,9,0,ResNet10,bank_a,ua,7,0.002455684865685532,0.018456071709534373,0.011948502894499233,0.05541312496116893,0.9995850089513605,0.996968745769541,3,0.046875,0.07948128800949573
l9,local,9,0,ResNet10,bank_a,ua,8,0.0032460071620665377,0.014926338348659073,0.01579393452045811,0.04481533584959182,0.9995850089513605,0.996968745769541,0,0.0,0.0
l9,local,9,0,ResNet10,bank_a,ua,9,0.003341558386141858,0.01646892230037255,0.016258853327178937,0.04944684133053521,0.9995850089513605,0.996968745769541,2,0.03125,0.004044851492747831
l9,local,9,0,ResNet10,bank_a,ub,0,0.07318935294903559,0.07360762892305188,0.3592765520434595,0.2213670087280381,0.9995850089513605,0.9968509862281971,13,0.203125,0.06626699622383715
l9,local,9,0,ResNet10,bank_a,ub,1,0.00320342310123339,0.016329686008437615,0.015725167120263003,0.04910977025132593,0.9995850089513605,0.9968509862281971,1,0.015625,0.000537732960777193
l9,local,9,0,ResNet10,bank_a,ub,2,0.0055203897432504955,0.009478176651100982,0.027098840377400152,0.02850459448494847,0.9995850089513605,0.9968509862281971,1,0.015625,0.0030176310082702523
l9,local,9,0,ResNet10,bank_a,ub,3,0.0003049700509248347,0.012132907315861002,0.001497056388093627,0.03648841076642198,0.9995850089513605,0.9968509862281971,0,0.0,0.0
l9,local,9,0,ResNet10,bank_a,ub,4,0.0969277900450385,0.09740494674386665,0.475805302293394,0.29293487660829837,0.9995850089513605,0.9968509862281971,33,0.515625,0.08221993115331133
l9,local,9,0,ResNet10,bank_a,ub,5,0.004321056926149321,0.05684415850494994,0.021211479143578002,0.17095267862870198,0.9995850089513605,0.9968509862281971,4,0.0625,0.1580182044713152
l9,local,9,0,ResNet10,bank_a,ub,6,0.0114816329225274,0.017036428601847082,0.05636177014854548,0.051235222410738634,0.9995850089513605,0.9968509862281971,6,0.09375,0.09478533481425583
l9,local,9,0,ResNet10,bank_a,ub,7,0.00218014803411057,0.01882808314339072,0.010702049370281984,0.05662343029541499,0.9995850089513605,0.9968509862281971,3,0.046875,0.07326239830001584
l9,local,9,0,ResNet10,bank_a,ub,8,0.003243204846736636,0.014721395051282228,0.01592045028349344,0.044273008579216906,0.9995850089513605,0.9968509862281971,0,0.0,0.0
l9,local,9,0,ResNet10,bank_a,ub,9,0.003341166937424006,0.016130586267339472,0.016401332826581842,0.048510999243887326,0.9995850089513605,0.9968509862281971,3,0.046875,0.002546272224235165
l9,local,9,0,ResNet10,bank_b,ua,0,0.07059917530920076,0.07085369025033263,0.3200634168344369,0.19943510132362705,0.9996571942973067,0.996968745769541,12,0.1875,0.07784678421454146
l9,local,9,0,ResNet10,bank_b,ua,1,0.00376489298283508,0.013886795835757665,0.017068251956551535,0.039087795212640324,0.9996571942973067,0.996968745769541,4,0.0625,0.0014384857796410563
l9,local,9,0,ResNet10,bank_b,ua,2,0.004622966494755936,0.010656317955213709,0.020958353206568858,0.029994822339191502,0.9996571942973067,0.996968745769541,0,0.0,0.0
l9,local,9,0,ResNet10,bank_b,ua,3,0.00025710842056833437,0.013058855377555018,0.001165608510632022,0.036757353585843054,0.9996571942973067,0.996968745769541,0,0.0,0.0
l9,local,9,0,ResNet10,bank_b,ua,4,0.11643353226624971,0.11713166081076062,0.5278548086153334,0.32969580779018204,0.9996571942973067,0.996968745769541,36,0.5625,0.12186528237400829
l9,local,9,0,ResNet10,bank_b,ua,5,0.005368600691434539,0.06963730592357796,0.02433870754714502,0.1960112890903094,0.9996571942973067,0.996968745769541,3,0.046875,0.25664618216661855
l9,local,9,0,ResNet10,bank_b,ua,6,0.009522055099395564,0.01576230252241893,0.04316851403788473,0.04436686910090084,0.9996571942973067,0.996968745769541,5,0.078125,0.05732998115008625
l9,local,9,0,ResNet10,bank_b,ua,7,0.002434002140879452,0.017512863870365613,0.011034619574241471,0.04929425366714554,0.9996571942973067,0.996968745769541,3,0.046875,0.05313522459282074
l9,local,9,0,ResNet10,bank_b,ua,8,0.0037801059872262927,0.012734681716399491,0.01713722055490192,0.035844887252324174,0.9996571942973067,0.996968745769541,1,0.015625,0.0034436150387338327
l9,local,9,0,ResNet10,bank_b,ua,9,0.003796269686850282,0.014037440159330904,0.017210499157770606,0.03951182063502144,0.9996571942973067,0.996968745769541,0,0.0,0.0
l9,local,9,0,ResNet10,bank_b,ub,0,0.07271048994126086,0.07301442417300111,0.33091238542807466,0.20517825588684002,0.9996571942973067,0.9968509862281971,14,0.21875,0.06884097045336197
l9,local,9,0,ResNet10,bank_b,ub,1,0.0035920054333521438,0.013428749928463667,0.016347559855275414,0.037736207883175214,0.9996571942973067,0.9968509862281971,3,0.046875,0.0009011148144293472
l9,local,9,0,ResNet10,bank_b,ub,2,0.004340740831996477,0.011477229582420805,0.01975512617782384,0.03225222926574446,0.9996571942973067,0.9968509862281971,0,0.0,0.0
l9,local,9,0,ResNet10,bank_b,ub,3,0.00024064694407037438,0.0130603639472396,0.0010952072303822401,0.03670100430556943,0.9996571942973067,0.9968509862281971,0,0.0,0.0
l9,local,9,0,ResNet10,bank_b,ub,4,0.11356835527673864,0.11410915086543524,0.5168604335375623,0.32065878517132423,0.9996571942973067,0.9968509862281971,33,0.515625,0.12043985533293068
l9,local,9,0,ResNet10,bank_b,ub,5,0.005032437380258821,0.0698082712055343,0.022903103243619532,0.19616862687966496,0.9996571942973067,0.9968509862281971,3,0.046875,0.24368889614369668
l9,local,9,0,ResNet10,bank_b,ub,6,0.010684770125093841,0.01711866695681491,0.048627409507235646,0.04810526507727704,0.9996571942973067,0.9968509862281971,7,0.109375,0.06392229535018336
l9,local,9,0,ResNet10,bank_b,ub,7,0.002273368373660679,0.01797720393678685,0.010346316633164368,0.050517844812859404,0.9996571942973067,0.9968509862281971,3,0.046875,0.05639863303462913
l9,local,9,0,ResNet10,bank_b,ub,8,0.0036265394247128988,0.012341701904017333,0.01650472734883476,0.034681487939172584,0.9996571942973067,0.9968509862281971,0,0.0,0.0
l9,local,9,0,ResNet10,bank_b,ub,9,0.0036579612403703173,0.01352272677931027,0.016647731033476103,0.03800029277556245,0.9996571942973067,0.9968509862281971,1,0.015625,0.0002813922668803148
l9,local,9,1,ResNet12,bank_a,ua,0,0.002809804695381913,0.016047810175232022,0.01269986868210795,0.04449101723089195,0.9999478223674556,0.99940288350423,3,0.046875,0.02421160539840336
l9,local,9,1,ResNet12,bank_a,ua,1,0.004172724217069285,0.0063858017265495046,0.018860047351521966,0.01770402388529411,0.9999478223674556,0.99940288350423,3,0.046875,0.052556806442306404
l9,local,9,1,ResNet12,bank_a,ua,2,0.001264588147174714,0.052003252885309416,0.00571573655367038,0.14417403963025635,0.9999478223674556,0.99940288350423,3,0.046875,0.012278483521455991
l9,local,9,1,ResNet12,bank_a,ua,3,0.16639479743718252,0.16708311590949387,0.7520779221101495,0.46322194166986597,0.9999478223674556,0.99940288350423,44,0.6875,0.27306726038355333
l9,local,9,1,ResNet12,bank_a,ua,4,0.0031444241653101296,0.0111470582025081,0.014212295269460957,0.03090415160362357,0.9999478223674556,0.99940288350423,3,0.046875,0.03944269382491333
l9,local,9,1,ResNet12,bank_a,ua,5,0.009871177904321134,0.010728660653393906,0.04461614834961491,0.02974418445771773,0.9999478223674556,0.99940288350423,1,0.015625,0.04525507983555532
l9,local,9,1,ResNet12,bank_a,ua,6,0.0016113112410723073,0.007659248769966252,0.007282869589212237,0.02123453388838017,0.9999478223674556,0.99940288350423,0,0.0,0.0
l9,local,9,1,ResNet12,bank_a,ua,7,0.024672772865903896,0.02504119539384292,0.11151699473470554,0.06942431668771216,0.9999478223674556,0.99940288350423,0,0.0,0.0
l9,local,9,1,ResNet12,bank_a,ua,8,0.0013282101171231933,0.01458148638730626,0.006003297701593113,0.040425774920426455,0.9999478223674556,0.99940288350423,0,0.0,0.0
l9,local,9,1,ResNet12,bank_a,ua,9,0.005976941101295127,0.05002012809566125,0.027014819653443732,0.13867601602305912,0.9999478223674556,0.99940288350423,7,0.109375,0.09226521314663617
l9,local,9,1,ResNet12,bank_a,ub,0,0.002670023402375559,0.014901205887494572,0.01202678583346475,0.04169089590043905,0.9999478223674556,0.9992436073268394,3,0.046875,0.02891103552469411
l9,local,9,1,ResNet12,bank_a,ub,1,0.003804521842705283,0.006256475098336127,0.01713699189312167,0.017504492857676825,0.9999478223674556,0.9992436073268394,2,0.03125,0.0694003639712874
l9,local,9,1,ResNet12,bank_a,ub,2,0.001450556889023312,0.04447920499958544,0.006533851736287673,0.12444482140389995,0.9999478223674556,0.9992436073268394,3,0.046875,0.01820341853709417
l9,local,9,1,ResNet12,bank_a,ub,3,0.16864764420225647,0.16920564049969036,0.7596521799525439,0.47340697102640944,0.9999478223674556,0.9992436073268394,45,0.703125,0.2702382043160953
l9,local,9,1,ResNet12,bank_a,ub,4,0.0027480382425274035,0.010142309511552487,0.012378193904833497,0.028376359150303804,0.9999478223674556,0.9992436073268394,3,0.046875,0.027312735562514442
l9,local,9,1,ResNet12,bank_a,ub,5,0.009702438892007602,0.010500078255286848,0.043703420169514014,0.029377331793999557,0.9999478223674556,0.9992436073268394,1,0.015625,0.06785957138282174
l9,local,9,1,ResNet12,bank_a,ub,6,0.0017049769241843761,0.007895163260342642,0.00767985490311471,0.022089247815853048,0.9999478223674556,0.9992436073268394,2,0.03125,0.009035007992975345
l9,local,9,1,ResNet12,bank_a,ub,7,0.025293229894182995,0.025735909286155233,0.11393018454567824,0.07200444870389228,0.9999478223674556,0.9992436073268394,0,0.0,0.0
l9,local,9,1,ResNet12,bank_a,ub,8,0.001483473473900547,0.016489013480760664,0.006682120368066462,0.04613329617197261,0.9999478223674556,0.9992436073268394,0,0.0,0.0
l9,local,9,1,ResNet12,bank_a,ub,9,0.004501494233393754,0.051816100074169355,0.020276416688870754,0.14497213517275573,0.9999478223674556,0.9992436073268394,5,0.078125,0.09395646012090343
l9,local,9,1,ResNet12,bank_b,ua,0,0.0026947452019846054,0.020983914821915868,0.01206454398935008,0.05825222548710978,0.9999834666198948,0.99940288350423,0,0.0,0.0
l9,local,9,1,ResNet12,bank_b,ua,1,0.008780216986631952,0.00992802129242968,0.03930958444354812,0.02756060248411923,0.9999834666198948,0.99940288350423,2,0.03125,0.12498889967395127
l9,local,9,1,ResNet12,bank_b,ua,2,0.0016737736382511435,0.05159854098378086,0.007493589995827297,0.143239708591166,0.9999834666198948,0.99940288350423,3,0.046875,0.04031279465218258
l9,local,9,1,ResNet12,bank_b,ua,3,0.16124544563974788,0.16212858936618138,0.7219060156672314,0.4500757473434855,0.9999834666198948,0.99940288350423,46,0.71875,0.25716625685653816
l9,local,9,1,ResNet12,bank_b,ua,4,0.0034761010717699777,0.01486076669752839,0.015562723429625178,0.04125411010874081,0.9999834666198948,0.99940288350423,3,0.046875,0.05585853665010165
l9,local,9,1,ResNet12,bank_b,ua,5,0.008598177292709147,0.010356648069502917,0.03849458126865721,0.028750488350497507,0.9999834666198948,0.99940288350423,2,0.03125,0.031011254270508035
l9,local,9,1,ResNet12,bank_b,ua,6,0.003947906034098765,0.0081932138172422,0.017675023961125236,0.022744704350764245,0.9999834666198948,0.99940288350423,3,0.046875,0.05256414108147537
l9,local,9,1,ResNet12,bank_b,ua,7,0.02522152967528843,0.025629870780790938,0.11291837685511685,0.07114959361009296,0.9999834666198948,0.99940288350423,0,0.0,0.0
l9,local,9,1,ResNet12,bank_b,ua,8,0.0009765475719719617,0.017179444252132383,0.004372064984500917,0.047690856010969944,0.9999834666198948,0.99940288350423,0,0.0,0.0
l9,local,9,1,ResNet12,bank_b,ua,9,0.0067462744042061,0.03936610829617864,0.030203495400540643,0.10928196366027812,0.9999834666198948,0.99940288350423,5,0.078125,0.057109187480138136
l9,local,9,1,ResNet12,bank_b,ub,0,0.002453068912600323,0.019928767322794454,0.010917494940727765,0.05553557158814116,0.9999834666198948,0.9992436073268394,0,0.0,0.0
l9,local,9,1,ResNet12,bank_b,ub,1,0.00874094132704419,0.009940925860733063,0.038901957554076834,0.027702415851866728,0.9999834666198948,0.9992436073268394,3,0.046875,0.09204667611167065
l9,local,9,1,ResNet12,bank_b,ub,2,0.0020103025311870464,0.04440653973104122,0.008946942990811398,0.12374787292509101,0.9999834666198948,0.9992436073268394,3,0.046875,0.06926583917975122
l9,local,9,1,ResNet12,bank_b,ub,3,0.16239635282841955,0.1633161422109103,0.7227523659404749,0.4551137137759133,0.9999834666198948,0.9992436073268394,45,0.703125,0.26163492991082987
l9,local,9,1,ResNet12,bank_b,ub,4,0.003326217241953838,0.013828594458507822,0.014803481355237855,0.03853619669870006,0.9999834666198948,0.9992436073268394,3,0.046875,0.0657964477563295
l9,local,9,1,ResNet12,bank_b,ub,5,0.008112936088881379,0.009818968212817903,0.03610699163396935,0.027362556011224868,0.9999834666198948,0.9992436073268394,2,0.03125,0.026162009911167718
l9,local,9,1,ResNet12,bank_b,ub,6,0.0040011321691051874,0.008389634604549216,0.017807220983076445,0.02337942661643543,0.9999834666198948,0.9992436073268394,3,0.046875,0.06646854061249446
l9,local,9,1,ResNet12,bank_b,ub,7,0.02596633198816675,0.026465937820652305,0.11556434336349865,0.07375272944277769,0.9999834666198948,0.9992436073268394,0,0.0,0.0
l9,local,9,1,ResNet12,bank_b,ub,8,0.001118659262272304,0.019722072490393098,0.004978644005279921,0.054959574313658714,0.9999834666198948,0.9992436073268394,0,0.0,0.0
l9,local,9,1,ResNet12,bank_b,ub,9,0.00656561243536141,0.04302931042004529,0.029220557228396248,0.11990994277340435,0.9999834666198948,0.9992436073268394,5,0.078125,0.05410389896618748
l9,local,9,2,ShuffleNet,bank_a,ua,0,0.005453620477151372,0.008580463793187795,0.03511224567528875,0.030862037580925122,0.9976642133660681,0.9944168397725253,2,0.03125,0.024659097796145592
l9,local,9,2,ShuffleNet,bank_a,ua,1,0.0014138184631726895,0.02115811328101527,0.009102639508407574,0.07610107133586186,0.9976642133660681,0.9944168397725253,1,0.015625,0.006777659900925007
l9,local,9,2,ShuffleNet,bank_a,ua,2,0.047054540710018314,0.04751059003294446,0.30295298333833437,0.17088512351194382,0.9976642133660681,0.9944168397725253,11,0.171875,0.04379817460826271
l9,local,9,2,ShuffleNet,bank_a,ua,3,0.004445064420494176,0.022637156307329015,0.028618822052025317,0.08142086319817815,0.9976642133660681,0.9944168397725253,3,0.046875,0.03498477948341264
l9,local,9,2,ShuffleNet,bank_a,ua,4,0.021464500632771822,0.022449866422644342,0.13819568535670143,0.0807472227518127,0.9976642133660681,0.9944168397725253,5,0.078125,0.02670823464282247
l9,local,9,2,ShuffleNet,bank_a,ua,5,0.0028645910524052447,0.021543207724198328,0.018443202128327185,0.07748617119341927,0.9976642133660681,0.9944168397725253,3,0.046875,0.04793427526197099
l9,local,9,2,ShuffleNet,bank_a,ua,6,0.057088470697930674,0.057259959013532306,0.36755480451387984,0.2059514554866894,0.9976642133660681,0.9944168397725253,29,0.453125,0.045082672676095475
l9,local,9,2,ShuffleNet,bank_a,ua,7,0.003437517652569576,0.029335817208288248,0.02213189656959964,0.10551447042619398,0.9976642133660681,0.9944168397725253,1,0.015625,0.06152960652295447
l9,local,9,2,ShuffleNet,bank_a,ua,8,0.009537860444166647,0.011650994838837558,0.061407958352673334,0.04190606116849325,0.9976642133660681,0.9944168397725253,5,0.078125,0.05434228537477685
l9,local,9,2,ShuffleNet,bank_a,ua,9,0.002559630365160723,0.03590031523080161,0.016479762498324245,0.12912552334288588,0.9976642133660681,0.9944168397725253,4,0.0625,0.06063205002104647
l9,local,9,2,ShuffleNet,bank_a,ub,0,0.004694512320719241,0.007511879468291136,0.03189345325879641,0.02839275806522154,0.9976642133660681,0.993379434626441,1,0.015625,0.05021776363535646
l9,local,9,2,ShuffleNet,bank_a,ub,1,0.0013527144832328765,0.021591508961717746,0.009190035768587533,0.08160973466106142,0.9976642133660681,0.993379434626441,0,0.0,0.0
l9,local,9,2,ShuffleNet,bank_a,ub,2,0.0444120435171894,0.044896599534765685,0.3017253629927846,0.16969631820140588,0.9976642133660681,0.993379434626441,13,0.203125,0.03912151502126145
l9,local,9,2,ShuffleNet,bank_a,ub,3,0.004404499904729513,0.021346175713655463,0.029923174601092964,0.08068244508100483,0.9976642133660681,0.993379434626441,3,0.046875,0.024054639319655235
l9,local,9,2,ShuffleNet,bank_a,ub,4,0.02395998391143834,0.024754189374612132,0.1627787030376556,0.09356376296782191,0.9976642133660681,0.993379434626441,7,0.109375,0.04847243663442511
l9,local,9,2,ShuffleNet,bank_a,ub,5,0.0026223105366990147,0.02034397816324606,0.017815383754162948,0.07689442469243954,0.9976642133660681,0.993379434626441,3,0.046875,0.03655421539034203
l9,local,9,2,ShuffleNet,bank_a,ub,6,0.05040243589670172,0.05055995916089471,0.34242273181523025,0.1911021994299028,0.9976642133660681,0.993379434626441,26,0.40625,0.03957655151049429
l9,local,9,2,ShuffleNet,bank_a,ub,7,0.0033384658578917265,0.022593593658224487,0.022680780775636455,0.08539732849411973,0.9976642133660681,0.993379434626441,1,0.015625,0.030361222686726197
l9,local,9,2,ShuffleNet,bank_a,ub,8,0.00875929532108255,0.010825890067905668,0.059508668167717015,0.04091877123910444,0.9976642133660681,0.993379434626441,5,0.078125,0.052479522108138846
l9,local,9,2,ShuffleNet,bank_a,ub,9,0.003247341984416493,0.040146488884420024,0.022061705821542488,0.15174225716413825,0.9976642133660681,0.993379434626441,5,0.078125,0.07171141028508035
l9,local,9,2,ShuffleNet,bank_b,ua,0,0.005306918883924378,0.009650768239389018,0.0316332731562399,0.032446937834433,0.9983466306290053,0.9944168397725253,3,0.046875,0.011673661190312878
l9,local,9,2,ShuffleNet,bank_b,ua,1,0.003087965843406984,0.01754266906434849,0.018406625229854142,0.058980371143694796,0.9983466306290053,0.9944168397725253,1,0.015625,0.0018736038770049424
l9,local,9,2,ShuffleNet,bank_b,ua,2,0.04876806262642998,0.04979750034483088,0.2906947477632591,0.16742463997883517,0.9983466306290053,0.9944168397725253,7,0.109375,0.04288265475613896
l9,local,9,2,ShuffleNet,bank_b,ua,3,0.0038746197588610054,0.02825746222690767,0.0230956809194676,0.09500467708810692,0.9983466306290053,0.9944168397725253,1,0.015625,0.001924710608860597
l9,local,9,2,ShuffleNet,bank_b,ua,4,0.019175513495885955,0.02081487331501227,0.11430064592921875,0.06998187954895486,0.9983466306290053,0.9944168397725253,3,0.046875,0.033925860736038406
l9,local,9,2,ShuffleNet,bank_b,ua,5,0.006808995054708169,0.02909191236806246,0.04058678966010354,0.09781018968403445,0.9983466306290053,0.9944168397725253,6,0.09375,0.0736729991753688
l9,local,9,2,ShuffleNet,bank_b,ua,6,0.06666021244758948,0.06690456774225324,0.3973455700246631,0.2249404706987282,0.9983466306290053,0.9944168397725253,34,0.53125,0.05949905775106651
l9,local,9,2,ShuffleNet,bank_b,ua,7,0.0029285235460025025,0.037087859076227796,0.01745622786053828,0.12469343662684,0.9983466306290053,0.9944168397725253,2,0.03125,0.015532221637696533
l9,local,9,2,ShuffleNet,bank_b,ua,8,0.0063721972358492755,0.008651685060069393,0.037983142417657746,0.029087910966654452,0.9983466306290053,0.9944168397725253,2,0.03125,0.014369863743886019
l9,local,9,2,ShuffleNet,bank_b,ua,9,0.004780815536175208,0.029633030032490838,0.02849729703303694,0.09962948642635604,0.9983466306290053,0.9944168397725253,5,0.078125,0.04163516323177585
l9,local,9,2,ShuffleNet,bank_b,ub,0,0.004534138043188365,0.008437159557442198,0.028809899837184214,0.03019884807588385,0.9983466306290053,0.993379434626441,1,0.015625,0.015603158883044643
l9,local,9,2,ShuffleNet,bank_b,ub,1,0.0030034375795263664,0.017305707322406286,0.01908383357744957,0.06194174979351616,0.9983466306290053,0.993379434626441,0,0.0,0.0
l9,local,9,2,ShuffleNet,bank_b,ub,2,0.04720070772169419,0.0480612120464048,0.29991315852174283,0.1720239176527107,0.9983466306290053,0.993379434626441,16,0.25,0.027998262453988086
l9,local,9,2,ShuffleNet,bank_b,ub,3,0.0036276641344008737,0.027604860890026606,0.023050167277558754,0.09880517187072678,0.9983466306290053,0.993379434626441,3,0.046875,0.019017573232219802
l9,local,9,2,ShuffleNet,bank_b,ub,4,0.020586671182854586,0.022154969774652034,0.13080764835779563,0.07929855560931759,0.9983466306290053,0.993379434626441,2,0.03125,0.07097535141480332
l9,local,9,2,ShuffleNet,bank_b,ub,5,0.005468373589628529,0.026126141487246034,0.03474602976108737,0.09351244008256915,0.9983466306290053,0.993379434626441,5,0.078125,0.07580787478176816
l9,local,9,2,ShuffleNet,bank_b,ub,6,0.05927178164915081,0.05942867281284383,0.376612726877347,0.21271109659689225,0.9983466306290053,0.993379434626441,27,0.421875,0.059076060287343406
l9,local,9,2,ShuffleNet,bank_b,ub,7,0.002361104466756635,0.029745912738974856,0.015002450861543157,0.10646856842839243,0.9983466306290053,0.993379434626441,1,0.015625,0.0060521336476827
l9,local,9,2,ShuffleNet,bank_b,ub,8,0.005636425456936045,0.007570993162588504,0.03581383083341132,0.027098607149001048,0.9983466306290053,0.993379434626441,4,0.0625,0.009160879637262892
l9,local,9,2,ShuffleNet,bank_b,ub,9,0.005690945981788216,0.032951171194361584,0.036160254088526245,0.11794104473741109,0.9983466306290053,0.993379434626441,5,0.078125,0.06627102948937069
l9,local,9,3,Mobilenetv2,bank_a,ua,0,0.001860326180991128,0.030241246954016834,0.010427429272880848,0.0948982337512029,0.9995454354841188,0.994630626699714,3,0.046875,0.01983590342001341
l9,local,9,3,Mobilenetv2,bank_a,ua,1,0.01230908342012689,0.015604280443741281,0.06899440436245495,0.04896685164210111,0.9995454354841188,0.994630626699714,1,0.015625,0.010513660702515137
l9,local,9,3,Mobilenetv2,bank_a,ua,2,0.0028399355689385517,0.036994625081011714,0.01591829840768478,0.11609060247463264,0.9995454354841188,0.994630626699714,0,0.0,0.0
l9,local,9,3,Mobilenetv2,bank_a,ua,3,0.007006717765078413,0.00835924688416631,0.03927378686433772,0.02623164864874267,0.9995454354841188,0.994630626699714,1,0.015625,0.06221067167332385
l9,local,9,3,Mobilenetv2,bank_a,ua,4,0.004140836855854764,0.007697406911526544,0.023210060626013294,0.024154768534474902,0.9995454354841188,0.994630626699714,5,0.078125,0.04678702251252746
l9,local,9,3,Mobilenetv2,bank_a,ua,5,0.11239630952521305,0.12000811164854477,0.6299995022822142,0.37659021959580136,0.9995454354841188,0.994630626699714,37,0.578125,0.24309262688821262
l9,local,9,3,Mobilenetv2,bank_a,ua,6,0.008340622932530193,0.0390569684907832,0.046750541173586485,0.12256231798535008,0.9995454354841188,0.994630626699714,8,0.125,0.07636053684225091
l9,local,9,3,Mobilenetv2,bank_a,ua,7,0.005366862312668882,0.006006440266868411,0.0300821317005974,0.018848448059189733,0.9995454354841188,0.994630626699714,0,0.0,0.0
l9,local,9,3,Mobilenetv2,bank_a,ua,8,0.0028923707544342625,0.02881047441846662,0.01621220610718058,0.09040841272200059,0.9995454354841188,0.994630626699714,3,0.046875,0.0772260912089313
l9,local,9,3,Mobilenetv2,bank_a,ua,9,0.021253916145927067,0.02589148135529995,0.11913163919744445,0.08124849658336608,0.9995454354841188,0.994630626699714,6,0.09375,0.0455241930847175
l9,local,9,3,Mobilenetv2,bank_a,ub,0,0.0015097312960806481,0.03218351024738511,0.008836739890417169,0.1055071471713271,0.9995454354841188,0.9935806080712172,2,0.03125,0.023512436416189816
l9,local,9,3,Mobilenetv2,bank_a,ub,1,0.011669926886984403,0.014736569948769727,0.06830626662385764,0.048310872320452725,0.9995454354841188,0.9935806080712172,2,0.03125,0.013000941615583489
l9,local,9,3,Mobilenetv2,bank_a,ub,2,0.002771734058782377,0.0338634160124927,0.016223478301374314,0.11101437939773001,0.9995454354841188,0.9935806080712172,0,0.0,0.0
l9,local,9,3,Mobilenetv2,bank_a,ub,3,0.008165854342212205,0.009061637169456339,0.04779627407373302,0.029706749795220914,0.9995454354841188,0.9935806080712172,1,0.015625,0.061299707876656506
l9,local,9,3,Mobilenetv2,bank_a,ub,4,0.003742102916233282,0.006582957823619377,0.02190322887243016,0.021580899491088934,0.9995454354841188,0.9935806080712172,4,0.0625,0.05452969568081954
l9,local,9,3,Mobilenetv2,bank_a,ub,5,0.1088244220399054,0.11543039823672958,0.6369697136093911,0.37841527916604556,0.9995454354841188,0.9935806080712172,38,0.59375,0.23779143927228846
l9,local,9,3,Mobilenetv2,bank_a,ub,6,0.008582425042842925,0.03602349507655618,0.05023454036456168,0.1180957629373756,0.9995454354841188,0.9935806080712172,9,0.140625,0.06265487690376298
l9,local,9,3,Mobilenetv2,bank_a,ub,7,0.005311774422557151,0.005890725695254099,0.031090810033920748,0.019311556076316752,0.9995454354841188,0.9935806080712172,1,0.015625,0.01197814405652059
l9,local,9,3,Mobilenetv2,bank_a,ub,8,0.0027184932027631294,0.02800360717401644,0.015911849604660782,0.09180417800065925,0.9995454354841188,0.9935806080712172,3,0.046875,0.05534543203645218
l9,local,9,3,Mobilenetv2,bank_a,ub,9,0.01755062587165885,0.023259986886355468,0.10272709861980008,0.07625317564050486,0.9995454354841188,0.9935806080712172,4,0.0625,0.03231497989710082
l9,local,9,3,Mobilenetv2,bank_b,ua,0,0.0018653819670865403,0.034340192538960236,0.010473626336394516,0.10552726517945525,0.999711006707361,0.994630626699714,1,0.015625,0.029335825545827005
l9,local,9,3,Mobilenetv2,bank_b,ua,1,0.018238484289634024,0.020197229432751977,0.10240426505793837,0.06206599988693163,0.999711006707361,0.994630626699714,1,0.015625,0.11777936324760482
l9,local,9,3,Mobilenetv2,bank_b,ua,2,0.002059647721759631,0.03935003818099123,0.011564377164001957,0.12092249946577852,0.999711006707361,0.994630626699714,0,0.0,0.0
l9,local,9,3,Mobilenetv2,bank_b,ua,3,0.004218993358061611,0.005866561586928188,0.023688531747244886,0.018027918730304283,0.999711006707361,0.994630626699714,2,0.03125,0.011674722321413984
l9,local,9,3,Mobilenetv2,bank_b,ua,4,0.007281616018626692,0.010648758600115795,0.040884347897559875,0.03272358975132435,0.999711006707361,0.994630626699714,8,0.125,0.0762405525916583
l9,local,9,3,Mobilenetv2,bank_b,ua,5,0.10262637850665529,0.11302303381157955,0.5762199697978697,0.34731930075492295,0.999711006707361,0.994630626699714,37,0.578125,0.2115054302609739
l9,local,9,3,Mobilenetv2,bank_b,ua,6,0.005010329167416754,0.03566120124541413,0.02813167300197622,0.10958671929906078,0.999711006707361,0.994630626699714,5,0.078125,0.0589650931016694
l9,local,9,3,Mobilenetv2,bank_b,ua,7,0.00653755336055212,0.006785550361762171,0.036706632883133555,0.020851967315029685,0.999711006707361,0.994630626699714,2,0.03125,0.0057844841763888336
l9,local,9,3,Mobilenetv2,bank_b,ua,8,0.003583097779578907,0.029892825480831893,0.020118146273649124,0.091860525181972,0.999711006707361,0.994630626699714,3,0.046875,0.023320529566693313
l9,local,9,3,Mobilenetv2,bank_b,ua,9,0.026681297819456377,0.02964996450268297,0.14980842983461704,0.09111421443214768,0.999711006707361,0.994630626699714,5,0.078125,0.05198137534406796
l9,local,9,3,Mobilenetv2,bank_b,ub,0,0.001157501164188801,0.035856904827469706,0.0068486413842938,0.11545950726912597,0.999711006707361,0.9935806080712172,1,0.015625,0.01734253964078182
l9,local,9,3,Mobilenetv2,bank_b,ub,1,0.017727266965478244,0.019635363656819557,0.10488775124065082,0.06322602086752589,0.999711006707361,0.9935806080712172,2,0.03125,0.0863885867603868
l9,local,9,3,Mobilenetv2,bank_b,ub,2,0.0018431437177585269,0.03629040365141585,0.010905414813546767,0.1168553767914787,0.999711006707361,0.9935806080712172,0,0.0,0.0
l9,local,9,3,Mobilenetv2,bank_b,ub,3,0.005217091261125555,0.006195309581447208,0.030868208362988793,0.019948944146054626,0.999711006707361,0.9935806080712172,4,0.0625,0.02683962158543948
l9,local,9,3,Mobilenetv2,bank_b,ub,4,0.006880242732662819,0.00968894821421098,0.04070865461800556,0.031198487213315314,0.999711006707361,0.9935806080712172,7,0.109375,0.07971445152754135
l9,local,9,3,Mobilenetv2,bank_b,ub,5,0.09747073236050967,0.10585430132424924,0.5767096501103199,0.34085165833533715,0.999711006707361,0.9935806080712172,38,0.59375,0.20083932326095136
l9,local,9,3,Mobilenetv2,bank_b,ub,6,0.005482499921166582,0.033353446824305,0.032438564220195046,0.10739835338802162,0.999711006707361,0.9935806080712172,6,0.09375,0.05783742107016963
l9,local,9,3,Mobilenetv2,bank_b,ub,7,0.006219842199268547,0.006455643347670213,0.036801231832488616,0.020787220860630305,0.999711006707361,0.9935806080712172,0,0.0,0.0
l9,local,9,3,Mobilenetv2,bank_b,ub,8,0.003574485528296752,0.029271907235675392,0.02114932604306168,0.0942557647549508,0.999711006707361,0.9935806080712172,2,0.03125,0.061636784125646736
l9,local,9,3,Mobilenetv2,bank_b,ub,9,0.02343898776403941,0.02795604129171726,0.13868255736853227,0.09001866637033959,0.999711006707361,0.9935806080712172,4,0.0625,0.053384291377564355
