arm,system,gamma,client,model,bank,carrier_half,probe_index_within_bank,top_routed_class,top1_top2_margin,retained_across_carrier_halves
h0,hfl,0,0,ResNet10,bank_a,ua,0,4,0.018716825347096212,True
h0,hfl,0,0,ResNet10,bank_a,ua,1,4,0.13198728346885663,True
h0,hfl,0,0,ResNet10,bank_a,ua,2,0,0.16151794086590174,True
h0,hfl,0,0,ResNet10,bank_a,ua,3,6,0.11533326534594751,True
h0,hfl,0,0,ResNet10,bank_a,ua,4,4,0.016656069864065107,True
h0,hfl,0,0,ResNet10,bank_a,ua,5,4,0.08558874271873482,True
h0,hfl,0,0,ResNet10,bank_a,ua,6,4,0.09392151266854497,True
h0,hfl,0,0,ResNet10,bank_a,ua,7,4,0.06196279609504017,True
h0,hfl,0,0,ResNet10,bank_a,ua,8,0,0.03080736420941521,True
h0,hfl,0,0,ResNet10,bank_a,ua,9,5,0.009642701920524105,True
h0,hfl,0,0,ResNet10,bank_a,ua,10,4,0.08397257338864181,True
h0,hfl,0,0,ResNet10,bank_a,ua,11,4,0.11334678888305746,True
h0,hfl,0,0,ResNet10,bank_a,ua,12,0,0.13192444017309918,True
h0,hfl,0,0,ResNet10,bank_a,ua,13,8,0.0016710474830949479,False
h0,hfl,0,0,ResNet10,bank_a,ua,14,7,0.0270649697404261,True
h0,hfl,0,0,ResNet10,bank_a,ua,15,2,0.035893790930648053,True
h0,hfl,0,0,ResNet10,bank_a,ua,16,6,0.26835335262937476,True
h0,hfl,0,0,ResNet10,bank_a,ua,17,4,0.023089119773556377,True
h0,hfl,0,0,ResNet10,bank_a,ua,18,6,0.06801494403164224,True
h0,hfl,0,0,ResNet10,bank_a,ua,19,6,0.06000746217888319,True
h0,hfl,0,0,ResNet10,bank_a,ua,20,7,0.030480418361956682,True
h0,hfl,0,0,ResNet10,bank_a,ua,21,0,0.01075413878473254,False
h0,hfl,0,0,ResNet10,bank_a,ua,22,4,0.07032109639404127,True
h0,hfl,0,0,ResNet10,bank_a,ua,23,6,0.029616502145395275,True
h0,hfl,0,0,ResNet10,bank_a,ua,24,0,0.1292605279956146,True
h0,hfl,0,0,ResNet10,bank_a,ua,25,7,0.02575627648830607,True
h0,hfl,0,0,ResNet10,bank_a,ua,26,6,0.025714536368165647,False
h0,hfl,0,0,ResNet10,bank_a,ua,27,4,0.05586252516814148,True
h0,hfl,0,0,ResNet10,bank_a,ua,28,4,0.002116242718098099,False
h0,hfl,0,0,ResNet10,bank_a,ua,29,6,0.25706496446193466,True
h0,hfl,0,0,ResNet10,bank_a,ua,30,6,0.04828812359257143,True
h0,hfl,0,0,ResNet10,bank_a,ua,31,4,0.23333531740421695,True
h0,hfl,0,0,ResNet10,bank_a,ua,32,4,0.00620022913616626,True
h0,hfl,0,0,ResNet10,bank_a,ua,33,4,0.035775455905682346,True
h0,hfl,0,0,ResNet10,bank_a,ua,34,0,0.16019337094416553,True
h0,hfl,0,0,ResNet10,bank_a,ua,35,4,0.09105111793409265,True
h0,hfl,0,0,ResNet10,bank_a,ua,36,4,0.022425209112830496,True
h0,hfl,0,0,ResNet10,bank_a,ua,37,0,0.17130458297084472,True
h0,hfl,0,0,ResNet10,bank_a,ua,38,6,0.017460585697356756,True
h0,hfl,0,0,ResNet10,bank_a,ua,39,4,0.1470351890116386,True
h0,hfl,0,0,ResNet10,bank_a,ua,40,0,0.07048401775468162,True
h0,hfl,0,0,ResNet10,bank_a,ua,41,2,0.0030087714961380962,False
h0,hfl,0,0,ResNet10,bank_a,ua,42,6,0.08355029788446111,True
h0,hfl,0,0,ResNet10,bank_a,ua,43,0,0.0002734812248975649,True
h0,hfl,0,0,ResNet10,bank_a,ua,44,0,0.027711297925517908,False
h0,hfl,0,0,ResNet10,bank_a,ua,45,4,0.07094461745847341,True
h0,hfl,0,0,ResNet10,bank_a,ua,46,4,0.11494742081098853,True
h0,hfl,0,0,ResNet10,bank_a,ua,47,6,0.10430291668239813,True
h0,hfl,0,0,ResNet10,bank_a,ua,48,4,0.09565624735393363,True
h0,hfl,0,0,ResNet10,bank_a,ua,49,9,0.0004689448412144026,True
h0,hfl,0,0,ResNet10,bank_a,ua,50,5,0.037632939423234674,False
h0,hfl,0,0,ResNet10,bank_a,ua,51,2,0.00019471536881553175,False
h0,hfl,0,0,ResNet10,bank_a,ua,52,4,0.06602606388584667,True
h0,hfl,0,0,ResNet10,bank_a,ua,53,4,0.1292321201041705,True
h0,hfl,0,0,ResNet10,bank_a,ua,54,4,0.005689522732360425,False
h0,hfl,0,0,ResNet10,bank_a,ua,55,0,0.03986283173584089,True
h0,hfl,0,0,ResNet10,bank_a,ua,56,6,0.030784205805904213,False
h0,hfl,0,0,ResNet10,bank_a,ua,57,4,0.10310619405722243,True
h0,hfl,0,0,ResNet10,bank_a,ua,58,0,0.0031198371307048778,True
h0,hfl,0,0,ResNet10,bank_a,ua,59,7,0.049384402559514325,True
h0,hfl,0,0,ResNet10,bank_a,ua,60,4,0.07488429637264071,True
h0,hfl,0,0,ResNet10,bank_a,ua,61,0,0.050379021847598154,True
h0,hfl,0,0,ResNet10,bank_a,ua,62,4,0.07111564151140369,True
h0,hfl,0,0,ResNet10,bank_a,ua,63,0,0.1350058870461305,True
h0,hfl,0,0,ResNet10,bank_a,ub,0,4,0.052489594320996806,True
h0,hfl,0,0,ResNet10,bank_a,ub,1,4,0.11889326650655148,True
h0,hfl,0,0,ResNet10,bank_a,ub,2,0,0.15307561596930688,True
h0,hfl,0,0,ResNet10,bank_a,ub,3,6,0.11963197632288254,True
h0,hfl,0,0,ResNet10,bank_a,ub,4,4,0.048882148357951044,True
h0,hfl,0,0,ResNet10,bank_a,ub,5,4,0.06589992689455193,True
h0,hfl,0,0,ResNet10,bank_a,ub,6,4,0.10614021300851777,True
h0,hfl,0,0,ResNet10,bank_a,ub,7,4,0.0741278157107132,True
h0,hfl,0,0,ResNet10,bank_a,ub,8,0,0.02185171973428783,True
h0,hfl,0,0,ResNet10,bank_a,ub,9,5,0.013595566405479924,True
h0,hfl,0,0,ResNet10,bank_a,ub,10,4,0.09371144790158874,True
h0,hfl,0,0,ResNet10,bank_a,ub,11,4,0.15995477185216028,True
h0,hfl,0,0,ResNet10,bank_a,ub,12,0,0.09100626574132108,True
h0,hfl,0,0,ResNet10,bank_a,ub,13,4,0.004915386646261052,False
h0,hfl,0,0,ResNet10,bank_a,ub,14,7,0.005343018996138732,True
h0,hfl,0,0,ResNet10,bank_a,ub,15,2,0.025221047373997885,True
h0,hfl,0,0,ResNet10,bank_a,ub,16,6,0.27866851220857053,True
h0,hfl,0,0,ResNet10,bank_a,ub,17,4,0.056027196062641754,True
h0,hfl,0,0,ResNet10,bank_a,ub,18,6,0.12120534755517506,True
h0,hfl,0,0,ResNet10,bank_a,ub,19,6,0.0654621308316734,True
h0,hfl,0,0,ResNet10,bank_a,ub,20,7,0.037100212898018944,True
h0,hfl,0,0,ResNet10,bank_a,ub,21,4,0.0036172786420315545,False
h0,hfl,0,0,ResNet10,bank_a,ub,22,4,0.056991532237891995,True
h0,hfl,0,0,ResNet10,bank_a,ub,23,6,0.0640615877264551,True
h0,hfl,0,0,ResNet10,bank_a,ub,24,0,0.13304713552843894,True
h0,hfl,0,0,ResNet10,bank_a,ub,25,7,0.02474561718552004,True
h0,hfl,0,0,ResNet10,bank_a,ub,26,2,0.010312715616229436,False
h0,hfl,0,0,ResNet10,bank_a,ub,27,4,0.10827146451944421,True
h0,hfl,0,0,ResNet10,bank_a,ub,28,0,0.020804576566528066,False
h0,hfl,0,0,ResNet10,bank_a,ub,29,6,0.1618978157115432,True
h0,hfl,0,0,ResNet10,bank_a,ub,30,6,0.1299921456066917,True
h0,hfl,0,0,ResNet10,bank_a,ub,31,4,0.29345489424977633,True
h0,hfl,0,0,ResNet10,bank_a,ub,32,4,0.03615714749736021,True
h0,hfl,0,0,ResNet10,bank_a,ub,33,4,0.06418845684608412,True
h0,hfl,0,0,ResNet10,bank_a,ub,34,0,0.09378160896799864,True
h0,hfl,0,0,ResNet10,bank_a,ub,35,4,0.10319598986528739,True
h0,hfl,0,0,ResNet10,bank_a,ub,36,4,0.02111978799140625,True
h0,hfl,0,0,ResNet10,bank_a,ub,37,0,0.14341153910802634,True
h0,hfl,0,0,ResNet10,bank_a,ub,38,6,0.02301549639426133,True
h0,hfl,0,0,ResNet10,bank_a,ub,39,4,0.17757999684177156,True
h0,hfl,0,0,ResNet10,bank_a,ub,40,0,0.06478557617468997,True
h0,hfl,0,0,ResNet10,bank_a,ub,41,4,0.04894912003840994,False
h0,hfl,0,0,ResNet10,bank_a,ub,42,6,0.10223613311218313,True
h0,hfl,0,0,ResNet10,bank_a,ub,43,0,0.011911580861692611,True
h0,hfl,0,0,ResNet10,bank_a,ub,44,4,0.030675312843873773,False
h0,hfl,0,0,ResNet10,bank_a,ub,45,4,0.04569779725700748,True
h0,hfl,0,0,ResNet10,bank_a,ub,46,4,0.12264039672813332,True
h0,hfl,0,0,ResNet10,bank_a,ub,47,6,0.11186227074403536,True
h0,hfl,0,0,ResNet10,bank_a,ub,48,4,0.12848202444048867,True
h0,hfl,0,0,ResNet10,bank_a,ub,49,9,0.0033287212518841106,True
h0,hfl,0,0,ResNet10,bank_a,ub,50,7,0.0004774686764842384,False
h0,hfl,0,0,ResNet10,bank_a,ub,51,4,0.002661911314241948,False
h0,hfl,0,0,ResNet10,bank_a,ub,52,4,0.1470257430640213,True
h0,hfl,0,0,ResNet10,bank_a,ub,53,4,0.09132334347167713,True
h0,hfl,0,0,ResNet10,bank_a,ub,54,2,0.001101054353210923,False
h0,hfl,0,0,ResNet10,bank_a,ub,55,0,0.06186477135367412,True
h0,hfl,0,0,ResNet10,bank_a,ub,56,4,0.009064401735158406,False
h0,hfl,0,0,ResNet10,bank_a,ub,57,4,0.09926809871696898,True
h0,hfl,0,0,ResNet10,bank_a,ub,58,0,0.017107351475190907,True
h0,hfl,0,0,ResNet10,bank_a,ub,59,7,0.015906145438689845,True
h0,hfl,0,0,ResNet10,bank_a,ub,60,4,0.009875612778326492,True
h0,hfl,0,0,ResNet10,bank_a,ub,61,0,0.0650767082851947,True
h0,hfl,0,0,ResNet10,bank_a,ub,62,4,0.13408393056347917,True
h0,hfl,0,0,ResNet10,bank_a,ub,63,0,0.15461712257835236,True
h0,hfl,0,0,ResNet10,bank_b,ua,0,4,0.03161702423588872,True
h0,hfl,0,0,ResNet10,bank_b,ua,1,4,0.09780543200641896,True
h0,hfl,0,0,ResNet10,bank_b,ua,2,4,0.16788517578144582,True
h0,hfl,0,0,ResNet10,bank_b,ua,3,2,0.022835277186565382,False
h0,hfl,0,0,ResNet10,bank_b,ua,4,0,0.05529658252256631,True
h0,hfl,0,0,ResNet10,bank_b,ua,5,2,0.0504971611719567,True
h0,hfl,0,0,ResNet10,bank_b,ua,6,4,0.04744728193355041,True
h0,hfl,0,0,ResNet10,bank_b,ua,7,6,0.20289236701348856,True
h0,hfl,0,0,ResNet10,bank_b,ua,8,6,0.010900621150288732,True
h0,hfl,0,0,ResNet10,bank_b,ua,9,6,0.24178871118369985,True
h0,hfl,0,0,ResNet10,bank_b,ua,10,4,0.045761696722652,True
h0,hfl,0,0,ResNet10,bank_b,ua,11,4,0.08765694327250512,True
h0,hfl,0,0,ResNet10,bank_b,ua,12,4,0.07621521873262417,True
h0,hfl,0,0,ResNet10,bank_b,ua,13,7,0.010829280196474236,False
h0,hfl,0,0,ResNet10,bank_b,ua,14,6,0.01021376117315606,False
h0,hfl,0,0,ResNet10,bank_b,ua,15,9,0.0031306550989221443,False
h0,hfl,0,0,ResNet10,bank_b,ua,16,4,0.06253214613612543,True
h0,hfl,0,0,ResNet10,bank_b,ua,17,6,0.018960799405026527,True
h0,hfl,0,0,ResNet10,bank_b,ua,18,6,0.14460458648077043,True
h0,hfl,0,0,ResNet10,bank_b,ua,19,4,0.018275815175910398,True
h0,hfl,0,0,ResNet10,bank_b,ua,20,2,0.013354674111014306,False
h0,hfl,0,0,ResNet10,bank_b,ua,21,0,0.032520750222770095,True
h0,hfl,0,0,ResNet10,bank_b,ua,22,4,0.09143922960521977,True
h0,hfl,0,0,ResNet10,bank_b,ua,23,7,0.019927404998624804,False
h0,hfl,0,0,ResNet10,bank_b,ua,24,4,0.0028736443148899143,True
h0,hfl,0,0,ResNet10,bank_b,ua,25,0,0.010677939348413545,True
h0,hfl,0,0,ResNet10,bank_b,ua,26,0,0.17931497233067514,True
h0,hfl,0,0,ResNet10,bank_b,ua,27,7,0.015094242674228153,True
h0,hfl,0,0,ResNet10,bank_b,ua,28,6,0.0712725172769399,True
h0,hfl,0,0,ResNet10,bank_b,ua,29,6,0.3757622001607926,True
h0,hfl,0,0,ResNet10,bank_b,ua,30,4,0.11236256548271259,True
h0,hfl,0,0,ResNet10,bank_b,ua,31,6,0.044184577027519406,True
h0,hfl,0,0,ResNet10,bank_b,ua,32,6,0.09741812328441446,True
h0,hfl,0,0,ResNet10,bank_b,ua,33,4,0.07970232206302756,True
h0,hfl,0,0,ResNet10,bank_b,ua,34,0,0.008162965101312356,False
h0,hfl,0,0,ResNet10,bank_b,ua,35,6,0.17497059599672865,True
h0,hfl,0,0,ResNet10,bank_b,ua,36,4,0.006321547859946666,False
h0,hfl,0,0,ResNet10,bank_b,ua,37,4,0.12128068177247149,True
h0,hfl,0,0,ResNet10,bank_b,ua,38,0,0.07427575441360598,True
h0,hfl,0,0,ResNet10,bank_b,ua,39,4,0.06753745178171398,True
h0,hfl,0,0,ResNet10,bank_b,ua,40,6,0.002822781275223285,True
h0,hfl,0,0,ResNet10,bank_b,ua,41,6,0.270928235705658,True
h0,hfl,0,0,ResNet10,bank_b,ua,42,4,0.0898964426234559,True
h0,hfl,0,0,ResNet10,bank_b,ua,43,0,0.006203100625591401,True
h0,hfl,0,0,ResNet10,bank_b,ua,44,6,0.08811877305090098,True
h0,hfl,0,0,ResNet10,bank_b,ua,45,4,0.05181863593031457,True
h0,hfl,0,0,ResNet10,bank_b,ua,46,4,0.07823488449747898,True
h0,hfl,0,0,ResNet10,bank_b,ua,47,4,0.05795828093749563,True
h0,hfl,0,0,ResNet10,bank_b,ua,48,0,0.08675408529992258,True
h0,hfl,0,0,ResNet10,bank_b,ua,49,0,0.11555534472676102,True
h0,hfl,0,0,ResNet10,bank_b,ua,50,6,0.04594775714577413,True
h0,hfl,0,0,ResNet10,bank_b,ua,51,4,0.13085674488608476,True
h0,hfl,0,0,ResNet10,bank_b,ua,52,4,0.047708788347218756,True
h0,hfl,0,0,ResNet10,bank_b,ua,53,0,0.1109457710375202,True
h0,hfl,0,0,ResNet10,bank_b,ua,54,4,0.11866802096646613,True
h0,hfl,0,0,ResNet10,bank_b,ua,55,4,0.13424044188789602,True
h0,hfl,0,0,ResNet10,bank_b,ua,56,7,0.008822236833460617,False
h0,hfl,0,0,ResNet10,bank_b,ua,57,5,0.02483978552378815,False
h0,hfl,0,0,ResNet10,bank_b,ua,58,4,0.07918512587617718,True
h0,hfl,0,0,ResNet10,bank_b,ua,59,0,0.10108102291220598,True
h0,hfl,0,0,ResNet10,bank_b,ua,60,4,0.08257338569346094,True
h0,hfl,0,0,ResNet10,bank_b,ua,61,4,0.027646865541966104,False
h0,hfl,0,0,ResNet10,bank_b,ua,62,4,0.012493725036271011,True
h0,hfl,0,0,ResNet10,bank_b,ua,63,4,0.019504708285603523,True
h0,hfl,0,0,ResNet10,bank_b,ub,0,4,0.07107185832855337,True
h0,hfl,0,0,ResNet10,bank_b,ub,1,4,0.10806832091619088,True
h0,hfl,0,0,ResNet10,bank_b,ub,2,4,0.12163141488829685,True
h0,hfl,0,0,ResNet10,bank_b,ub,3,6,0.014182290515617722,False
h0,hfl,0,0,ResNet10,bank_b,ub,4,0,0.03385269028285916,True
h0,hfl,0,0,ResNet10,bank_b,ub,5,2,0.06390946330928446,True
h0,hfl,0,0,ResNet10,bank_b,ub,6,4,0.09300329373371947,True
h0,hfl,0,0,ResNet10,bank_b,ub,7,6,0.1372689530941093,True
h0,hfl,0,0,ResNet10,bank_b,ub,8,6,0.04567274629448083,True
h0,hfl,0,0,ResNet10,bank_b,ub,9,6,0.28306228640758946,True
h0,hfl,0,0,ResNet10,bank_b,ub,10,4,0.07158673873909292,True
h0,hfl,0,0,ResNet10,bank_b,ub,11,4,0.08270952730126757,True
h0,hfl,0,0,ResNet10,bank_b,ub,12,4,0.08053809904704028,True
h0,hfl,0,0,ResNet10,bank_b,ub,13,4,0.0456225962269072,False
h0,hfl,0,0,ResNet10,bank_b,ub,14,4,0.031687992824747324,False
h0,hfl,0,0,ResNet10,bank_b,ub,15,4,0.04509148176675472,False
h0,hfl,0,0,ResNet10,bank_b,ub,16,4,0.06381858615080525,True
h0,hfl,0,0,ResNet10,bank_b,ub,17,6,0.00023087694978304873,True
h0,hfl,0,0,ResNet10,bank_b,ub,18,6,0.19741135960477837,True
h0,hfl,0,0,ResNet10,bank_b,ub,19,4,0.0910421694387922,True
h0,hfl,0,0,ResNet10,bank_b,ub,20,4,0.032414937264684536,False
h0,hfl,0,0,ResNet10,bank_b,ub,21,0,0.04978424728822821,True
h0,hfl,0,0,ResNet10,bank_b,ub,22,4,0.15871224969310843,True
h0,hfl,0,0,ResNet10,bank_b,ub,23,4,0.02773215009254927,False
h0,hfl,0,0,ResNet10,bank_b,ub,24,4,0.05137860725917019,True
h0,hfl,0,0,ResNet10,bank_b,ub,25,0,0.047007001179317956,True
h0,hfl,0,0,ResNet10,bank_b,ub,26,0,0.1849728789468818,True
h0,hfl,0,0,ResNet10,bank_b,ub,27,7,0.011028535379898216,True
h0,hfl,0,0,ResNet10,bank_b,ub,28,6,0.020674968872846256,True
h0,hfl,0,0,ResNet10,bank_b,ub,29,6,0.40478522840171427,True
h0,hfl,0,0,ResNet10,bank_b,ub,30,4,0.15670851472677086,True
h0,hfl,0,0,ResNet10,bank_b,ub,31,6,0.019383973022058937,True
h0,hfl,0,0,ResNet10,bank_b,ub,32,6,0.16902896724133093,True
h0,hfl,0,0,ResNet10,bank_b,ub,33,4,0.0379936059059703,True
h0,hfl,0,0,ResNet10,bank_b,ub,34,4,0.025213506852869078,False
h0,hfl,0,0,ResNet10,bank_b,ub,35,6,0.20290275239525757,True
h0,hfl,0,0,ResNet10,bank_b,ub,36,6,0.045522375993627684,False
h0,hfl,0,0,ResNet10,bank_b,ub,37,4,0.12818752427259672,True
h0,hfl,0,0,ResNet10,bank_b,ub,38,0,0.032129770150917725,True
h0,hfl,0,0,ResNet10,bank_b,ub,39,4,0.08935196508818909,True
h0,hfl,0,0,ResNet10,bank_b,ub,40,6,0.009081662924273981,True
h0,hfl,0,0,ResNet10,bank_b,ub,41,6,0.2960437828817466,True
h0,hfl,0,0,ResNet10,bank_b,ub,42,4,0.1970097260053189,True
h0,hfl,0,0,ResNet10,bank_b,ub,43,0,0.015780100099075642,True
h0,hfl,0,0,ResNet10,bank_b,ub,44,6,0.14112307273022595,True
h0,hfl,0,0,ResNet10,bank_b,ub,45,4,0.12551010702477908,True
h0,hfl,0,0,ResNet10,bank_b,ub,46,4,0.06496462654575724,True
h0,hfl,0,0,ResNet10,bank_b,ub,47,4,0.07458381610387876,True
h0,hfl,0,0,ResNet10,bank_b,ub,48,0,0.09899279575255454,True
h0,hfl,0,0,ResNet10,bank_b,ub,49,0,0.12597439362810037,True
h0,hfl,0,0,ResNet10,bank_b,ub,50,6,0.08077370032312739,True
h0,hfl,0,0,ResNet10,bank_b,ub,51,4,0.15292217543239217,True
h0,hfl,0,0,ResNet10,bank_b,ub,52,4,0.019020368604191984,True
h0,hfl,0,0,ResNet10,bank_b,ub,53,0,0.10769325577970844,True
h0,hfl,0,0,ResNet10,bank_b,ub,54,4,0.10841077810909949,True
h0,hfl,0,0,ResNet10,bank_b,ub,55,4,0.15310685111566255,True
h0,hfl,0,0,ResNet10,bank_b,ub,56,4,0.039644705745811706,False
h0,hfl,0,0,ResNet10,bank_b,ub,57,4,0.012386248541416643,False
h0,hfl,0,0,ResNet10,bank_b,ub,58,4,0.10912389582598776,True
h0,hfl,0,0,ResNet10,bank_b,ub,59,0,0.10826155058715298,True
h0,hfl,0,0,ResNet10,bank_b,ub,60,4,0.089882261969949,True
h0,hfl,0,0,ResNet10,bank_b,ub,61,5,0.00470549996627477,False
h0,hfl,0,0,ResNet10,bank_b,ub,62,4,0.08360639806420335,True
h0,hfl,0,0,ResNet10,bank_b,ub,63,4,0.03694569586943311,True
h0,hfl,0,1,ResNet12,bank_a,ua,0,3,0.002186253786578274,False
h0,hfl,0,1,ResNet12,bank_a,ua,1,4,0.02067944877080584,True
h0,hfl,0,1,ResNet12,bank_a,ua,2,0,0.14636276948460955,True
h0,hfl,0,1,ResNet12,bank_a,ua,3,3,0.11072008574434536,True
h0,hfl,0,1,ResNet12,bank_a,ua,4,3,0.09131319395233324,True
h0,hfl,0,1,ResNet12,bank_a,ua,5,0,0.019588894484355357,True
h0,hfl,0,1,ResNet12,bank_a,ua,6,4,0.023624571786523343,True
h0,hfl,0,1,ResNet12,bank_a,ua,7,8,0.050200994178442135,True
h0,hfl,0,1,ResNet12,bank_a,ua,8,8,0.07903343648822057,True
h0,hfl,0,1,ResNet12,bank_a,ua,9,3,0.027727466591378078,True
h0,hfl,0,1,ResNet12,bank_a,ua,10,7,0.022730759185530025,True
h0,hfl,0,1,ResNet12,bank_a,ua,11,4,0.010313906815851495,True
h0,hfl,0,1,ResNet12,bank_a,ua,12,8,0.04832344948266641,True
h0,hfl,0,1,ResNet12,bank_a,ua,13,8,0.009258177079955077,True
h0,hfl,0,1,ResNet12,bank_a,ua,14,5,0.01908833952257348,True
h0,hfl,0,1,ResNet12,bank_a,ua,15,3,0.003645217002070149,True
h0,hfl,0,1,ResNet12,bank_a,ua,16,0,0.026976263893922534,True
h0,hfl,0,1,ResNet12,bank_a,ua,17,2,0.03155892147200251,True
h0,hfl,0,1,ResNet12,bank_a,ua,18,1,0.027232241798168244,False
h0,hfl,0,1,ResNet12,bank_a,ua,19,3,0.016994611780949784,True
h0,hfl,0,1,ResNet12,bank_a,ua,20,0,0.03967402023657894,True
h0,hfl,0,1,ResNet12,bank_a,ua,21,2,0.03014933088581912,True
h0,hfl,0,1,ResNet12,bank_a,ua,22,5,0.008630230207157238,False
h0,hfl,0,1,ResNet12,bank_a,ua,23,3,0.02311740760036146,False
h0,hfl,0,1,ResNet12,bank_a,ua,24,8,0.024223124331712823,True
h0,hfl,0,1,ResNet12,bank_a,ua,25,7,0.0008777468260602467,False
h0,hfl,0,1,ResNet12,bank_a,ua,26,2,0.13737346347236587,True
h0,hfl,0,1,ResNet12,bank_a,ua,27,3,0.11933521306752062,True
h0,hfl,0,1,ResNet12,bank_a,ua,28,0,0.05672201759505359,True
h0,hfl,0,1,ResNet12,bank_a,ua,29,3,0.1196842170551681,True
h0,hfl,0,1,ResNet12,bank_a,ua,30,3,0.051300669156035775,True
h0,hfl,0,1,ResNet12,bank_a,ua,31,3,0.0005516613388959757,False
h0,hfl,0,1,ResNet12,bank_a,ua,32,2,0.03129821487610582,False
h0,hfl,0,1,ResNet12,bank_a,ua,33,3,0.04817796582141398,True
h0,hfl,0,1,ResNet12,bank_a,ua,34,0,0.09886363585225832,True
h0,hfl,0,1,ResNet12,bank_a,ua,35,3,0.057418596732362076,True
h0,hfl,0,1,ResNet12,bank_a,ua,36,5,0.007226250861768785,True
h0,hfl,0,1,ResNet12,bank_a,ua,37,0,0.012117066326437775,True
h0,hfl,0,1,ResNet12,bank_a,ua,38,5,0.011185121984807395,True
h0,hfl,0,1,ResNet12,bank_a,ua,39,4,0.01809934914770421,True
h0,hfl,0,1,ResNet12,bank_a,ua,40,0,0.0003164330371801527,False
h0,hfl,0,1,ResNet12,bank_a,ua,41,4,0.03411608084245461,True
h0,hfl,0,1,ResNet12,bank_a,ua,42,2,0.07889505079926294,True
h0,hfl,0,1,ResNet12,bank_a,ua,43,4,0.06038007556395367,True
h0,hfl,0,1,ResNet12,bank_a,ua,44,0,0.058161075622431335,True
h0,hfl,0,1,ResNet12,bank_a,ua,45,7,0.04189856815991597,True
h0,hfl,0,1,ResNet12,bank_a,ua,46,2,0.016754012576825794,False
h0,hfl,0,1,ResNet12,bank_a,ua,47,3,0.09318155263975728,True
h0,hfl,0,1,ResNet12,bank_a,ua,48,5,0.010278522835772783,True
h0,hfl,0,1,ResNet12,bank_a,ua,49,3,0.10312403685721004,True
h0,hfl,0,1,ResNet12,bank_a,ua,50,3,0.06238914904805887,True
h0,hfl,0,1,ResNet12,bank_a,ua,51,3,0.03717966661673121,True
h0,hfl,0,1,ResNet12,bank_a,ua,52,0,0.007463963272837243,True
h0,hfl,0,1,ResNet12,bank_a,ua,53,3,0.01813306596500358,True
h0,hfl,0,1,ResNet12,bank_a,ua,54,3,0.09003722664740342,True
h0,hfl,0,1,ResNet12,bank_a,ua,55,8,0.09362981723594938,True
h0,hfl,0,1,ResNet12,bank_a,ua,56,2,0.03567967669800695,True
h0,hfl,0,1,ResNet12,bank_a,ua,57,3,0.03824793996022277,True
h0,hfl,0,1,ResNet12,bank_a,ua,58,8,0.06735686551823593,True
h0,hfl,0,1,ResNet12,bank_a,ua,59,8,0.07934196534619374,True
h0,hfl,0,1,ResNet12,bank_a,ua,60,5,0.052270975797786,True
h0,hfl,0,1,ResNet12,bank_a,ua,61,8,0.014728791084762854,True
h0,hfl,0,1,ResNet12,bank_a,ua,62,3,0.02544861660182199,False
h0,hfl,0,1,ResNet12,bank_a,ua,63,0,0.0061564145406151904,True
h0,hfl,0,1,ResNet12,bank_a,ub,0,5,0.013430854121218666,False
h0,hfl,0,1,ResNet12,bank_a,ub,1,4,0.01834372950811572,True
h0,hfl,0,1,ResNet12,bank_a,ub,2,0,0.11920406836430497,True
h0,hfl,0,1,ResNet12,bank_a,ub,3,3,0.085899817645362,True
h0,hfl,0,1,ResNet12,bank_a,ub,4,3,0.08145370591218906,True
h0,hfl,0,1,ResNet12,bank_a,ub,5,0,0.008502622518610947,True
h0,hfl,0,1,ResNet12,bank_a,ub,6,4,0.06095599014113161,True
h0,hfl,0,1,ResNet12,bank_a,ub,7,8,0.0659812025658906,True
h0,hfl,0,1,ResNet12,bank_a,ub,8,8,0.0752600346190839,True
h0,hfl,0,1,ResNet12,bank_a,ub,9,3,0.000560403710310034,True
h0,hfl,0,1,ResNet12,bank_a,ub,10,7,0.021646929334313586,True
h0,hfl,0,1,ResNet12,bank_a,ub,11,4,0.014310761655491694,True
h0,hfl,0,1,ResNet12,bank_a,ub,12,8,0.06939817972206613,True
h0,hfl,0,1,ResNet12,bank_a,ub,13,8,0.048318311915701656,True
h0,hfl,0,1,ResNet12,bank_a,ub,14,5,0.005967717279957013,True
h0,hfl,0,1,ResNet12,bank_a,ub,15,3,0.006289714442108248,True
h0,hfl,0,1,ResNet12,bank_a,ub,16,0,0.03244005307076461,True
h0,hfl,0,1,ResNet12,bank_a,ub,17,2,0.016539470907460385,True
h0,hfl,0,1,ResNet12,bank_a,ub,18,3,0.020338500962758493,False
h0,hfl,0,1,ResNet12,bank_a,ub,19,3,0.017568337118340105,True
h0,hfl,0,1,ResNet12,bank_a,ub,20,0,0.019596746768682394,True
h0,hfl,0,1,ResNet12,bank_a,ub,21,2,0.05561230242659923,True
h0,hfl,0,1,ResNet12,bank_a,ub,22,4,0.011195755020990648,False
h0,hfl,0,1,ResNet12,bank_a,ub,23,5,0.0013015400632281349,False
h0,hfl,0,1,ResNet12,bank_a,ub,24,8,0.08885948903247647,True
h0,hfl,0,1,ResNet12,bank_a,ub,25,8,0.04134585495862814,False
h0,hfl,0,1,ResNet12,bank_a,ub,26,2,0.11009497391949245,True
h0,hfl,0,1,ResNet12,bank_a,ub,27,3,0.0913767661610767,True
h0,hfl,0,1,ResNet12,bank_a,ub,28,0,0.004129391110001074,True
h0,hfl,0,1,ResNet12,bank_a,ub,29,3,0.11884210552427482,True
h0,hfl,0,1,ResNet12,bank_a,ub,30,3,0.049042775760747004,True
h0,hfl,0,1,ResNet12,bank_a,ub,31,4,0.03018691065146735,False
h0,hfl,0,1,ResNet12,bank_a,ub,32,5,0.02084218343119134,False
h0,hfl,0,1,ResNet12,bank_a,ub,33,3,0.039934778366853614,True
h0,hfl,0,1,ResNet12,bank_a,ub,34,0,0.10386508327130575,True
h0,hfl,0,1,ResNet12,bank_a,ub,35,3,0.021713800661204347,True
h0,hfl,0,1,ResNet12,bank_a,ub,36,5,0.011849662350140538,True
h0,hfl,0,1,ResNet12,bank_a,ub,37,0,0.010360204665604333,True
h0,hfl,0,1,ResNet12,bank_a,ub,38,5,0.011304323763816737,True
h0,hfl,0,1,ResNet12,bank_a,ub,39,4,0.01641014603684146,True
h0,hfl,0,1,ResNet12,bank_a,ub,40,8,0.025579006415578115,False
h0,hfl,0,1,ResNet12,bank_a,ub,41,4,0.02844083588408612,True
h0,hfl,0,1,ResNet12,bank_a,ub,42,2,0.05280748558198012,True
h0,hfl,0,1,ResNet12,bank_a,ub,43,4,0.021793191576990195,True
h0,hfl,0,1,ResNet12,bank_a,ub,44,0,0.01667921253349887,True
h0,hfl,0,1,ResNet12,bank_a,ub,45,7,0.03724793917761781,True
h0,hfl,0,1,ResNet12,bank_a,ub,46,4,0.004082544225010545,False
h0,hfl,0,1,ResNet12,bank_a,ub,47,3,0.06449036104184859,True
h0,hfl,0,1,ResNet12,bank_a,ub,48,5,0.01897357138280814,True
h0,hfl,0,1,ResNet12,bank_a,ub,49,3,0.07460542219151191,True
h0,hfl,0,1,ResNet12,bank_a,ub,50,3,0.030845943418454563,True
h0,hfl,0,1,ResNet12,bank_a,ub,51,3,0.027568770577625808,True
h0,hfl,0,1,ResNet12,bank_a,ub,52,0,0.03743431666664748,True
h0,hfl,0,1,ResNet12,bank_a,ub,53,3,0.060369579915062074,True
h0,hfl,0,1,ResNet12,bank_a,ub,54,3,0.0676362539789365,True
h0,hfl,0,1,ResNet12,bank_a,ub,55,8,0.14971505124042875,True
h0,hfl,0,1,ResNet12,bank_a,ub,56,2,0.038400501959557715,True
h0,hfl,0,1,ResNet12,bank_a,ub,57,3,0.03952067466688833,True
h0,hfl,0,1,ResNet12,bank_a,ub,58,8,0.08997165401879192,True
h0,hfl,0,1,ResNet12,bank_a,ub,59,8,0.05958846796183896,True
h0,hfl,0,1,ResNet12,bank_a,ub,60,5,0.03216325576944434,True
h0,hfl,0,1,ResNet12,bank_a,ub,61,8,0.006526244741987472,True
h0,hfl,0,1,ResNet12,bank_a,ub,62,5,0.0031149382683107324,False
h0,hfl,0,1,ResNet12,bank_a,ub,63,0,0.01838525100365121,True
h0,hfl,0,1,ResNet12,bank_b,ua,0,2,0.0054972254872185655,False
h0,hfl,0,1,ResNet12,bank_b,ua,1,4,0.02619953590837329,True
h0,hfl,0,1,ResNet12,bank_b,ua,2,4,0.02478613344538881,True
h0,hfl,0,1,ResNet12,bank_b,ua,3,1,0.020393442142394705,True
h0,hfl,0,1,ResNet12,bank_b,ua,4,2,0.002019727518355878,False
h0,hfl,0,1,ResNet12,bank_b,ua,5,9,0.007157043566164499,False
h0,hfl,0,1,ResNet12,bank_b,ua,6,2,0.04209515478279639,True
h0,hfl,0,1,ResNet12,bank_b,ua,7,2,0.021809928143528626,True
h0,hfl,0,1,ResNet12,bank_b,ua,8,8,0.0030885263604525787,True
h0,hfl,0,1,ResNet12,bank_b,ua,9,1,0.10873940662934509,True
h0,hfl,0,1,ResNet12,bank_b,ua,10,3,0.024146036141292543,False
h0,hfl,0,1,ResNet12,bank_b,ua,11,3,0.0015333795757496646,True
h0,hfl,0,1,ResNet12,bank_b,ua,12,5,0.038243728361168045,True
h0,hfl,0,1,ResNet12,bank_b,ua,13,3,0.031077207777508345,False
h0,hfl,0,1,ResNet12,bank_b,ua,14,2,0.047228813138893364,True
h0,hfl,0,1,ResNet12,bank_b,ua,15,3,0.029757933508129844,True
h0,hfl,0,1,ResNet12,bank_b,ua,16,5,0.009117148831170735,True
h0,hfl,0,1,ResNet12,bank_b,ua,17,3,0.037441579729006094,True
h0,hfl,0,1,ResNet12,bank_b,ua,18,3,0.028556332155767736,True
h0,hfl,0,1,ResNet12,bank_b,ua,19,5,0.005674279647180119,False
h0,hfl,0,1,ResNet12,bank_b,ua,20,2,0.022748515375894382,True
h0,hfl,0,1,ResNet12,bank_b,ua,21,8,0.02741273772575749,True
h0,hfl,0,1,ResNet12,bank_b,ua,22,2,0.02144875520980845,False
h0,hfl,0,1,ResNet12,bank_b,ua,23,5,0.022012971583879687,True
h0,hfl,0,1,ResNet12,bank_b,ua,24,3,0.0317968621583157,True
h0,hfl,0,1,ResNet12,bank_b,ua,25,0,0.004480893610397649,True
h0,hfl,0,1,ResNet12,bank_b,ua,26,0,0.03134412276392777,True
h0,hfl,0,1,ResNet12,bank_b,ua,27,5,0.010526961839844876,False
h0,hfl,0,1,ResNet12,bank_b,ua,28,0,0.08913094081040027,True
h0,hfl,0,1,ResNet12,bank_b,ua,29,3,0.001051381118561276,False
h0,hfl,0,1,ResNet12,bank_b,ua,30,4,0.02573406198393563,True
h0,hfl,0,1,ResNet12,bank_b,ua,31,3,0.039519032056193434,True
h0,hfl,0,1,ResNet12,bank_b,ua,32,1,0.0033342070291260406,True
h0,hfl,0,1,ResNet12,bank_b,ua,33,0,0.008699152915005809,False
h0,hfl,0,1,ResNet12,bank_b,ua,34,8,0.003017439831217897,True
h0,hfl,0,1,ResNet12,bank_b,ua,35,5,0.006759188346128847,True
h0,hfl,0,1,ResNet12,bank_b,ua,36,0,0.042395831089589504,True
h0,hfl,0,1,ResNet12,bank_b,ua,37,8,0.0795129289981347,True
h0,hfl,0,1,ResNet12,bank_b,ua,38,0,0.022426838185414133,True
h0,hfl,0,1,ResNet12,bank_b,ua,39,5,0.02736932741794061,True
h0,hfl,0,1,ResNet12,bank_b,ua,40,4,0.0016449159588592804,True
h0,hfl,0,1,ResNet12,bank_b,ua,41,3,0.08545465807065775,True
h0,hfl,0,1,ResNet12,bank_b,ua,42,3,0.014456320902757558,False
h0,hfl,0,1,ResNet12,bank_b,ua,43,0,0.018222916048282273,True
h0,hfl,0,1,ResNet12,bank_b,ua,44,1,0.023116179615500103,False
h0,hfl,0,1,ResNet12,bank_b,ua,45,3,3.8353298628251986e-05,False
h0,hfl,0,1,ResNet12,bank_b,ua,46,4,0.046146823311532165,True
h0,hfl,0,1,ResNet12,bank_b,ua,47,5,0.01515099566642275,True
h0,hfl,0,1,ResNet12,bank_b,ua,48,0,0.04252881867079372,False
h0,hfl,0,1,ResNet12,bank_b,ua,49,8,0.012591877789740372,True
h0,hfl,0,1,ResNet12,bank_b,ua,50,3,0.06711826456600718,True
h0,hfl,0,1,ResNet12,bank_b,ua,51,3,0.03915758474300121,True
h0,hfl,0,1,ResNet12,bank_b,ua,52,2,0.05473279936997774,True
h0,hfl,0,1,ResNet12,bank_b,ua,53,0,0.13203731923234943,True
h0,hfl,0,1,ResNet12,bank_b,ua,54,4,0.024094188365329214,True
h0,hfl,0,1,ResNet12,bank_b,ua,55,3,0.019403021273631346,False
h0,hfl,0,1,ResNet12,bank_b,ua,56,5,0.04383987062888321,True
h0,hfl,0,1,ResNet12,bank_b,ua,57,3,0.008230604094073099,True
h0,hfl,0,1,ResNet12,bank_b,ua,58,5,0.002764774369710579,True
h0,hfl,0,1,ResNet12,bank_b,ua,59,8,0.054166514400427565,True
h0,hfl,0,1,ResNet12,bank_b,ua,60,3,0.12959796748765176,True
h0,hfl,0,1,ResNet12,bank_b,ua,61,5,0.01311432530211569,True
h0,hfl,0,1,ResNet12,bank_b,ua,62,4,0.019094628995448476,True
h0,hfl,0,1,ResNet12,bank_b,ua,63,0,0.06019339740585646,True
h0,hfl,0,1,ResNet12,bank_b,ub,0,4,0.029058735860862606,False
h0,hfl,0,1,ResNet12,bank_b,ub,1,4,0.013488447351491364,True
h0,hfl,0,1,ResNet12,bank_b,ub,2,4,0.027307073510983867,True
h0,hfl,0,1,ResNet12,bank_b,ub,3,1,0.01821563141298202,True
h0,hfl,0,1,ResNet12,bank_b,ub,4,3,0.0037565979095551053,False
h0,hfl,0,1,ResNet12,bank_b,ub,5,8,0.016473052260374245,False
h0,hfl,0,1,ResNet12,bank_b,ub,6,2,0.02287437237416634,True
h0,hfl,0,1,ResNet12,bank_b,ub,7,2,0.014635045426916862,True
h0,hfl,0,1,ResNet12,bank_b,ub,8,8,0.03360196343078642,True
h0,hfl,0,1,ResNet12,bank_b,ub,9,1,0.07956632106315295,True
h0,hfl,0,1,ResNet12,bank_b,ub,10,5,0.015880574163381095,False
h0,hfl,0,1,ResNet12,bank_b,ub,11,3,0.03245215693953901,True
h0,hfl,0,1,ResNet12,bank_b,ub,12,5,0.05233938553384905,True
h0,hfl,0,1,ResNet12,bank_b,ub,13,5,0.0042239437241611555,False
h0,hfl,0,1,ResNet12,bank_b,ub,14,2,0.017733090845698657,True
h0,hfl,0,1,ResNet12,bank_b,ub,15,3,0.01617196696897355,True
h0,hfl,0,1,ResNet12,bank_b,ub,16,5,0.0009214413140449379,True
h0,hfl,0,1,ResNet12,bank_b,ub,17,3,0.033142057578715634,True
h0,hfl,0,1,ResNet12,bank_b,ub,18,3,0.00843329791533029,True
h0,hfl,0,1,ResNet12,bank_b,ub,19,4,0.012824017441190147,False
h0,hfl,0,1,ResNet12,bank_b,ub,20,2,0.03223861119436091,True
h0,hfl,0,1,ResNet12,bank_b,ub,21,8,0.053768834851783145,True
h0,hfl,0,1,ResNet12,bank_b,ub,22,4,0.051447970082965436,False
h0,hfl,0,1,ResNet12,bank_b,ub,23,5,0.08172614745513263,True
h0,hfl,0,1,ResNet12,bank_b,ub,24,3,0.028195546967376327,True
h0,hfl,0,1,ResNet12,bank_b,ub,25,0,0.0073032434337057806,True
h0,hfl,0,1,ResNet12,bank_b,ub,26,0,0.016034353900331505,True
h0,hfl,0,1,ResNet12,bank_b,ub,27,8,0.03088744173949899,False
h0,hfl,0,1,ResNet12,bank_b,ub,28,0,0.05854277657938366,True
h0,hfl,0,1,ResNet12,bank_b,ub,29,1,0.0040842963652422265,False
h0,hfl,0,1,ResNet12,bank_b,ub,30,4,0.014630288913801553,True
h0,hfl,0,1,ResNet12,bank_b,ub,31,3,0.04929878862864599,True
h0,hfl,0,1,ResNet12,bank_b,ub,32,1,0.0026419268586886507,True
h0,hfl,0,1,ResNet12,bank_b,ub,33,3,0.01195070931683441,False
h0,hfl,0,1,ResNet12,bank_b,ub,34,8,0.057174613405037863,True
h0,hfl,0,1,ResNet12,bank_b,ub,35,5,0.026258969897470896,True
h0,hfl,0,1,ResNet12,bank_b,ub,36,0,0.039994251835196275,True
h0,hfl,0,1,ResNet12,bank_b,ub,37,8,0.09938912085174864,True
h0,hfl,0,1,ResNet12,bank_b,ub,38,0,0.02029547650835664,True
h0,hfl,0,1,ResNet12,bank_b,ub,39,5,0.04882582114521934,True
h0,hfl,0,1,ResNet12,bank_b,ub,40,4,0.018703763501308368,True
h0,hfl,0,1,ResNet12,bank_b,ub,41,3,0.10350242951055745,True
h0,hfl,0,1,ResNet12,bank_b,ub,42,5,0.03319239620147178,False
h0,hfl,0,1,ResNet12,bank_b,ub,43,0,0.10382779813997316,True
h0,hfl,0,1,ResNet12,bank_b,ub,44,7,0.01028469794724033,False
h0,hfl,0,1,ResNet12,bank_b,ub,45,5,0.028178221684350663,False
h0,hfl,0,1,ResNet12,bank_b,ub,46,4,0.07212841468280547,True
h0,hfl,0,1,ResNet12,bank_b,ub,47,5,0.03309457182232732,True
h0,hfl,0,1,ResNet12,bank_b,ub,48,8,0.0020702463474184807,False
h0,hfl,0,1,ResNet12,bank_b,ub,49,8,0.07508943010023289,True
h0,hfl,0,1,ResNet12,bank_b,ub,50,3,0.0574473799409093,True
h0,hfl,0,1,ResNet12,bank_b,ub,51,3,0.0345481392310761,True
h0,hfl,0,1,ResNet12,bank_b,ub,52,2,0.018507831755342152,True
h0,hfl,0,1,ResNet12,bank_b,ub,53,0,0.08502158817608331,True
h0,hfl,0,1,ResNet12,bank_b,ub,54,4,0.02592750383499813,True
h0,hfl,0,1,ResNet12,bank_b,ub,55,4,0.004840258564752203,False
h0,hfl,0,1,ResNet12,bank_b,ub,56,5,0.06754273855222061,True
h0,hfl,0,1,ResNet12,bank_b,ub,57,3,0.00043265351263231666,True
h0,hfl,0,1,ResNet12,bank_b,ub,58,5,0.022187917044326502,True
h0,hfl,0,1,ResNet12,bank_b,ub,59,8,0.08570518989144511,True
h0,hfl,0,1,ResNet12,bank_b,ub,60,3,0.15372398301225038,True
h0,hfl,0,1,ResNet12,bank_b,ub,61,5,0.003750596627407732,True
h0,hfl,0,1,ResNet12,bank_b,ub,62,4,0.08245797274396252,True
h0,hfl,0,1,ResNet12,bank_b,ub,63,0,0.04657297108725421,True
h0,hfl,0,2,ShuffleNet,bank_a,ua,0,7,0.04918667960883631,True
h0,hfl,0,2,ShuffleNet,bank_a,ua,1,6,0.06955242418548326,True
h0,hfl,0,2,ShuffleNet,bank_a,ua,2,8,0.048401720668164144,True
h0,hfl,0,2,ShuffleNet,bank_a,ua,3,7,0.0007523118145375401,True
h0,hfl,0,2,ShuffleNet,bank_a,ua,4,9,0.06785439635375644,True
h0,hfl,0,2,ShuffleNet,bank_a,ua,5,3,0.1313483590291673,True
h0,hfl,0,2,ShuffleNet,bank_a,ua,6,3,0.003836175684867882,False
h0,hfl,0,2,ShuffleNet,bank_a,ua,7,8,0.03546393122519992,True
h0,hfl,0,2,ShuffleNet,bank_a,ua,8,9,0.009869610011143441,False
h0,hfl,0,2,ShuffleNet,bank_a,ua,9,1,0.007962571832125245,False
h0,hfl,0,2,ShuffleNet,bank_a,ua,10,7,0.050243145057553035,True
h0,hfl,0,2,ShuffleNet,bank_a,ua,11,6,0.0735186798157543,True
h0,hfl,0,2,ShuffleNet,bank_a,ua,12,8,0.06920599432143124,True
h0,hfl,0,2,ShuffleNet,bank_a,ua,13,3,0.06092623620680915,True
h0,hfl,0,2,ShuffleNet,bank_a,ua,14,7,0.010107242660383396,False
h0,hfl,0,2,ShuffleNet,bank_a,ua,15,6,0.10132463822378936,True
h0,hfl,0,2,ShuffleNet,bank_a,ua,16,0,0.07525203102326224,True
h0,hfl,0,2,ShuffleNet,bank_a,ua,17,6,0.033172399391363974,True
h0,hfl,0,2,ShuffleNet,bank_a,ua,18,9,0.011353390688188497,False
h0,hfl,0,2,ShuffleNet,bank_a,ua,19,6,0.0515368062167422,True
h0,hfl,0,2,ShuffleNet,bank_a,ua,20,8,0.006339255064654242,True
h0,hfl,0,2,ShuffleNet,bank_a,ua,21,3,0.08672734879633999,True
h0,hfl,0,2,ShuffleNet,bank_a,ua,22,7,0.005068159237688809,False
h0,hfl,0,2,ShuffleNet,bank_a,ua,23,7,0.0007835093361523715,True
h0,hfl,0,2,ShuffleNet,bank_a,ua,24,8,0.05425079506124364,True
h0,hfl,0,2,ShuffleNet,bank_a,ua,25,7,0.005024108581399893,False
h0,hfl,0,2,ShuffleNet,bank_a,ua,26,6,0.02771536370231436,True
h0,hfl,0,2,ShuffleNet,bank_a,ua,27,8,0.0027510837801764804,False
h0,hfl,0,2,ShuffleNet,bank_a,ua,28,3,0.08561715031173615,True
h0,hfl,0,2,ShuffleNet,bank_a,ua,29,6,0.09679827873886938,True
h0,hfl,0,2,ShuffleNet,bank_a,ua,30,9,0.007975435605883235,True
h0,hfl,0,2,ShuffleNet,bank_a,ua,31,8,0.05029278486024821,True
h0,hfl,0,2,ShuffleNet,bank_a,ua,32,4,0.006484729394577785,False
h0,hfl,0,2,ShuffleNet,bank_a,ua,33,6,0.015502675640294589,True
h0,hfl,0,2,ShuffleNet,bank_a,ua,34,8,0.05184883278811317,True
h0,hfl,0,2,ShuffleNet,bank_a,ua,35,3,0.0187923977283061,True
h0,hfl,0,2,ShuffleNet,bank_a,ua,36,7,0.015019060645950016,True
h0,hfl,0,2,ShuffleNet,bank_a,ua,37,8,0.09761695965423883,True
h0,hfl,0,2,ShuffleNet,bank_a,ua,38,6,0.08932660888131275,True
h0,hfl,0,2,ShuffleNet,bank_a,ua,39,8,0.13770591258982617,True
h0,hfl,0,2,ShuffleNet,bank_a,ua,40,8,0.12774417310373015,True
h0,hfl,0,2,ShuffleNet,bank_a,ua,41,3,0.006268335740289677,False
h0,hfl,0,2,ShuffleNet,bank_a,ua,42,8,0.007689556917211002,False
h0,hfl,0,2,ShuffleNet,bank_a,ua,43,3,0.03879876975274682,True
h0,hfl,0,2,ShuffleNet,bank_a,ua,44,8,0.08981377996835208,True
h0,hfl,0,2,ShuffleNet,bank_a,ua,45,3,0.047477367338299395,True
h0,hfl,0,2,ShuffleNet,bank_a,ua,46,6,0.09123363252482274,True
h0,hfl,0,2,ShuffleNet,bank_a,ua,47,9,0.010089548832107165,False
h0,hfl,0,2,ShuffleNet,bank_a,ua,48,6,0.12684673984397032,True
h0,hfl,0,2,ShuffleNet,bank_a,ua,49,7,0.02531888475452243,True
h0,hfl,0,2,ShuffleNet,bank_a,ua,50,7,0.1112904306832613,True
h0,hfl,0,2,ShuffleNet,bank_a,ua,51,6,0.05897560793346943,True
h0,hfl,0,2,ShuffleNet,bank_a,ua,52,8,0.16426209790967486,True
h0,hfl,0,2,ShuffleNet,bank_a,ua,53,3,0.09475095169420593,True
h0,hfl,0,2,ShuffleNet,bank_a,ua,54,3,0.06397839601184668,True
h0,hfl,0,2,ShuffleNet,bank_a,ua,55,3,0.013661566342285686,False
h0,hfl,0,2,ShuffleNet,bank_a,ua,56,6,0.1914490078181602,True
h0,hfl,0,2,ShuffleNet,bank_a,ua,57,3,0.11364685289503622,True
h0,hfl,0,2,ShuffleNet,bank_a,ua,58,3,0.06382458284909345,True
h0,hfl,0,2,ShuffleNet,bank_a,ua,59,8,0.09859232803783313,True
h0,hfl,0,2,ShuffleNet,bank_a,ua,60,8,0.0037861971118255885,True
h0,hfl,0,2,ShuffleNet,bank_a,ua,61,3,0.07375595618932444,True
h0,hfl,0,2,ShuffleNet,bank_a,ua,62,3,0.04527623538740863,True
h0,hfl,0,2,ShuffleNet,bank_a,ua,63,8,0.014878491936731061,False
h0,hfl,0,2,ShuffleNet,bank_a,ub,0,7,0.040984938760136765,True
h0,hfl,0,2,ShuffleNet,bank_a,ub,1,6,0.09782762722376137,True
h0,hfl,0,2,ShuffleNet,bank_a,ub,2,8,0.06210851720381097,True
h0,hfl,0,2,ShuffleNet,bank_a,ub,3,7,0.005062243252088913,True
h0,hfl,0,2,ShuffleNet,bank_a,ub,4,9,0.04439424350685081,True
h0,hfl,0,2,ShuffleNet,bank_a,ub,5,3,0.08376672740285393,True
h0,hfl,0,2,ShuffleNet,bank_a,ub,6,6,0.021062434677058622,False
h0,hfl,0,2,ShuffleNet,bank_a,ub,7,8,0.029624271660303,True
h0,hfl,0,2,ShuffleNet,bank_a,ub,8,4,0.001994389262811813,False
h0,hfl,0,2,ShuffleNet,bank_a,ub,9,7,0.02359612429759201,False
h0,hfl,0,2,ShuffleNet,bank_a,ub,10,7,0.01551434451035727,True
h0,hfl,0,2,ShuffleNet,bank_a,ub,11,6,0.06118989867825824,True
h0,hfl,0,2,ShuffleNet,bank_a,ub,12,8,0.06310103376450041,True
h0,hfl,0,2,ShuffleNet,bank_a,ub,13,3,0.07296609279217937,True
h0,hfl,0,2,ShuffleNet,bank_a,ub,14,3,0.006539431236950256,False
h0,hfl,0,2,ShuffleNet,bank_a,ub,15,6,0.12061283944705874,True
h0,hfl,0,2,ShuffleNet,bank_a,ub,16,0,0.07478015756803504,True
h0,hfl,0,2,ShuffleNet,bank_a,ub,17,6,0.020960659985589332,True
h0,hfl,0,2,ShuffleNet,bank_a,ub,18,6,0.024792606960354638,False
h0,hfl,0,2,ShuffleNet,bank_a,ub,19,6,0.03623642747301853,True
h0,hfl,0,2,ShuffleNet,bank_a,ub,20,8,0.05722336052912859,True
h0,hfl,0,2,ShuffleNet,bank_a,ub,21,3,0.08498646108948582,True
h0,hfl,0,2,ShuffleNet,bank_a,ub,22,9,0.002543818073674403,False
h0,hfl,0,2,ShuffleNet,bank_a,ub,23,7,0.02021679358898744,True
h0,hfl,0,2,ShuffleNet,bank_a,ub,24,8,0.07654987912269831,True
h0,hfl,0,2,ShuffleNet,bank_a,ub,25,3,0.033887912356662275,False
h0,hfl,0,2,ShuffleNet,bank_a,ub,26,6,0.052756464334651414,True
h0,hfl,0,2,ShuffleNet,bank_a,ub,27,6,0.02866639067506871,False
h0,hfl,0,2,ShuffleNet,bank_a,ub,28,3,0.08846013333862168,True
h0,hfl,0,2,ShuffleNet,bank_a,ub,29,6,0.10027744091391247,True
h0,hfl,0,2,ShuffleNet,bank_a,ub,30,9,0.014069817809338872,True
h0,hfl,0,2,ShuffleNet,bank_a,ub,31,8,0.0513041587169383,True
h0,hfl,0,2,ShuffleNet,bank_a,ub,32,7,0.0007946301848198584,False
h0,hfl,0,2,ShuffleNet,bank_a,ub,33,6,0.05787788112925918,True
h0,hfl,0,2,ShuffleNet,bank_a,ub,34,8,0.06040787432867939,True
h0,hfl,0,2,ShuffleNet,bank_a,ub,35,3,0.017542668328513256,True
h0,hfl,0,2,ShuffleNet,bank_a,ub,36,7,0.05315516748827692,True
h0,hfl,0,2,ShuffleNet,bank_a,ub,37,8,0.08630180540999688,True
h0,hfl,0,2,ShuffleNet,bank_a,ub,38,6,0.09962344521323122,True
h0,hfl,0,2,ShuffleNet,bank_a,ub,39,8,0.1528094680831187,True
h0,hfl,0,2,ShuffleNet,bank_a,ub,40,8,0.10987911822660897,True
h0,hfl,0,2,ShuffleNet,bank_a,ub,41,6,0.006160941793344879,False
h0,hfl,0,2,ShuffleNet,bank_a,ub,42,6,0.026082337564915833,False
h0,hfl,0,2,ShuffleNet,bank_a,ub,43,3,0.042131069786150305,True
h0,hfl,0,2,ShuffleNet,bank_a,ub,44,8,0.08007571964202373,True
h0,hfl,0,2,ShuffleNet,bank_a,ub,45,3,0.044939606862576434,True
h0,hfl,0,2,ShuffleNet,bank_a,ub,46,6,0.077496637897166,True
h0,hfl,0,2,ShuffleNet,bank_a,ub,47,6,0.010776416346789774,False
h0,hfl,0,2,ShuffleNet,bank_a,ub,48,6,0.09544522150844185,True
h0,hfl,0,2,ShuffleNet,bank_a,ub,49,7,0.00021991966607870506,True
h0,hfl,0,2,ShuffleNet,bank_a,ub,50,7,0.11950902282912135,True
h0,hfl,0,2,ShuffleNet,bank_a,ub,51,6,0.0594557049703966,True
h0,hfl,0,2,ShuffleNet,bank_a,ub,52,8,0.15828435974486343,True
h0,hfl,0,2,ShuffleNet,bank_a,ub,53,3,0.044885921516019,True
h0,hfl,0,2,ShuffleNet,bank_a,ub,54,3,0.04464629843458605,True
h0,hfl,0,2,ShuffleNet,bank_a,ub,55,8,0.0010743515385913949,False
h0,hfl,0,2,ShuffleNet,bank_a,ub,56,6,0.1901886038279286,True
h0,hfl,0,2,ShuffleNet,bank_a,ub,57,3,0.05292476435461098,True
h0,hfl,0,2,ShuffleNet,bank_a,ub,58,3,0.07393278181615692,True
h0,hfl,0,2,ShuffleNet,bank_a,ub,59,8,0.02999185432863017,True
h0,hfl,0,2,ShuffleNet,bank_a,ub,60,8,0.07766447836979673,True
h0,hfl,0,2,ShuffleNet,bank_a,ub,61,3,0.10878167455043321,True
h0,hfl,0,2,ShuffleNet,bank_a,ub,62,3,0.013960118764906479,True
h0,hfl,0,2,ShuffleNet,bank_a,ub,63,7,0.0027931621025975573,False
h0,hfl,0,2,ShuffleNet,bank_b,ua,0,6,0.1570602233916518,True
h0,hfl,0,2,ShuffleNet,bank_b,ua,1,3,0.02159296516030275,True
h0,hfl,0,2,ShuffleNet,bank_b,ua,2,8,0.10404928169683078,True
h0,hfl,0,2,ShuffleNet,bank_b,ua,3,9,0.0239031019891585,False
h0,hfl,0,2,ShuffleNet,bank_b,ua,4,6,0.06586541777270892,True
h0,hfl,0,2,ShuffleNet,bank_b,ua,5,3,0.01931830061213255,False
h0,hfl,0,2,ShuffleNet,bank_b,ua,6,8,0.008889826180531107,False
h0,hfl,0,2,ShuffleNet,bank_b,ua,7,6,0.12735827438171907,True
h0,hfl,0,2,ShuffleNet,bank_b,ua,8,6,0.0579587168256281,True
h0,hfl,0,2,ShuffleNet,bank_b,ua,9,1,0.05475255940688306,True
h0,hfl,0,2,ShuffleNet,bank_b,ua,10,3,0.09996236272700977,True
h0,hfl,0,2,ShuffleNet,bank_b,ua,11,6,0.0639868576132618,True
h0,hfl,0,2,ShuffleNet,bank_b,ua,12,3,0.009714738552656074,False
h0,hfl,0,2,ShuffleNet,bank_b,ua,13,8,0.03295389766869497,True
h0,hfl,0,2,ShuffleNet,bank_b,ua,14,6,0.13283408133619082,True
h0,hfl,0,2,ShuffleNet,bank_b,ua,15,7,0.0008887043074250339,True
h0,hfl,0,2,ShuffleNet,bank_b,ua,16,6,0.00441581660727533,False
h0,hfl,0,2,ShuffleNet,bank_b,ua,17,6,0.11906966097202351,True
h0,hfl,0,2,ShuffleNet,bank_b,ua,18,9,0.029270282005798884,False
h0,hfl,0,2,ShuffleNet,bank_b,ua,19,6,0.05552128976025566,True
h0,hfl,0,2,ShuffleNet,bank_b,ua,20,6,0.07244203084252591,True
h0,hfl,0,2,ShuffleNet,bank_b,ua,21,3,0.07703876035244453,True
h0,hfl,0,2,ShuffleNet,bank_b,ua,22,4,0.008070569503727434,True
h0,hfl,0,2,ShuffleNet,bank_b,ua,23,1,0.013318984464158135,True
h0,hfl,0,2,ShuffleNet,bank_b,ua,24,3,0.014270483088006464,True
h0,hfl,0,2,ShuffleNet,bank_b,ua,25,8,0.07867902420673761,True
h0,hfl,0,2,ShuffleNet,bank_b,ua,26,8,0.1057340340609415,True
h0,hfl,0,2,ShuffleNet,bank_b,ua,27,8,0.07046775646201865,True
h0,hfl,0,2,ShuffleNet,bank_b,ua,28,8,0.02749304154547158,True
h0,hfl,0,2,ShuffleNet,bank_b,ua,29,6,0.0560897441277724,True
h0,hfl,0,2,ShuffleNet,bank_b,ua,30,8,0.15535302763848252,True
h0,hfl,0,2,ShuffleNet,bank_b,ua,31,6,0.01876053704864926,True
h0,hfl,0,2,ShuffleNet,bank_b,ua,32,1,0.019904744785910602,False
h0,hfl,0,2,ShuffleNet,bank_b,ua,33,9,0.10786286357203145,True
h0,hfl,0,2,ShuffleNet,bank_b,ua,34,3,0.013424981661442306,True
h0,hfl,0,2,ShuffleNet,bank_b,ua,35,6,0.08797139003967999,True
h0,hfl,0,2,ShuffleNet,bank_b,ua,36,0,0.023175457646693418,True
h0,hfl,0,2,ShuffleNet,bank_b,ua,37,8,0.011271016924221833,True
h0,hfl,0,2,ShuffleNet,bank_b,ua,38,8,0.18267644091003188,True
h0,hfl,0,2,ShuffleNet,bank_b,ua,39,6,0.11144289501509538,True
h0,hfl,0,2,ShuffleNet,bank_b,ua,40,6,0.0018954293452458082,True
h0,hfl,0,2,ShuffleNet,bank_b,ua,41,6,0.0859875329548508,True
h0,hfl,0,2,ShuffleNet,bank_b,ua,42,6,0.0044439172447052755,True
h0,hfl,0,2,ShuffleNet,bank_b,ua,43,0,0.12876131306575778,True
h0,hfl,0,2,ShuffleNet,bank_b,ua,44,6,0.051294569379328345,True
h0,hfl,0,2,ShuffleNet,bank_b,ua,45,8,0.10081436916651393,True
h0,hfl,0,2,ShuffleNet,bank_b,ua,46,3,0.07778162423225714,True
h0,hfl,0,2,ShuffleNet,bank_b,ua,47,7,0.060355026525301406,True
h0,hfl,0,2,ShuffleNet,bank_b,ua,48,3,0.06976263380952591,False
h0,hfl,0,2,ShuffleNet,bank_b,ua,49,8,0.005173416592413438,True
h0,hfl,0,2,ShuffleNet,bank_b,ua,50,7,0.01910413599546816,True
h0,hfl,0,2,ShuffleNet,bank_b,ua,51,6,0.06753490755784768,True
h0,hfl,0,2,ShuffleNet,bank_b,ua,52,4,0.04576650486929902,True
h0,hfl,0,2,ShuffleNet,bank_b,ua,53,0,0.07653023718918214,True
h0,hfl,0,2,ShuffleNet,bank_b,ua,54,8,0.01588634768184259,True
h0,hfl,0,2,ShuffleNet,bank_b,ua,55,8,0.0868872615744477,True
h0,hfl,0,2,ShuffleNet,bank_b,ua,56,1,0.02967341700891621,True
h0,hfl,0,2,ShuffleNet,bank_b,ua,57,6,0.03752618744783719,True
h0,hfl,0,2,ShuffleNet,bank_b,ua,58,3,0.06869561303734545,True
h0,hfl,0,2,ShuffleNet,bank_b,ua,59,8,0.08828646646889332,True
h0,hfl,0,2,ShuffleNet,bank_b,ua,60,3,0.10722505894521414,True
h0,hfl,0,2,ShuffleNet,bank_b,ua,61,3,0.08238215519764593,True
h0,hfl,0,2,ShuffleNet,bank_b,ua,62,8,0.0764139257321238,True
h0,hfl,0,2,ShuffleNet,bank_b,ua,63,8,0.004083978264505961,True
h0,hfl,0,2,ShuffleNet,bank_b,ub,0,6,0.1881554452998132,True
h0,hfl,0,2,ShuffleNet,bank_b,ub,1,3,0.0014741087121070001,True
h0,hfl,0,2,ShuffleNet,bank_b,ub,2,8,0.09531245127044279,True
h0,hfl,0,2,ShuffleNet,bank_b,ub,3,6,0.007576379679107029,False
h0,hfl,0,2,ShuffleNet,bank_b,ub,4,6,0.062277993822549976,True
h0,hfl,0,2,ShuffleNet,bank_b,ub,5,6,0.005133633154457556,False
h0,hfl,0,2,ShuffleNet,bank_b,ub,6,9,0.01937553264029565,False
h0,hfl,0,2,ShuffleNet,bank_b,ub,7,6,0.12025252787532023,True
h0,hfl,0,2,ShuffleNet,bank_b,ub,8,6,0.058143931492879,True
h0,hfl,0,2,ShuffleNet,bank_b,ub,9,1,0.07368893076706531,True
h0,hfl,0,2,ShuffleNet,bank_b,ub,10,3,0.09255863436400052,True
h0,hfl,0,2,ShuffleNet,bank_b,ub,11,6,0.03469199305104345,True
h0,hfl,0,2,ShuffleNet,bank_b,ub,12,7,0.05594354897895158,False
h0,hfl,0,2,ShuffleNet,bank_b,ub,13,8,0.00982162686860824,True
h0,hfl,0,2,ShuffleNet,bank_b,ub,14,6,0.14379408326987358,True
h0,hfl,0,2,ShuffleNet,bank_b,ub,15,7,0.044043059642873014,True
h0,hfl,0,2,ShuffleNet,bank_b,ub,16,9,0.017941952088548048,False
h0,hfl,0,2,ShuffleNet,bank_b,ub,17,6,0.13868453610459663,True
h0,hfl,0,2,ShuffleNet,bank_b,ub,18,6,0.003102947165079528,False
h0,hfl,0,2,ShuffleNet,bank_b,ub,19,6,0.05765611588257395,True
h0,hfl,0,2,ShuffleNet,bank_b,ub,20,6,0.054063930970089984,True
h0,hfl,0,2,ShuffleNet,bank_b,ub,21,3,0.04412094039163755,True
h0,hfl,0,2,ShuffleNet,bank_b,ub,22,4,0.007873014993825922,True
h0,hfl,0,2,ShuffleNet,bank_b,ub,23,1,0.011976719179126918,True
h0,hfl,0,2,ShuffleNet,bank_b,ub,24,3,0.0041131715140594605,True
h0,hfl,0,2,ShuffleNet,bank_b,ub,25,8,0.06346977821607398,True
h0,hfl,0,2,ShuffleNet,bank_b,ub,26,8,0.11366230032627109,True
h0,hfl,0,2,ShuffleNet,bank_b,ub,27,8,0.04189772274775078,True
h0,hfl,0,2,ShuffleNet,bank_b,ub,28,8,0.012782880848170947,True
h0,hfl,0,2,ShuffleNet,bank_b,ub,29,6,0.058292416439213,True
h0,hfl,0,2,ShuffleNet,bank_b,ub,30,8,0.16638646410608707,True
h0,hfl,0,2,ShuffleNet,bank_b,ub,31,6,0.01415750845245977,True
h0,hfl,0,2,ShuffleNet,bank_b,ub,32,6,0.006907529123662812,False
h0,hfl,0,2,ShuffleNet,bank_b,ub,33,9,0.13555923504935172,True
h0,hfl,0,2,ShuffleNet,bank_b,ub,34,3,0.000111539622789536,True
h0,hfl,0,2,ShuffleNet,bank_b,ub,35,6,0.09519083932300043,True
h0,hfl,0,2,ShuffleNet,bank_b,ub,36,0,0.01549032840262117,True
h0,hfl,0,2,ShuffleNet,bank_b,ub,37,8,0.026815561074301983,True
h0,hfl,0,2,ShuffleNet,bank_b,ub,38,8,0.20937300129950923,True
h0,hfl,0,2,ShuffleNet,bank_b,ub,39,6,0.05614288982031786,True
h0,hfl,0,2,ShuffleNet,bank_b,ub,40,6,0.03791879727652002,True
h0,hfl,0,2,ShuffleNet,bank_b,ub,41,6,0.05243343433296774,True
h0,hfl,0,2,ShuffleNet,bank_b,ub,42,6,0.007728903601554454,True
h0,hfl,0,2,ShuffleNet,bank_b,ub,43,0,0.12965413879464058,True
h0,hfl,0,2,ShuffleNet,bank_b,ub,44,6,0.053796460614680436,True
h0,hfl,0,2,ShuffleNet,bank_b,ub,45,8,0.11920431519285256,True
h0,hfl,0,2,ShuffleNet,bank_b,ub,46,3,0.0383998764670732,True
h0,hfl,0,2,ShuffleNet,bank_b,ub,47,7,0.05326132618596098,True
h0,hfl,0,2,ShuffleNet,bank_b,ub,48,8,0.005121637314614513,False
h0,hfl,0,2,ShuffleNet,bank_b,ub,49,8,0.00566479559897104,True
h0,hfl,0,2,ShuffleNet,bank_b,ub,50,7,0.016646634991568238,True
h0,hfl,0,2,ShuffleNet,bank_b,ub,51,6,0.0665697338611837,True
h0,hfl,0,2,ShuffleNet,bank_b,ub,52,4,0.04977504546858784,True
h0,hfl,0,2,ShuffleNet,bank_b,ub,53,0,0.03115015988667913,True
h0,hfl,0,2,ShuffleNet,bank_b,ub,54,8,0.07523541053346083,True
h0,hfl,0,2,ShuffleNet,bank_b,ub,55,8,0.07419352201282137,True
h0,hfl,0,2,ShuffleNet,bank_b,ub,56,1,0.010949491444776693,True
h0,hfl,0,2,ShuffleNet,bank_b,ub,57,6,0.015167954970561802,True
h0,hfl,0,2,ShuffleNet,bank_b,ub,58,3,0.0578291871959974,True
h0,hfl,0,2,ShuffleNet,bank_b,ub,59,8,0.08436556212860641,True
h0,hfl,0,2,ShuffleNet,bank_b,ub,60,3,0.06062573004450665,True
h0,hfl,0,2,ShuffleNet,bank_b,ub,61,3,0.0856183923721012,True
h0,hfl,0,2,ShuffleNet,bank_b,ub,62,8,0.08478718481977715,True
h0,hfl,0,2,ShuffleNet,bank_b,ub,63,8,0.025571654029277163,True
h0,hfl,0,3,Mobilenetv2,bank_a,ua,0,4,0.0008384882907192318,False
h0,hfl,0,3,Mobilenetv2,bank_a,ua,1,6,0.010003774635008927,True
h0,hfl,0,3,Mobilenetv2,bank_a,ua,2,0,0.009612926937755228,True
h0,hfl,0,3,Mobilenetv2,bank_a,ua,3,4,0.05100143265920838,True
h0,hfl,0,3,Mobilenetv2,bank_a,ua,4,9,0.08519310923871865,True
h0,hfl,0,3,Mobilenetv2,bank_a,ua,5,0,0.030270755186746476,True
h0,hfl,0,3,Mobilenetv2,bank_a,ua,6,6,0.0755951341875872,True
h0,hfl,0,3,Mobilenetv2,bank_a,ua,7,9,0.02821330459687163,False
h0,hfl,0,3,Mobilenetv2,bank_a,ua,8,9,0.013876105935462395,True
h0,hfl,0,3,Mobilenetv2,bank_a,ua,9,6,0.00022966693205032918,False
h0,hfl,0,3,Mobilenetv2,bank_a,ua,10,4,0.0010220279458992704,True
h0,hfl,0,3,Mobilenetv2,bank_a,ua,11,6,0.05679666604732919,True
h0,hfl,0,3,Mobilenetv2,bank_a,ua,12,8,0.021352862014792223,True
h0,hfl,0,3,Mobilenetv2,bank_a,ua,13,8,0.01696052953389296,False
h0,hfl,0,3,Mobilenetv2,bank_a,ua,14,5,0.029626055087180095,True
h0,hfl,0,3,Mobilenetv2,bank_a,ua,15,4,0.009254195568672005,False
h0,hfl,0,3,Mobilenetv2,bank_a,ua,16,6,0.1454875305828535,True
h0,hfl,0,3,Mobilenetv2,bank_a,ua,17,6,0.04276841570899367,True
h0,hfl,0,3,Mobilenetv2,bank_a,ua,18,9,0.0022860673800827874,False
h0,hfl,0,3,Mobilenetv2,bank_a,ua,19,6,0.015648415669096638,True
h0,hfl,0,3,Mobilenetv2,bank_a,ua,20,9,0.04655055807879613,True
h0,hfl,0,3,Mobilenetv2,bank_a,ua,21,0,0.016098154985551602,True
h0,hfl,0,3,Mobilenetv2,bank_a,ua,22,5,0.0012257079418006855,False
h0,hfl,0,3,Mobilenetv2,bank_a,ua,23,4,0.04491688898597648,True
h0,hfl,0,3,Mobilenetv2,bank_a,ua,24,0,0.014450674095097732,True
h0,hfl,0,3,Mobilenetv2,bank_a,ua,25,9,0.023610465136063956,True
h0,hfl,0,3,Mobilenetv2,bank_a,ua,26,2,0.0232800439925384,True
h0,hfl,0,3,Mobilenetv2,bank_a,ua,27,6,0.04921598108588465,True
h0,hfl,0,3,Mobilenetv2,bank_a,ua,28,0,0.02945248385082859,True
h0,hfl,0,3,Mobilenetv2,bank_a,ua,29,6,0.035980708502861905,True
h0,hfl,0,3,Mobilenetv2,bank_a,ua,30,6,0.007713127017591151,True
h0,hfl,0,3,Mobilenetv2,bank_a,ua,31,6,0.035376166143875745,False
h0,hfl,0,3,Mobilenetv2,bank_a,ua,32,6,0.031130253599501598,False
h0,hfl,0,3,Mobilenetv2,bank_a,ua,33,6,0.06570599212428867,True
h0,hfl,0,3,Mobilenetv2,bank_a,ua,34,0,0.06475563883879926,True
h0,hfl,0,3,Mobilenetv2,bank_a,ua,35,6,0.05174530744399927,False
h0,hfl,0,3,Mobilenetv2,bank_a,ua,36,5,0.00185063495045093,True
h0,hfl,0,3,Mobilenetv2,bank_a,ua,37,8,0.022824783980538027,True
h0,hfl,0,3,Mobilenetv2,bank_a,ua,38,4,0.014433865730099957,True
h0,hfl,0,3,Mobilenetv2,bank_a,ua,39,9,0.02041060480169392,True
h0,hfl,0,3,Mobilenetv2,bank_a,ua,40,8,0.061325906971809924,True
h0,hfl,0,3,Mobilenetv2,bank_a,ua,41,6,0.023084177321978844,True
h0,hfl,0,3,Mobilenetv2,bank_a,ua,42,2,0.04412713695288945,True
h0,hfl,0,3,Mobilenetv2,bank_a,ua,43,8,0.03027888822274938,True
h0,hfl,0,3,Mobilenetv2,bank_a,ua,44,8,0.023878366367955622,True
h0,hfl,0,3,Mobilenetv2,bank_a,ua,45,4,0.03032270779123815,False
h0,hfl,0,3,Mobilenetv2,bank_a,ua,46,6,0.0665650705702468,True
h0,hfl,0,3,Mobilenetv2,bank_a,ua,47,4,0.030943927226323678,True
h0,hfl,0,3,Mobilenetv2,bank_a,ua,48,6,0.08881595130071958,True
h0,hfl,0,3,Mobilenetv2,bank_a,ua,49,4,0.03200022837692057,True
h0,hfl,0,3,Mobilenetv2,bank_a,ua,50,5,0.08531905084595828,True
h0,hfl,0,3,Mobilenetv2,bank_a,ua,51,6,0.044455619816171944,True
h0,hfl,0,3,Mobilenetv2,bank_a,ua,52,8,0.05829663034699985,True
h0,hfl,0,3,Mobilenetv2,bank_a,ua,53,6,0.05074978634723416,True
h0,hfl,0,3,Mobilenetv2,bank_a,ua,54,8,0.003243659471445587,False
h0,hfl,0,3,Mobilenetv2,bank_a,ua,55,8,0.039997997707965804,True
h0,hfl,0,3,Mobilenetv2,bank_a,ua,56,6,0.07262042282388431,True
h0,hfl,0,3,Mobilenetv2,bank_a,ua,57,6,0.05058740610831168,True
h0,hfl,0,3,Mobilenetv2,bank_a,ua,58,5,0.0015878597176336579,True
h0,hfl,0,3,Mobilenetv2,bank_a,ua,59,9,0.03869088171143216,True
h0,hfl,0,3,Mobilenetv2,bank_a,ua,60,9,0.015793385077586777,False
h0,hfl,0,3,Mobilenetv2,bank_a,ua,61,0,0.04732370626907103,True
h0,hfl,0,3,Mobilenetv2,bank_a,ua,62,6,0.01712269663080862,True
h0,hfl,0,3,Mobilenetv2,bank_a,ua,63,0,0.05903899399610524,True
h0,hfl,0,3,Mobilenetv2,bank_a,ub,0,6,0.004271403158420346,False
h0,hfl,0,3,Mobilenetv2,bank_a,ub,1,6,0.022125690770469636,True
h0,hfl,0,3,Mobilenetv2,bank_a,ub,2,0,0.003272195141356904,True
h0,hfl,0,3,Mobilenetv2,bank_a,ub,3,4,0.041082834549588346,True
h0,hfl,0,3,Mobilenetv2,bank_a,ub,4,9,0.04376572781165021,True
h0,hfl,0,3,Mobilenetv2,bank_a,ub,5,0,0.010003236020298262,True
h0,hfl,0,3,Mobilenetv2,bank_a,ub,6,6,0.08812711735886435,True
h0,hfl,0,3,Mobilenetv2,bank_a,ub,7,8,0.02088000287315929,False
h0,hfl,0,3,Mobilenetv2,bank_a,ub,8,9,0.02360894156270118,True
h0,hfl,0,3,Mobilenetv2,bank_a,ub,9,5,0.03586589320151084,False
h0,hfl,0,3,Mobilenetv2,bank_a,ub,10,4,0.007486228484063717,True
h0,hfl,0,3,Mobilenetv2,bank_a,ub,11,6,0.022724432292545768,True
h0,hfl,0,3,Mobilenetv2,bank_a,ub,12,8,0.01749460028136933,True
h0,hfl,0,3,Mobilenetv2,bank_a,ub,13,0,0.0062143951069845715,False
h0,hfl,0,3,Mobilenetv2,bank_a,ub,14,5,0.049014009761454265,True
h0,hfl,0,3,Mobilenetv2,bank_a,ub,15,2,0.011494897737725274,False
h0,hfl,0,3,Mobilenetv2,bank_a,ub,16,6,0.11383643338458112,True
h0,hfl,0,3,Mobilenetv2,bank_a,ub,17,6,0.041612920805402534,True
h0,hfl,0,3,Mobilenetv2,bank_a,ub,18,4,0.01671547403015039,False
h0,hfl,0,3,Mobilenetv2,bank_a,ub,19,6,0.04860933562417828,True
h0,hfl,0,3,Mobilenetv2,bank_a,ub,20,9,0.013202026244799436,True
h0,hfl,0,3,Mobilenetv2,bank_a,ub,21,0,0.019221920696731676,True
h0,hfl,0,3,Mobilenetv2,bank_a,ub,22,4,0.010810429555656989,False
h0,hfl,0,3,Mobilenetv2,bank_a,ub,23,4,0.03299005155507323,True
h0,hfl,0,3,Mobilenetv2,bank_a,ub,24,0,0.010904605563777398,True
h0,hfl,0,3,Mobilenetv2,bank_a,ub,25,9,0.025784967987903973,True
h0,hfl,0,3,Mobilenetv2,bank_a,ub,26,2,0.03026683494212927,True
h0,hfl,0,3,Mobilenetv2,bank_a,ub,27,6,0.025766721002083326,True
h0,hfl,0,3,Mobilenetv2,bank_a,ub,28,0,0.04335171096736676,True
h0,hfl,0,3,Mobilenetv2,bank_a,ub,29,6,0.014375252965194346,True
h0,hfl,0,3,Mobilenetv2,bank_a,ub,30,6,0.04528775474371724,True
h0,hfl,0,3,Mobilenetv2,bank_a,ub,31,9,0.0006378659199815923,False
h0,hfl,0,3,Mobilenetv2,bank_a,ub,32,5,0.004346108849688474,False
h0,hfl,0,3,Mobilenetv2,bank_a,ub,33,6,0.08764129219569262,True
h0,hfl,0,3,Mobilenetv2,bank_a,ub,34,0,0.0627783732972455,True
h0,hfl,0,3,Mobilenetv2,bank_a,ub,35,5,0.023859929192261126,False
h0,hfl,0,3,Mobilenetv2,bank_a,ub,36,5,0.01133481778967578,True
h0,hfl,0,3,Mobilenetv2,bank_a,ub,37,8,0.024686879561410552,True
h0,hfl,0,3,Mobilenetv2,bank_a,ub,38,4,0.034163507130318224,True
h0,hfl,0,3,Mobilenetv2,bank_a,ub,39,9,0.014427304538499795,True
h0,hfl,0,3,Mobilenetv2,bank_a,ub,40,8,0.06739178849624936,True
h0,hfl,0,3,Mobilenetv2,bank_a,ub,41,6,0.009166096161284665,True
h0,hfl,0,3,Mobilenetv2,bank_a,ub,42,2,0.049323385488566185,True
h0,hfl,0,3,Mobilenetv2,bank_a,ub,43,8,0.030576960766659708,True
h0,hfl,0,3,Mobilenetv2,bank_a,ub,44,8,0.02127817491436884,True
h0,hfl,0,3,Mobilenetv2,bank_a,ub,45,2,0.00040327300333298233,False
h0,hfl,0,3,Mobilenetv2,bank_a,ub,46,6,0.06562132170315584,True
h0,hfl,0,3,Mobilenetv2,bank_a,ub,47,4,0.050206370959697905,True
h0,hfl,0,3,Mobilenetv2,bank_a,ub,48,6,0.05057177312896831,True
h0,hfl,0,3,Mobilenetv2,bank_a,ub,49,4,0.009744129445327779,True
h0,hfl,0,3,Mobilenetv2,bank_a,ub,50,5,0.06326556210710628,True
h0,hfl,0,3,Mobilenetv2,bank_a,ub,51,6,0.011662583910198115,True
h0,hfl,0,3,Mobilenetv2,bank_a,ub,52,8,0.04635876889552974,True
h0,hfl,0,3,Mobilenetv2,bank_a,ub,53,6,0.04864843253816793,True
h0,hfl,0,3,Mobilenetv2,bank_a,ub,54,6,0.004258647251715528,False
h0,hfl,0,3,Mobilenetv2,bank_a,ub,55,8,0.04695193446672566,True
h0,hfl,0,3,Mobilenetv2,bank_a,ub,56,6,0.07221317961109083,True
h0,hfl,0,3,Mobilenetv2,bank_a,ub,57,6,0.04685472028774054,True
h0,hfl,0,3,Mobilenetv2,bank_a,ub,58,5,0.03585499901698844,True
h0,hfl,0,3,Mobilenetv2,bank_a,ub,59,9,0.04090134322693059,True
h0,hfl,0,3,Mobilenetv2,bank_a,ub,60,5,0.006152607007001237,False
h0,hfl,0,3,Mobilenetv2,bank_a,ub,61,0,0.05113445819702831,True
h0,hfl,0,3,Mobilenetv2,bank_a,ub,62,6,0.0076780623240714635,True
h0,hfl,0,3,Mobilenetv2,bank_a,ub,63,0,0.06768710233189373,True
h0,hfl,0,3,Mobilenetv2,bank_b,ua,0,6,0.11733749080222966,True
h0,hfl,0,3,Mobilenetv2,bank_b,ua,1,6,0.011272775562845144,True
h0,hfl,0,3,Mobilenetv2,bank_b,ua,2,6,0.038494654031878725,True
h0,hfl,0,3,Mobilenetv2,bank_b,ua,3,9,0.02083048333346483,True
h0,hfl,0,3,Mobilenetv2,bank_b,ua,4,4,0.03195463834431328,True
h0,hfl,0,3,Mobilenetv2,bank_b,ua,5,2,0.0077647014942319875,True
h0,hfl,0,3,Mobilenetv2,bank_b,ua,6,6,0.03288400216451315,True
h0,hfl,0,3,Mobilenetv2,bank_b,ua,7,6,0.3225306965730023,True
h0,hfl,0,3,Mobilenetv2,bank_b,ua,8,4,0.037212914987804796,True
h0,hfl,0,3,Mobilenetv2,bank_b,ua,9,1,0.04960591495869124,True
h0,hfl,0,3,Mobilenetv2,bank_b,ua,10,6,0.008891283850586337,True
h0,hfl,0,3,Mobilenetv2,bank_b,ua,11,6,0.0027157611921012625,True
h0,hfl,0,3,Mobilenetv2,bank_b,ua,12,4,0.042778301925564796,False
h0,hfl,0,3,Mobilenetv2,bank_b,ua,13,8,0.005198341231581638,True
h0,hfl,0,3,Mobilenetv2,bank_b,ua,14,6,0.02625062146500598,True
h0,hfl,0,3,Mobilenetv2,bank_b,ua,15,4,0.117180856583926,True
h0,hfl,0,3,Mobilenetv2,bank_b,ua,16,9,0.01651779701728004,True
h0,hfl,0,3,Mobilenetv2,bank_b,ua,17,6,0.005682041405117744,False
h0,hfl,0,3,Mobilenetv2,bank_b,ua,18,4,0.04280576804562784,True
h0,hfl,0,3,Mobilenetv2,bank_b,ua,19,6,0.022301617752794434,True
h0,hfl,0,3,Mobilenetv2,bank_b,ua,20,6,0.06194050225217863,True
h0,hfl,0,3,Mobilenetv2,bank_b,ua,21,8,0.0374805119034671,True
h0,hfl,0,3,Mobilenetv2,bank_b,ua,22,9,0.09291602111132748,True
h0,hfl,0,3,Mobilenetv2,bank_b,ua,23,9,0.08807611278229026,True
h0,hfl,0,3,Mobilenetv2,bank_b,ua,24,4,0.0169146652734415,True
h0,hfl,0,3,Mobilenetv2,bank_b,ua,25,0,0.02696620072961748,True
h0,hfl,0,3,Mobilenetv2,bank_b,ua,26,0,0.04527408633424623,True
h0,hfl,0,3,Mobilenetv2,bank_b,ua,27,9,0.01103447015849595,False
h0,hfl,0,3,Mobilenetv2,bank_b,ua,28,0,0.01882421852389396,True
h0,hfl,0,3,Mobilenetv2,bank_b,ua,29,6,0.04384523763589673,True
h0,hfl,0,3,Mobilenetv2,bank_b,ua,30,9,0.11289790225826729,True
h0,hfl,0,3,Mobilenetv2,bank_b,ua,31,6,0.015968173830306673,False
h0,hfl,0,3,Mobilenetv2,bank_b,ua,32,4,0.024278315232242803,True
h0,hfl,0,3,Mobilenetv2,bank_b,ua,33,9,0.17185474266353548,True
h0,hfl,0,3,Mobilenetv2,bank_b,ua,34,6,0.008508321846861316,True
h0,hfl,0,3,Mobilenetv2,bank_b,ua,35,6,0.10029637288972747,True
h0,hfl,0,3,Mobilenetv2,bank_b,ua,36,1,0.07861226870195867,True
h0,hfl,0,3,Mobilenetv2,bank_b,ua,37,0,0.029095356199731276,True
h0,hfl,0,3,Mobilenetv2,bank_b,ua,38,0,0.04438715806118776,True
h0,hfl,0,3,Mobilenetv2,bank_b,ua,39,6,0.03729143108477864,True
h0,hfl,0,3,Mobilenetv2,bank_b,ua,40,6,0.059208010778253384,True
h0,hfl,0,3,Mobilenetv2,bank_b,ua,41,6,0.1963700596699648,True
h0,hfl,0,3,Mobilenetv2,bank_b,ua,42,6,0.03499893253925011,True
h0,hfl,0,3,Mobilenetv2,bank_b,ua,43,0,0.06524655847381133,True
h0,hfl,0,3,Mobilenetv2,bank_b,ua,44,4,0.0011968734023522498,True
h0,hfl,0,3,Mobilenetv2,bank_b,ua,45,9,0.0636092733365248,True
h0,hfl,0,3,Mobilenetv2,bank_b,ua,46,4,0.019839223720816625,True
h0,hfl,0,3,Mobilenetv2,bank_b,ua,47,5,0.006908285361131611,True
h0,hfl,0,3,Mobilenetv2,bank_b,ua,48,0,0.02271775552904945,True
h0,hfl,0,3,Mobilenetv2,bank_b,ua,49,0,0.005465774342343438,True
h0,hfl,0,3,Mobilenetv2,bank_b,ua,50,4,0.052849367096907865,True
h0,hfl,0,3,Mobilenetv2,bank_b,ua,51,4,0.011205099005986069,False
h0,hfl,0,3,Mobilenetv2,bank_b,ua,52,6,0.026106813471689083,True
h0,hfl,0,3,Mobilenetv2,bank_b,ua,53,0,0.11908538674066253,True
h0,hfl,0,3,Mobilenetv2,bank_b,ua,54,6,0.017105032502253315,True
h0,hfl,0,3,Mobilenetv2,bank_b,ua,55,9,0.11530973030120174,True
h0,hfl,0,3,Mobilenetv2,bank_b,ua,56,9,0.11948672446314737,True
h0,hfl,0,3,Mobilenetv2,bank_b,ua,57,5,0.018095067211642876,False
h0,hfl,0,3,Mobilenetv2,bank_b,ua,58,6,0.005166876978559137,False
h0,hfl,0,3,Mobilenetv2,bank_b,ua,59,0,0.004714277382679322,False
h0,hfl,0,3,Mobilenetv2,bank_b,ua,60,6,0.07030161593713025,True
h0,hfl,0,3,Mobilenetv2,bank_b,ua,61,5,0.11345296780020901,True
h0,hfl,0,3,Mobilenetv2,bank_b,ua,62,6,0.04929101680226218,True
h0,hfl,0,3,Mobilenetv2,bank_b,ua,63,9,0.05601450729805579,True
h0,hfl,0,3,Mobilenetv2,bank_b,ub,0,6,0.11495460362590257,True
h0,hfl,0,3,Mobilenetv2,bank_b,ub,1,6,0.01372711568757029,True
h0,hfl,0,3,Mobilenetv2,bank_b,ub,2,6,0.09006118032324145,True
h0,hfl,0,3,Mobilenetv2,bank_b,ub,3,9,0.014792779882341393,True
h0,hfl,0,3,Mobilenetv2,bank_b,ub,4,4,0.01103427149837441,True
h0,hfl,0,3,Mobilenetv2,bank_b,ub,5,2,0.015808273463076603,True
h0,hfl,0,3,Mobilenetv2,bank_b,ub,6,6,0.04096803598944207,True
h0,hfl,0,3,Mobilenetv2,bank_b,ub,7,6,0.277876230844769,True
h0,hfl,0,3,Mobilenetv2,bank_b,ub,8,4,0.049175126304790866,True
h0,hfl,0,3,Mobilenetv2,bank_b,ub,9,1,0.06804939729252742,True
h0,hfl,0,3,Mobilenetv2,bank_b,ub,10,6,0.002660856730393721,True
h0,hfl,0,3,Mobilenetv2,bank_b,ub,11,6,0.0009406189669406151,True
h0,hfl,0,3,Mobilenetv2,bank_b,ub,12,5,0.025241294903895505,False
h0,hfl,0,3,Mobilenetv2,bank_b,ub,13,8,0.016236254885001238,True
h0,hfl,0,3,Mobilenetv2,bank_b,ub,14,6,0.0010835866646194403,True
h0,hfl,0,3,Mobilenetv2,bank_b,ub,15,4,0.12524446769274153,True
h0,hfl,0,3,Mobilenetv2,bank_b,ub,16,9,0.030241556240214653,True
h0,hfl,0,3,Mobilenetv2,bank_b,ub,17,4,0.009249180175659677,False
h0,hfl,0,3,Mobilenetv2,bank_b,ub,18,4,0.037056327942124406,True
h0,hfl,0,3,Mobilenetv2,bank_b,ub,19,6,0.019576732325796237,True
h0,hfl,0,3,Mobilenetv2,bank_b,ub,20,6,0.02464512395326384,True
h0,hfl,0,3,Mobilenetv2,bank_b,ub,21,8,0.03370105037564128,True
h0,hfl,0,3,Mobilenetv2,bank_b,ub,22,9,0.09113032442584111,True
h0,hfl,0,3,Mobilenetv2,bank_b,ub,23,9,0.039840271567902125,True
h0,hfl,0,3,Mobilenetv2,bank_b,ub,24,4,0.0007789318318012911,True
h0,hfl,0,3,Mobilenetv2,bank_b,ub,25,0,0.007377376325526534,True
h0,hfl,0,3,Mobilenetv2,bank_b,ub,26,0,0.05747801968808003,True
h0,hfl,0,3,Mobilenetv2,bank_b,ub,27,5,0.021861668198210976,False
h0,hfl,0,3,Mobilenetv2,bank_b,ub,28,0,0.022810506437595607,True
h0,hfl,0,3,Mobilenetv2,bank_b,ub,29,6,0.0465734116296255,True
h0,hfl,0,3,Mobilenetv2,bank_b,ub,30,9,0.091207297508592,True
h0,hfl,0,3,Mobilenetv2,bank_b,ub,31,5,0.003935132977000766,False
h0,hfl,0,3,Mobilenetv2,bank_b,ub,32,4,0.012872984966916454,True
h0,hfl,0,3,Mobilenetv2,bank_b,ub,33,9,0.16968740703929458,True
h0,hfl,0,3,Mobilenetv2,bank_b,ub,34,6,0.012590206338246257,True
h0,hfl,0,3,Mobilenetv2,bank_b,ub,35,6,0.11894109800725633,True
h0,hfl,0,3,Mobilenetv2,bank_b,ub,36,1,0.10157916885928166,True
h0,hfl,0,3,Mobilenetv2,bank_b,ub,37,0,0.014026654929925969,True
h0,hfl,0,3,Mobilenetv2,bank_b,ub,38,0,0.030349054082705884,True
h0,hfl,0,3,Mobilenetv2,bank_b,ub,39,6,0.030731001642277933,True
h0,hfl,0,3,Mobilenetv2,bank_b,ub,40,6,0.07881752427966371,True
h0,hfl,0,3,Mobilenetv2,bank_b,ub,41,6,0.17458898707834036,True
h0,hfl,0,3,Mobilenetv2,bank_b,ub,42,6,0.02567167008285745,True
h0,hfl,0,3,Mobilenetv2,bank_b,ub,43,0,0.051493568649902274,True
h0,hfl,0,3,Mobilenetv2,bank_b,ub,44,4,0.007785421671967094,True
h0,hfl,0,3,Mobilenetv2,bank_b,ub,45,9,0.03989088397813325,True
h0,hfl,0,3,Mobilenetv2,bank_b,ub,46,4,0.029813564767017905,True
h0,hfl,0,3,Mobilenetv2,bank_b,ub,47,5,0.05077863276862922,True
h0,hfl,0,3,Mobilenetv2,bank_b,ub,48,0,0.008230225072510144,True
h0,hfl,0,3,Mobilenetv2,bank_b,ub,49,0,0.013894244232396352,True
h0,hfl,0,3,Mobilenetv2,bank_b,ub,50,4,0.05196581808378069,True
h0,hfl,0,3,Mobilenetv2,bank_b,ub,51,6,0.0023701490760163757,False
h0,hfl,0,3,Mobilenetv2,bank_b,ub,52,6,0.021512171410612124,True
h0,hfl,0,3,Mobilenetv2,bank_b,ub,53,0,0.12556413934202137,True
h0,hfl,0,3,Mobilenetv2,bank_b,ub,54,6,0.045146808307568904,True
h0,hfl,0,3,Mobilenetv2,bank_b,ub,55,9,0.11596505771353513,True
h0,hfl,0,3,Mobilenetv2,bank_b,ub,56,9,0.12094166098780282,True
h0,hfl,0,3,Mobilenetv2,bank_b,ub,57,6,0.013770916146340094,False
h0,hfl,0,3,Mobilenetv2,bank_b,ub,58,4,0.005793691655383862,False
h0,hfl,0,3,Mobilenetv2,bank_b,ub,59,8,0.013111910436753776,False
h0,hfl,0,3,Mobilenetv2,bank_b,ub,60,6,0.08607941050336405,True
h0,hfl,0,3,Mobilenetv2,bank_b,ub,61,5,0.09864900323926909,True
h0,hfl,0,3,Mobilenetv2,bank_b,ub,62,6,0.011588223039573256,True
h0,hfl,0,3,Mobilenetv2,bank_b,ub,63,9,0.055397825383002,True
h9,hfl,9,0,ResNet10,bank_a,ua,0,4,0.09307242827575371,True
h9,hfl,9,0,ResNet10,bank_a,ua,1,4,0.1173405572391954,True
h9,hfl,9,0,ResNet10,bank_a,ua,2,9,0.004241639825489474,True
h9,hfl,9,0,ResNet10,bank_a,ua,3,7,0.20426554711690703,True
h9,hfl,9,0,ResNet10,bank_a,ua,4,4,0.027830637835882355,True
h9,hfl,9,0,ResNet10,bank_a,ua,5,6,0.0029298821123369123,True
h9,hfl,9,0,ResNet10,bank_a,ua,6,4,0.047693147858578866,True
h9,hfl,9,0,ResNet10,bank_a,ua,7,4,0.03598284381546557,True
h9,hfl,9,0,ResNet10,bank_a,ua,8,9,0.0038480631600061876,True
h9,hfl,9,0,ResNet10,bank_a,ua,9,4,0.05971460400120904,True
h9,hfl,9,0,ResNet10,bank_a,ua,10,5,0.15290885802653262,True
h9,hfl,9,0,ResNet10,bank_a,ua,11,4,0.15189769489114535,True
h9,hfl,9,0,ResNet10,bank_a,ua,12,0,0.04666032892973304,True
h9,hfl,9,0,ResNet10,bank_a,ua,13,0,0.03945722513515787,True
h9,hfl,9,0,ResNet10,bank_a,ua,14,4,0.023947049963768507,False
h9,hfl,9,0,ResNet10,bank_a,ua,15,6,0.07925657062842495,True
h9,hfl,9,0,ResNet10,bank_a,ua,16,6,0.20613310982824287,True
h9,hfl,9,0,ResNet10,bank_a,ua,17,4,0.14306177695158678,True
h9,hfl,9,0,ResNet10,bank_a,ua,18,1,0.0006151870978648999,False
h9,hfl,9,0,ResNet10,bank_a,ua,19,7,0.01168068916085152,True
h9,hfl,9,0,ResNet10,bank_a,ua,20,0,0.03850462469865315,True
h9,hfl,9,0,ResNet10,bank_a,ua,21,5,0.21127351478589018,True
h9,hfl,9,0,ResNet10,bank_a,ua,22,4,0.06003539030386129,True
h9,hfl,9,0,ResNet10,bank_a,ua,23,7,0.022497627750728652,True
h9,hfl,9,0,ResNet10,bank_a,ua,24,0,0.11219527379045785,True
h9,hfl,9,0,ResNet10,bank_a,ua,25,4,0.0021336323208723945,True
h9,hfl,9,0,ResNet10,bank_a,ua,26,5,0.06621048994286291,True
h9,hfl,9,0,ResNet10,bank_a,ua,27,4,0.24416870051871326,True
h9,hfl,9,0,ResNet10,bank_a,ua,28,0,0.02357198509596531,True
h9,hfl,9,0,ResNet10,bank_a,ua,29,4,0.04963632045362845,True
h9,hfl,9,0,ResNet10,bank_a,ua,30,6,0.14143504735341858,True
h9,hfl,9,0,ResNet10,bank_a,ua,31,4,0.20917755223846657,True
h9,hfl,9,0,ResNet10,bank_a,ua,32,4,0.11381313829759909,True
h9,hfl,9,0,ResNet10,bank_a,ua,33,4,0.08616429891938002,True
h9,hfl,9,0,ResNet10,bank_a,ua,34,0,0.08816588183862961,True
h9,hfl,9,0,ResNet10,bank_a,ua,35,4,0.12487761325672675,True
h9,hfl,9,0,ResNet10,bank_a,ua,36,4,0.1519144802514904,True
h9,hfl,9,0,ResNet10,bank_a,ua,37,0,0.06088912865393725,True
h9,hfl,9,0,ResNet10,bank_a,ua,38,4,0.12906607101573656,True
h9,hfl,9,0,ResNet10,bank_a,ua,39,4,0.10816191600659253,True
h9,hfl,9,0,ResNet10,bank_a,ua,40,0,0.07814963094785132,True
h9,hfl,9,0,ResNet10,bank_a,ua,41,4,0.02917230758635997,True
h9,hfl,9,0,ResNet10,bank_a,ua,42,4,0.049684979670334195,True
h9,hfl,9,0,ResNet10,bank_a,ua,43,0,0.03223086923070162,True
h9,hfl,9,0,ResNet10,bank_a,ua,44,0,0.006784882209037724,False
h9,hfl,9,0,ResNet10,bank_a,ua,45,2,0.01913184648151539,False
h9,hfl,9,0,ResNet10,bank_a,ua,46,4,0.21801818681201873,True
h9,hfl,9,0,ResNet10,bank_a,ua,47,4,0.03728947316008745,True
h9,hfl,9,0,ResNet10,bank_a,ua,48,4,0.13646057868965428,True
h9,hfl,9,0,ResNet10,bank_a,ua,49,4,0.03833861986468691,True
h9,hfl,9,0,ResNet10,bank_a,ua,50,5,0.350967202834581,True
h9,hfl,9,0,ResNet10,bank_a,ua,51,4,0.03619684470807369,True
h9,hfl,9,0,ResNet10,bank_a,ua,52,4,0.008944976734575893,True
h9,hfl,9,0,ResNet10,bank_a,ua,53,6,0.004157126794882837,True
h9,hfl,9,0,ResNet10,bank_a,ua,54,1,0.0005871810286245394,True
h9,hfl,9,0,ResNet10,bank_a,ua,55,0,0.0576400441890767,True
h9,hfl,9,0,ResNet10,bank_a,ua,56,4,0.24062108975881025,True
h9,hfl,9,0,ResNet10,bank_a,ua,57,4,0.07231974568456223,True
h9,hfl,9,0,ResNet10,bank_a,ua,58,2,0.005658816788384868,False
h9,hfl,9,0,ResNet10,bank_a,ua,59,0,0.02391953664493019,True
h9,hfl,9,0,ResNet10,bank_a,ua,60,4,0.09505136010323978,True
h9,hfl,9,0,ResNet10,bank_a,ua,61,0,0.0046105206070895105,False
h9,hfl,9,0,ResNet10,bank_a,ua,62,4,0.17709737164426964,True
h9,hfl,9,0,ResNet10,bank_a,ua,63,0,0.15569974534554698,True
h9,hfl,9,0,ResNet10,bank_a,ub,0,4,0.06184438200326359,True
h9,hfl,9,0,ResNet10,bank_a,ub,1,4,0.07817812418028064,True
h9,hfl,9,0,ResNet10,bank_a,ub,2,9,0.004670096896054299,True
h9,hfl,9,0,ResNet10,bank_a,ub,3,7,0.18529776859228003,True
h9,hfl,9,0,ResNet10,bank_a,ub,4,4,0.038712740223223255,True
h9,hfl,9,0,ResNet10,bank_a,ub,5,6,0.03639757116093567,True
h9,hfl,9,0,ResNet10,bank_a,ub,6,4,0.03545653261132492,True
h9,hfl,9,0,ResNet10,bank_a,ub,7,4,0.03067340288208853,True
h9,hfl,9,0,ResNet10,bank_a,ub,8,9,0.0028005994082885843,True
h9,hfl,9,0,ResNet10,bank_a,ub,9,4,0.031617264150889446,True
h9,hfl,9,0,ResNet10,bank_a,ub,10,5,0.12575228719891493,True
h9,hfl,9,0,ResNet10,bank_a,ub,11,4,0.13970243704695873,True
h9,hfl,9,0,ResNet10,bank_a,ub,12,0,0.04442450100872897,True
h9,hfl,9,0,ResNet10,bank_a,ub,13,0,0.061399723795356076,True
h9,hfl,9,0,ResNet10,bank_a,ub,14,0,0.0007150409020924564,False
h9,hfl,9,0,ResNet10,bank_a,ub,15,6,0.10125000015326596,True
h9,hfl,9,0,ResNet10,bank_a,ub,16,6,0.19026699382462348,True
h9,hfl,9,0,ResNet10,bank_a,ub,17,4,0.11024577047794687,True
h9,hfl,9,0,ResNet10,bank_a,ub,18,9,0.00016812036836261202,False
h9,hfl,9,0,ResNet10,bank_a,ub,19,7,0.006857850324256731,True
h9,hfl,9,0,ResNet10,bank_a,ub,20,0,0.07252788908332101,True
h9,hfl,9,0,ResNet10,bank_a,ub,21,5,0.19239137593996553,True
h9,hfl,9,0,ResNet10,bank_a,ub,22,4,0.04815466365675797,True
h9,hfl,9,0,ResNet10,bank_a,ub,23,7,0.02763157598351075,True
h9,hfl,9,0,ResNet10,bank_a,ub,24,0,0.10095403242807421,True
h9,hfl,9,0,ResNet10,bank_a,ub,25,4,0.015223661230118438,True
h9,hfl,9,0,ResNet10,bank_a,ub,26,5,0.011137511302950681,True
h9,hfl,9,0,ResNet10,bank_a,ub,27,4,0.24788503333546869,True
h9,hfl,9,0,ResNet10,bank_a,ub,28,0,0.0333751514251385,True
h9,hfl,9,0,ResNet10,bank_a,ub,29,4,0.038493402159651136,True
h9,hfl,9,0,ResNet10,bank_a,ub,30,6,0.20633842185921,True
h9,hfl,9,0,ResNet10,bank_a,ub,31,4,0.20103185413023683,True
h9,hfl,9,0,ResNet10,bank_a,ub,32,4,0.07936762329031916,True
h9,hfl,9,0,ResNet10,bank_a,ub,33,4,0.0822262678733035,True
h9,hfl,9,0,ResNet10,bank_a,ub,34,0,0.09398550977504255,True
h9,hfl,9,0,ResNet10,bank_a,ub,35,4,0.11181784359595448,True
h9,hfl,9,0,ResNet10,bank_a,ub,36,4,0.12667278019528516,True
h9,hfl,9,0,ResNet10,bank_a,ub,37,0,0.05789588564949122,True
h9,hfl,9,0,ResNet10,bank_a,ub,38,4,0.12285605177000106,True
h9,hfl,9,0,ResNet10,bank_a,ub,39,4,0.11072090335439722,True
h9,hfl,9,0,ResNet10,bank_a,ub,40,0,0.0650165288350662,True
h9,hfl,9,0,ResNet10,bank_a,ub,41,4,0.028756154118586785,True
h9,hfl,9,0,ResNet10,bank_a,ub,42,4,0.036615494292215,True
h9,hfl,9,0,ResNet10,bank_a,ub,43,0,0.05412179360880526,True
h9,hfl,9,0,ResNet10,bank_a,ub,44,4,0.015372764739011169,False
h9,hfl,9,0,ResNet10,bank_a,ub,45,6,0.011285049694461285,False
h9,hfl,9,0,ResNet10,bank_a,ub,46,4,0.1967456530390132,True
h9,hfl,9,0,ResNet10,bank_a,ub,47,4,0.042288325882038194,True
h9,hfl,9,0,ResNet10,bank_a,ub,48,4,0.10359479850563824,True
h9,hfl,9,0,ResNet10,bank_a,ub,49,4,0.04673039971426357,True
h9,hfl,9,0,ResNet10,bank_a,ub,50,5,0.3027916434434297,True
h9,hfl,9,0,ResNet10,bank_a,ub,51,4,0.017527669819407787,True
h9,hfl,9,0,ResNet10,bank_a,ub,52,4,0.02546984074314701,True
h9,hfl,9,0,ResNet10,bank_a,ub,53,6,0.02317397219303849,True
h9,hfl,9,0,ResNet10,bank_a,ub,54,1,0.000537732960777193,True
h9,hfl,9,0,ResNet10,bank_a,ub,55,0,0.05918252306304733,True
h9,hfl,9,0,ResNet10,bank_a,ub,56,4,0.2092101441502216,True
h9,hfl,9,0,ResNet10,bank_a,ub,57,4,0.04990541932503001,True
h9,hfl,9,0,ResNet10,bank_a,ub,58,4,0.003383886162618782,False
h9,hfl,9,0,ResNet10,bank_a,ub,59,0,0.042207269153770786,True
h9,hfl,9,0,ResNet10,bank_a,ub,60,4,0.056415539131337566,True
h9,hfl,9,0,ResNet10,bank_a,ub,61,2,0.0030176310082702523,False
h9,hfl,9,0,ResNet10,bank_a,ub,62,4,0.17036090026927536,True
h9,hfl,9,0,ResNet10,bank_a,ub,63,0,0.17566510218194833,True
h9,hfl,9,0,ResNet10,bank_b,ua,0,4,0.20143483145460245,True
h9,hfl,9,0,ResNet10,bank_b,ua,1,4,0.0486486719051159,True
h9,hfl,9,0,ResNet10,bank_b,ua,2,4,0.07615710669188991,True
h9,hfl,9,0,ResNet10,bank_b,ua,3,1,0.001300548957442027,False
h9,hfl,9,0,ResNet10,bank_b,ua,4,6,0.0065819838519087515,True
h9,hfl,9,0,ResNet10,bank_b,ua,5,1,0.0017444961314367347,True
h9,hfl,9,0,ResNet10,bank_b,ua,6,4,0.19963024553577813,True
h9,hfl,9,0,ResNet10,bank_b,ua,7,4,0.1125379500755545,True
h9,hfl,9,0,ResNet10,bank_b,ua,8,1,0.0010453180672063134,True
h9,hfl,9,0,ResNet10,bank_b,ua,9,4,0.016740552906715944,True
h9,hfl,9,0,ResNet10,bank_b,ua,10,4,0.10996992731836722,True
h9,hfl,9,0,ResNet10,bank_b,ua,11,4,0.05349335592064447,True
h9,hfl,9,0,ResNet10,bank_b,ua,12,5,0.3329864671420925,True
h9,hfl,9,0,ResNet10,bank_b,ua,13,4,0.03316036912139991,True
h9,hfl,9,0,ResNet10,bank_b,ua,14,4,0.2530370988751132,True
h9,hfl,9,0,ResNet10,bank_b,ua,15,4,0.027057949766871203,True
h9,hfl,9,0,ResNet10,bank_b,ua,16,4,0.012908585261655059,False
h9,hfl,9,0,ResNet10,bank_b,ua,17,4,0.3887358101192676,True
h9,hfl,9,0,ResNet10,bank_b,ua,18,7,0.0669930996839223,True
h9,hfl,9,0,ResNet10,bank_b,ua,19,4,0.08180198446775849,True
h9,hfl,9,0,ResNet10,bank_b,ua,20,6,0.01116389608100693,False
h9,hfl,9,0,ResNet10,bank_b,ua,21,8,0.0034436150387338327,False
h9,hfl,9,0,ResNet10,bank_b,ua,22,4,0.3213191005119163,True
h9,hfl,9,0,ResNet10,bank_b,ua,23,4,0.1795057782799811,True
h9,hfl,9,0,ResNet10,bank_b,ua,24,0,0.016257366602253825,False
h9,hfl,9,0,ResNet10,bank_b,ua,25,4,0.014634978784263175,False
h9,hfl,9,0,ResNet10,bank_b,ua,26,0,0.19712552601499983,True
h9,hfl,9,0,ResNet10,bank_b,ua,27,4,0.020541153165898052,False
h9,hfl,9,0,ResNet10,bank_b,ua,28,0,0.08281366910351604,True
h9,hfl,9,0,ResNet10,bank_b,ua,29,6,0.23683814788373367,True
h9,hfl,9,0,ResNet10,bank_b,ua,30,4,0.06595876296689501,True
h9,hfl,9,0,ResNet10,bank_b,ua,31,4,0.03866633401596026,True
h9,hfl,9,0,ResNet10,bank_b,ua,32,7,0.0754499604098462,True
h9,hfl,9,0,ResNet10,bank_b,ua,33,4,0.02291109190848814,False
h9,hfl,9,0,ResNet10,bank_b,ua,34,6,0.030516419660732624,True
h9,hfl,9,0,ResNet10,bank_b,ua,35,4,0.24135179876215673,True
h9,hfl,9,0,ResNet10,bank_b,ua,36,0,0.005617194399202191,True
h9,hfl,9,0,ResNet10,bank_b,ua,37,0,0.03667388638026961,True
h9,hfl,9,0,ResNet10,bank_b,ua,38,0,0.04158149456759547,True
h9,hfl,9,0,ResNet10,bank_b,ua,39,4,0.14056185821968215,True
h9,hfl,9,0,ResNet10,bank_b,ua,40,4,0.11362912223704413,True
h9,hfl,9,0,ResNet10,bank_b,ua,41,4,0.14083424458179672,True
h9,hfl,9,0,ResNet10,bank_b,ua,42,4,0.31534868144598327,True
h9,hfl,9,0,ResNet10,bank_b,ua,43,0,0.1618337832545707,True
h9,hfl,9,0,ResNet10,bank_b,ua,44,1,0.0016635799624791503,True
h9,hfl,9,0,ResNet10,bank_b,ua,45,4,0.14150395754520423,True
h9,hfl,9,0,ResNet10,bank_b,ua,46,5,0.21994596175658992,True
h9,hfl,9,0,ResNet10,bank_b,ua,47,5,0.21700611760117322,True
h9,hfl,9,0,ResNet10,bank_b,ua,48,0,0.14156696565640456,True
h9,hfl,9,0,ResNet10,bank_b,ua,49,0,0.030143947381225056,True
h9,hfl,9,0,ResNet10,bank_b,ua,50,7,0.016962613684693706,True
h9,hfl,9,0,ResNet10,bank_b,ua,51,4,0.16809246120503046,True
h9,hfl,9,0,ResNet10,bank_b,ua,52,4,0.26478766263140224,True
h9,hfl,9,0,ResNet10,bank_b,ua,53,0,0.1271072759143428,True
h9,hfl,9,0,ResNet10,bank_b,ua,54,4,0.021549859329855647,True
h9,hfl,9,0,ResNet10,bank_b,ua,55,4,0.13800086226390562,True
h9,hfl,9,0,ResNet10,bank_b,ua,56,4,0.04614438799806808,True
h9,hfl,9,0,ResNet10,bank_b,ua,57,4,0.05961790347557605,True
h9,hfl,9,0,ResNet10,bank_b,ua,58,4,0.12147332492212243,True
h9,hfl,9,0,ResNet10,bank_b,ua,59,0,0.06277921600486638,True
h9,hfl,9,0,ResNet10,bank_b,ua,60,6,0.001549458273049309,True
h9,hfl,9,0,ResNet10,bank_b,ua,61,4,0.10772351237820935,True
h9,hfl,9,0,ResNet10,bank_b,ua,62,4,0.0876788894141255,True
h9,hfl,9,0,ResNet10,bank_b,ua,63,0,0.03066108529525119,True
h9,hfl,9,0,ResNet10,bank_b,ub,0,4,0.18131078774794868,True
h9,hfl,9,0,ResNet10,bank_b,ub,1,4,0.020908444897887124,True
h9,hfl,9,0,ResNet10,bank_b,ub,2,4,0.04410371676465502,True
h9,hfl,9,0,ResNet10,bank_b,ub,3,9,0.0002813922668803148,False
h9,hfl,9,0,ResNet10,bank_b,ub,4,6,0.04236885980187907,True
h9,hfl,9,0,ResNet10,bank_b,ub,5,1,0.0003580955786295914,True
h9,hfl,9,0,ResNet10,bank_b,ub,6,4,0.1780838020418729,True
h9,hfl,9,0,ResNet10,bank_b,ub,7,4,0.0906660218601853,True
h9,hfl,9,0,ResNet10,bank_b,ub,8,1,0.0011877976702401316,True
h9,hfl,9,0,ResNet10,bank_b,ub,9,4,0.030423237285132743,True
h9,hfl,9,0,ResNet10,bank_b,ub,10,4,0.1030328454553561,True
h9,hfl,9,0,ResNet10,bank_b,ub,11,4,0.025272684897192643,True
h9,hfl,9,0,ResNet10,bank_b,ub,12,5,0.3072448692066027,True
h9,hfl,9,0,ResNet10,bank_b,ub,13,4,0.05526754484103047,True
h9,hfl,9,0,ResNet10,bank_b,ub,14,4,0.22265647508058584,True
h9,hfl,9,0,ResNet10,bank_b,ub,15,4,0.04584832857613927,True
h9,hfl,9,0,ResNet10,bank_b,ub,16,0,0.02097601898274215,False
h9,hfl,9,0,ResNet10,bank_b,ub,17,4,0.3979391340214238,True
h9,hfl,9,0,ResNet10,bank_b,ub,18,7,0.05313315089935701,True
h9,hfl,9,0,ResNet10,bank_b,ub,19,4,0.04359376049168828,True
h9,hfl,9,0,ResNet10,bank_b,ub,20,4,0.01228366954550017,False
h9,hfl,9,0,ResNet10,bank_b,ub,21,6,0.04638473031229064,False
h9,hfl,9,0,ResNet10,bank_b,ub,22,4,0.32553653884257383,True
h9,hfl,9,0,ResNet10,bank_b,ub,23,4,0.18709815475866698,True
h9,hfl,9,0,ResNet10,bank_b,ub,24,6,0.006049268658362916,False
h9,hfl,9,0,ResNet10,bank_b,ub,25,0,0.021752214366568212,False
h9,hfl,9,0,ResNet10,bank_b,ub,26,0,0.20280777575878473,True
h9,hfl,9,0,ResNet10,bank_b,ub,27,0,0.011494538858167092,False
h9,hfl,9,0,ResNet10,bank_b,ub,28,0,0.0807830197092678,True
h9,hfl,9,0,ResNet10,bank_b,ub,29,6,0.24765549704878623,True
h9,hfl,9,0,ResNet10,bank_b,ub,30,4,0.04929700018283062,True
h9,hfl,9,0,ResNet10,bank_b,ub,31,4,0.007053800887084516,True
h9,hfl,9,0,ResNet10,bank_b,ub,32,7,0.08811887590056947,True
h9,hfl,9,0,ResNet10,bank_b,ub,33,6,0.0018385757582630169,False
h9,hfl,9,0,ResNet10,bank_b,ub,34,6,0.07706934851334957,True
h9,hfl,9,0,ResNet10,bank_b,ub,35,4,0.22953508357607807,True
h9,hfl,9,0,ResNet10,bank_b,ub,36,0,0.016103120397953363,True
h9,hfl,9,0,ResNet10,bank_b,ub,37,0,0.030375812422956505,True
h9,hfl,9,0,ResNet10,bank_b,ub,38,0,0.027968358655423242,True
h9,hfl,9,0,ResNet10,bank_b,ub,39,4,0.10634649522596873,True
h9,hfl,9,0,ResNet10,bank_b,ub,40,4,0.06338981766907373,True
h9,hfl,9,0,ResNet10,bank_b,ub,41,4,0.15007740201036002,True
h9,hfl,9,0,ResNet10,bank_b,ub,42,4,0.3209060418621463,True
h9,hfl,9,0,ResNet10,bank_b,ub,43,0,0.18396297266140624,True
h9,hfl,9,0,ResNet10,bank_b,ub,44,1,0.0011574511944183186,True
h9,hfl,9,0,ResNet10,bank_b,ub,45,4,0.15051032595582092,True
h9,hfl,9,0,ResNet10,bank_b,ub,46,5,0.1904341820509926,True
h9,hfl,9,0,ResNet10,bank_b,ub,47,5,0.23338763717349473,True
h9,hfl,9,0,ResNet10,bank_b,ub,48,0,0.11218297914183475,True
h9,hfl,9,0,ResNet10,bank_b,ub,49,0,0.03948201467239987,True
h9,hfl,9,0,ResNet10,bank_b,ub,50,7,0.027943872303960893,True
h9,hfl,9,0,ResNet10,bank_b,ub,51,4,0.1452834853544296,True
h9,hfl,9,0,ResNet10,bank_b,ub,52,4,0.2532749921881329,True
h9,hfl,9,0,ResNet10,bank_b,ub,53,0,0.13113238481382392,True
h9,hfl,9,0,ResNet10,bank_b,ub,54,4,0.007349176294261461,True
h9,hfl,9,0,ResNet10,bank_b,ub,55,4,0.1359817512415728,True
h9,hfl,9,0,ResNet10,bank_b,ub,56,4,0.07976360039701785,True
h9,hfl,9,0,ResNet10,bank_b,ub,57,4,0.035238002184268674,True
h9,hfl,9,0,ResNet10,bank_b,ub,58,4,0.0992349985043825,True
h9,hfl,9,0,ResNet10,bank_b,ub,59,0,0.07209916681465253,True
h9,hfl,9,0,ResNet10,bank_b,ub,60,6,0.02608978735835213,True
h9,hfl,9,0,ResNet10,bank_b,ub,61,4,0.08934963047755129,True
h9,hfl,9,0,ResNet10,bank_b,ub,62,4,0.08789847486789382,True
h9,hfl,9,0,ResNet10,bank_b,ub,63,0,0.012653209091087136,True
h9,hfl,9,1,ResNet12,bank_a,ua,0,3,0.20153961748895907,True
h9,hfl,9,1,ResNet12,bank_a,ua,1,3,0.3434690871940156,True
h9,hfl,9,1,ResNet12,bank_a,ua,2,0,0.10224077756662639,True
h9,hfl,9,1,ResNet12,bank_a,ua,3,2,0.02687010149471708,False
h9,hfl,9,1,ResNet12,bank_a,ua,4,3,0.17473994483305536,True
h9,hfl,9,1,ResNet12,bank_a,ua,5,5,0.03184521113224957,True
h9,hfl,9,1,ResNet12,bank_a,ua,6,3,0.20573889530155626,True
h9,hfl,9,1,ResNet12,bank_a,ua,7,3,0.17392350398547732,True
h9,hfl,9,1,ResNet12,bank_a,ua,8,8,0.03301019737910549,True
h9,hfl,9,1,ResNet12,bank_a,ua,9,3,0.2194317404859248,True
h9,hfl,9,1,ResNet12,bank_a,ua,10,4,0.023609867620357605,False
h9,hfl,9,1,ResNet12,bank_a,ua,11,3,0.4148518262650902,True
h9,hfl,9,1,ResNet12,bank_a,ua,12,3,0.4970288908695762,True
h9,hfl,9,1,ResNet12,bank_a,ua,13,3,0.19491063122710586,True
h9,hfl,9,1,ResNet12,bank_a,ua,14,3,0.11524577724283491,True
h9,hfl,9,1,ResNet12,bank_a,ua,15,8,0.0025010855468148366,False
h9,hfl,9,1,ResNet12,bank_a,ua,16,0,0.025411914619330844,False
h9,hfl,9,1,ResNet12,bank_a,ua,17,3,0.40644353280415635,True
h9,hfl,9,1,ResNet12,bank_a,ua,18,1,0.06318874303190425,True
h9,hfl,9,1,ResNet12,bank_a,ua,19,1,0.09076553066015566,True
h9,hfl,9,1,ResNet12,bank_a,ua,20,1,0.0920713027005132,True
h9,hfl,9,1,ResNet12,bank_a,ua,21,0,0.00513921375927287,True
h9,hfl,9,1,ResNet12,bank_a,ua,22,3,0.12090348292990433,True
h9,hfl,9,1,ResNet12,bank_a,ua,23,2,0.04861889093689693,True
h9,hfl,9,1,ResNet12,bank_a,ua,24,3,0.29521485808878883,True
h9,hfl,9,1,ResNet12,bank_a,ua,25,3,0.0008481215450740626,False
h9,hfl,9,1,ResNet12,bank_a,ua,26,0,0.030987643647550175,True
h9,hfl,9,1,ResNet12,bank_a,ua,27,3,0.5052790409725156,True
h9,hfl,9,1,ResNet12,bank_a,ua,28,3,0.06133271502761256,True
h9,hfl,9,1,ResNet12,bank_a,ua,29,3,0.25840669189867516,True
h9,hfl,9,1,ResNet12,bank_a,ua,30,3,0.006924479918918536,False
h9,hfl,9,1,ResNet12,bank_a,ua,31,3,0.42274031240145016,True
h9,hfl,9,1,ResNet12,bank_a,ua,32,3,0.31278985655259206,True
h9,hfl,9,1,ResNet12,bank_a,ua,33,3,0.1165600872932323,True
h9,hfl,9,1,ResNet12,bank_a,ua,34,3,0.31230999739076265,True
h9,hfl,9,1,ResNet12,bank_a,ua,35,3,0.209462341245189,True
h9,hfl,9,1,ResNet12,bank_a,ua,36,3,0.2816041958022183,True
h9,hfl,9,1,ResNet12,bank_a,ua,37,3,0.562289578003115,True
h9,hfl,9,1,ResNet12,bank_a,ua,38,3,0.19810057733563344,True
h9,hfl,9,1,ResNet12,bank_a,ua,39,3,0.4282213369374705,True
h9,hfl,9,1,ResNet12,bank_a,ua,40,3,0.5820033810982154,True
h9,hfl,9,1,ResNet12,bank_a,ua,41,3,0.13562574020043577,True
h9,hfl,9,1,ResNet12,bank_a,ua,42,3,0.17670112124795995,True
h9,hfl,9,1,ResNet12,bank_a,ua,43,3,0.3203453229898112,True
h9,hfl,9,1,ResNet12,bank_a,ua,44,3,0.5750923181462527,True
h9,hfl,9,1,ResNet12,bank_a,ua,45,5,0.061258954723747,True
h9,hfl,9,1,ResNet12,bank_a,ua,46,3,0.43665297455511065,True
h9,hfl,9,1,ResNet12,bank_a,ua,47,3,0.18127097749157953,True
h9,hfl,9,1,ResNet12,bank_a,ua,48,3,0.30597564846021186,True
h9,hfl,9,1,ResNet12,bank_a,ua,49,3,0.1813490595488898,True
h9,hfl,9,1,ResNet12,bank_a,ua,50,0,0.0743448102894592,True
h9,hfl,9,1,ResNet12,bank_a,ua,51,3,0.08819520371101908,True
h9,hfl,9,1,ResNet12,bank_a,ua,52,3,0.6217862310693528,True
h9,hfl,9,1,ResNet12,bank_a,ua,53,5,0.05050248747466424,True
h9,hfl,9,1,ResNet12,bank_a,ua,54,5,0.01153061851609409,False
h9,hfl,9,1,ResNet12,bank_a,ua,55,3,0.059948181830445035,True
h9,hfl,9,1,ResNet12,bank_a,ua,56,3,0.38567066846282194,True
h9,hfl,9,1,ResNet12,bank_a,ua,57,3,0.34823465420403527,True
h9,hfl,9,1,ResNet12,bank_a,ua,58,8,0.050067481410729434,True
h9,hfl,9,1,ResNet12,bank_a,ua,59,5,0.014768535827114945,False
h9,hfl,9,1,ResNet12,bank_a,ua,60,3,0.24802169117714726,True
h9,hfl,9,1,ResNet12,bank_a,ua,61,4,0.009831939409277776,False
h9,hfl,9,1,ResNet12,bank_a,ua,62,3,0.34093641489818727,True
h9,hfl,9,1,ResNet12,bank_a,ua,63,3,0.22735044533811916,True
h9,hfl,9,1,ResNet12,bank_a,ub,0,3,0.20962524537511174,True
h9,hfl,9,1,ResNet12,bank_a,ub,1,3,0.3672027172261062,True
h9,hfl,9,1,ResNet12,bank_a,ub,2,0,0.10372625857762716,True
h9,hfl,9,1,ResNet12,bank_a,ub,3,0,0.029903673835719707,False
h9,hfl,9,1,ResNet12,bank_a,ub,4,3,0.17076007305309948,True
h9,hfl,9,1,ResNet12,bank_a,ub,5,5,0.04618195743518669,True
h9,hfl,9,1,ResNet12,bank_a,ub,6,3,0.21178642325582553,True
h9,hfl,9,1,ResNet12,bank_a,ub,7,3,0.19430962818202463,True
h9,hfl,9,1,ResNet12,bank_a,ub,8,8,0.04007008616936561,True
h9,hfl,9,1,ResNet12,bank_a,ub,9,3,0.24041980069811797,True
h9,hfl,9,1,ResNet12,bank_a,ub,10,8,0.012444626836495498,False
h9,hfl,9,1,ResNet12,bank_a,ub,11,3,0.43091044445901694,True
h9,hfl,9,1,ResNet12,bank_a,ub,12,3,0.492712743832727,True
h9,hfl,9,1,ResNet12,bank_a,ub,13,3,0.1963820253825542,True
h9,hfl,9,1,ResNet12,bank_a,ub,14,3,0.12623535191038682,True
h9,hfl,9,1,ResNet12,bank_a,ub,15,2,0.01452043812501802,False
h9,hfl,9,1,ResNet12,bank_a,ub,16,3,0.007851850315893139,False
h9,hfl,9,1,ResNet12,bank_a,ub,17,3,0.4132126232795013,True
h9,hfl,9,1,ResNet12,bank_a,ub,18,1,0.04390774740956163,True
h9,hfl,9,1,ResNet12,bank_a,ub,19,1,0.09205689444596299,True
h9,hfl,9,1,ResNet12,bank_a,ub,20,1,0.08429599733895277,True
h9,hfl,9,1,ResNet12,bank_a,ub,21,0,0.017828239636783927,True
h9,hfl,9,1,ResNet12,bank_a,ub,22,3,0.1409011439077154,True
h9,hfl,9,1,ResNet12,bank_a,ub,23,2,0.03748614192560369,True
h9,hfl,9,1,ResNet12,bank_a,ub,24,3,0.2988502833536375,True
h9,hfl,9,1,ResNet12,bank_a,ub,25,1,0.008570875989936139,False
h9,hfl,9,1,ResNet12,bank_a,ub,26,0,0.01111330778272858,True
h9,hfl,9,1,ResNet12,bank_a,ub,27,3,0.5049290774577933,True
h9,hfl,9,1,ResNet12,bank_a,ub,28,3,0.061852227896337375,True
h9,hfl,9,1,ResNet12,bank_a,ub,29,3,0.2673280669861626,True
h9,hfl,9,1,ResNet12,bank_a,ub,30,1,0.01595725837704287,False
h9,hfl,9,1,ResNet12,bank_a,ub,31,3,0.4203507036424321,True
h9,hfl,9,1,ResNet12,bank_a,ub,32,3,0.33237732309938783,True
h9,hfl,9,1,ResNet12,bank_a,ub,33,3,0.13471731256753228,True
h9,hfl,9,1,ResNet12,bank_a,ub,34,3,0.288104215520284,True
h9,hfl,9,1,ResNet12,bank_a,ub,35,3,0.2157700051600559,True
h9,hfl,9,1,ResNet12,bank_a,ub,36,3,0.29357056752036087,True
h9,hfl,9,1,ResNet12,bank_a,ub,37,3,0.5577404943103628,True
h9,hfl,9,1,ResNet12,bank_a,ub,38,3,0.2399663668070715,True
h9,hfl,9,1,ResNet12,bank_a,ub,39,3,0.43901038819648247,True
h9,hfl,9,1,ResNet12,bank_a,ub,40,3,0.5774429924845954,True
h9,hfl,9,1,ResNet12,bank_a,ub,41,3,0.16128168204217416,True
h9,hfl,9,1,ResNet12,bank_a,ub,42,3,0.1895741159740017,True
h9,hfl,9,1,ResNet12,bank_a,ub,43,3,0.3181135691955985,True
h9,hfl,9,1,ResNet12,bank_a,ub,44,3,0.5750720122219511,True
h9,hfl,9,1,ResNet12,bank_a,ub,45,5,0.045330228072067935,True
h9,hfl,9,1,ResNet12,bank_a,ub,46,3,0.4406818892251939,True
h9,hfl,9,1,ResNet12,bank_a,ub,47,3,0.18743074477645608,True
h9,hfl,9,1,ResNet12,bank_a,ub,48,3,0.31156310262277453,True
h9,hfl,9,1,ResNet12,bank_a,ub,49,3,0.17977355361416208,True
h9,hfl,9,1,ResNet12,bank_a,ub,50,0,0.032153205072291025,True
h9,hfl,9,1,ResNet12,bank_a,ub,51,3,0.11065124028600234,True
h9,hfl,9,1,ResNet12,bank_a,ub,52,3,0.6104564571986877,True
h9,hfl,9,1,ResNet12,bank_a,ub,53,5,0.03541723925669785,True
h9,hfl,9,1,ResNet12,bank_a,ub,54,8,0.01302552761590603,False
h9,hfl,9,1,ResNet12,bank_a,ub,55,3,0.04701088985117541,True
h9,hfl,9,1,ResNet12,bank_a,ub,56,3,0.3989398654961544,True
h9,hfl,9,1,ResNet12,bank_a,ub,57,3,0.340579599234798,True
h9,hfl,9,1,ResNet12,bank_a,ub,58,8,0.010754720861725672,True
h9,hfl,9,1,ResNet12,bank_a,ub,59,1,0.013110034790978178,False
h9,hfl,9,1,ResNet12,bank_a,ub,60,3,0.2655498118942106,True
h9,hfl,9,1,ResNet12,bank_a,ub,61,5,0.006126338647609239,False
h9,hfl,9,1,ResNet12,bank_a,ub,62,3,0.33854788826670307,True
h9,hfl,9,1,ResNet12,bank_a,ub,63,3,0.26319636083419407,True
h9,hfl,9,1,ResNet12,bank_b,ua,0,3,0.4598758716010449,True
h9,hfl,9,1,ResNet12,bank_b,ua,1,3,0.22408909476480068,True
h9,hfl,9,1,ResNet12,bank_b,ua,2,3,0.35114349326750377,True
h9,hfl,9,1,ResNet12,bank_b,ua,3,1,0.0282596733559492,True
h9,hfl,9,1,ResNet12,bank_b,ua,4,2,0.3779783261995973,True
h9,hfl,9,1,ResNet12,bank_b,ua,5,9,0.01845670166089851,True
h9,hfl,9,1,ResNet12,bank_b,ua,6,3,0.3680864022059409,True
h9,hfl,9,1,ResNet12,bank_b,ua,7,3,0.432517046573846,True
h9,hfl,9,1,ResNet12,bank_b,ua,8,1,0.052352178673862354,True
h9,hfl,9,1,ResNet12,bank_b,ua,9,1,0.007254018270331369,True
h9,hfl,9,1,ResNet12,bank_b,ua,10,3,0.18475686731426974,True
h9,hfl,9,1,ResNet12,bank_b,ua,11,3,0.17089208444897358,True
h9,hfl,9,1,ResNet12,bank_b,ua,12,0,0.03523668161612864,True
h9,hfl,9,1,ResNet12,bank_b,ua,13,3,0.38857226387670585,True
h9,hfl,9,1,ResNet12,bank_b,ua,14,3,0.30516892215175817,True
h9,hfl,9,1,ResNet12,bank_b,ua,15,3,0.06411700477101764,True
h9,hfl,9,1,ResNet12,bank_b,ua,16,3,0.21399661463925918,True
h9,hfl,9,1,ResNet12,bank_b,ua,17,3,0.3883391904529959,True
h9,hfl,9,1,ResNet12,bank_b,ua,18,9,0.004510704114735822,True
h9,hfl,9,1,ResNet12,bank_b,ua,19,3,0.24328545150570632,True
h9,hfl,9,1,ResNet12,bank_b,ua,20,3,0.025176676109142676,True
h9,hfl,9,1,ResNet12,bank_b,ua,21,5,0.0317342476672732,True
h9,hfl,9,1,ResNet12,bank_b,ua,22,3,0.4830320174626351,True
h9,hfl,9,1,ResNet12,bank_b,ua,23,3,0.3444930018212028,True
h9,hfl,9,1,ResNet12,bank_b,ua,24,3,0.06478279482877869,True
h9,hfl,9,1,ResNet12,bank_b,ua,25,3,0.3001565618117383,True
h9,hfl,9,1,ResNet12,bank_b,ua,26,3,0.0661349156875905,True
h9,hfl,9,1,ResNet12,bank_b,ua,27,3,0.14785135332690788,True
h9,hfl,9,1,ResNet12,bank_b,ua,28,3,0.2295918560750141,True
h9,hfl,9,1,ResNet12,bank_b,ua,29,1,0.410714042562627,True
h9,hfl,9,1,ResNet12,bank_b,ua,30,3,0.4190341351362967,True
h9,hfl,9,1,ResNet12,bank_b,ua,31,3,0.294899947887807,True
h9,hfl,9,1,ResNet12,bank_b,ua,32,2,0.23557717779099321,True
h9,hfl,9,1,ResNet12,bank_b,ua,33,8,0.006793265587096878,False
h9,hfl,9,1,ResNet12,bank_b,ua,34,5,0.004956027321985468,False
h9,hfl,9,1,ResNet12,bank_b,ua,35,3,0.41670522219306183,True
h9,hfl,9,1,ResNet12,bank_b,ua,36,3,0.14354298247619177,True
h9,hfl,9,1,ResNet12,bank_b,ua,37,3,0.03298585312140365,True
h9,hfl,9,1,ResNet12,bank_b,ua,38,3,0.5368891536845406,True
h9,hfl,9,1,ResNet12,bank_b,ua,39,3,0.24534764755390562,True
h9,hfl,9,1,ResNet12,bank_b,ua,40,3,0.12198525692544951,True
h9,hfl,9,1,ResNet12,bank_b,ua,41,3,0.3709952966170996,True
h9,hfl,9,1,ResNet12,bank_b,ua,42,3,0.3930493538465707,True
h9,hfl,9,1,ResNet12,bank_b,ua,43,3,0.33999964410112554,True
h9,hfl,9,1,ResNet12,bank_b,ua,44,3,0.04029083777532022,True
h9,hfl,9,1,ResNet12,bank_b,ua,45,3,0.45556397420430095,True
h9,hfl,9,1,ResNet12,bank_b,ua,46,0,0.06459919200004419,True
h9,hfl,9,1,ResNet12,bank_b,ua,47,0,0.04192316513662728,True
h9,hfl,9,1,ResNet12,bank_b,ua,48,0,0.013154903872881998,True
h9,hfl,9,1,ResNet12,bank_b,ua,49,3,0.0004182386290497442,True
h9,hfl,9,1,ResNet12,bank_b,ua,50,2,0.053396375094543286,True
h9,hfl,9,1,ResNet12,bank_b,ua,51,3,0.26244209208556873,True
h9,hfl,9,1,ResNet12,bank_b,ua,52,3,0.4771054538885191,True
h9,hfl,9,1,ResNet12,bank_b,ua,53,3,0.3007281945860564,True
h9,hfl,9,1,ResNet12,bank_b,ua,54,3,0.2722575363174803,True
h9,hfl,9,1,ResNet12,bank_b,ua,55,3,0.48142680342257904,True
h9,hfl,9,1,ResNet12,bank_b,ua,56,3,0.21033638041863048,True
h9,hfl,9,1,ResNet12,bank_b,ua,57,3,0.11955687787847993,True
h9,hfl,9,1,ResNet12,bank_b,ua,58,3,0.39738896787394473,True
h9,hfl,9,1,ResNet12,bank_b,ua,59,5,0.041755429994358204,True
h9,hfl,9,1,ResNet12,bank_b,ua,60,3,0.13972289323512077,True
h9,hfl,9,1,ResNet12,bank_b,ua,61,3,0.07008695007707824,True
h9,hfl,9,1,ResNet12,bank_b,ua,62,3,0.5187816605133879,True
h9,hfl,9,1,ResNet12,bank_b,ua,63,3,0.4666241716208852,True
h9,hfl,9,1,ResNet12,bank_b,ub,0,3,0.45814246531185,True
h9,hfl,9,1,ResNet12,bank_b,ub,1,3,0.23397793286580595,True
h9,hfl,9,1,ResNet12,bank_b,ub,2,3,0.3699729579828886,True
h9,hfl,9,1,ResNet12,bank_b,ub,3,1,0.013558547624891976,True
h9,hfl,9,1,ResNet12,bank_b,ub,4,2,0.3648809484894518,True
h9,hfl,9,1,ResNet12,bank_b,ub,5,9,0.04054342336099098,True
h9,hfl,9,1,ResNet12,bank_b,ub,6,3,0.3584730253097187,True
h9,hfl,9,1,ResNet12,bank_b,ub,7,3,0.4151235640197454,True
h9,hfl,9,1,ResNet12,bank_b,ub,8,1,0.03267780756170249,True
h9,hfl,9,1,ResNet12,bank_b,ub,9,1,0.01728364387476386,True
h9,hfl,9,1,ResNet12,bank_b,ub,10,3,0.19593067146363954,True
h9,hfl,9,1,ResNet12,bank_b,ub,11,3,0.19080228771815547,True
h9,hfl,9,1,ResNet12,bank_b,ub,12,0,0.029035667304754237,True
h9,hfl,9,1,ResNet12,bank_b,ub,13,3,0.3927549113444053,True
h9,hfl,9,1,ResNet12,bank_b,ub,14,3,0.32173401504163357,True
h9,hfl,9,1,ResNet12,bank_b,ub,15,3,0.08739521296096558,True
h9,hfl,9,1,ResNet12,bank_b,ub,16,3,0.22595246022743157,True
h9,hfl,9,1,ResNet12,bank_b,ub,17,3,0.3879164536847875,True
h9,hfl,9,1,ResNet12,bank_b,ub,18,9,0.03719934872834556,True
h9,hfl,9,1,ResNet12,bank_b,ub,19,3,0.2443712890535762,True
h9,hfl,9,1,ResNet12,bank_b,ub,20,3,0.020892298867520365,True
h9,hfl,9,1,ResNet12,bank_b,ub,21,5,0.0244096783363561,True
h9,hfl,9,1,ResNet12,bank_b,ub,22,3,0.4829960456935775,True
h9,hfl,9,1,ResNet12,bank_b,ub,23,3,0.3320480028258025,True
h9,hfl,9,1,ResNet12,bank_b,ub,24,3,0.08567489760798114,True
h9,hfl,9,1,ResNet12,bank_b,ub,25,3,0.3231254492608269,True
h9,hfl,9,1,ResNet12,bank_b,ub,26,3,0.07944446086754475,True
h9,hfl,9,1,ResNet12,bank_b,ub,27,3,0.16021873230019998,True
h9,hfl,9,1,ResNet12,bank_b,ub,28,3,0.21416142730914042,True
h9,hfl,9,1,ResNet12,bank_b,ub,29,1,0.4079176856185893,True
h9,hfl,9,1,ResNet12,bank_b,ub,30,3,0.425983225882411,True
h9,hfl,9,1,ResNet12,bank_b,ub,31,3,0.3171145707830487,True
h9,hfl,9,1,ResNet12,bank_b,ub,32,2,0.21245771458656826,True
h9,hfl,9,1,ResNet12,bank_b,ub,33,3,0.015904868506952385,False
h9,hfl,9,1,ResNet12,bank_b,ub,34,8,0.0007716647369347684,False
h9,hfl,9,1,ResNet12,bank_b,ub,35,3,0.4044606665742233,True
h9,hfl,9,1,ResNet12,bank_b,ub,36,3,0.12107121980888733,True
h9,hfl,9,1,ResNet12,bank_b,ub,37,3,0.0518903900461653,True
h9,hfl,9,1,ResNet12,bank_b,ub,38,3,0.5412593569992126,True
h9,hfl,9,1,ResNet12,bank_b,ub,39,3,0.2533260696075875,True
h9,hfl,9,1,ResNet12,bank_b,ub,40,3,0.1304587110382622,True
h9,hfl,9,1,ResNet12,bank_b,ub,41,3,0.3521395683192444,True
h9,hfl,9,1,ResNet12,bank_b,ub,42,3,0.37476192251341367,True
h9,hfl,9,1,ResNet12,bank_b,ub,43,3,0.344642906426503,True
h9,hfl,9,1,ResNet12,bank_b,ub,44,3,0.08648305052609466,True
h9,hfl,9,1,ResNet12,bank_b,ub,45,3,0.44516565559965837,True
h9,hfl,9,1,ResNet12,bank_b,ub,46,0,0.04223377017199642,True
h9,hfl,9,1,ResNet12,bank_b,ub,47,0,0.007683866414572138,True
h9,hfl,9,1,ResNet12,bank_b,ub,48,0,0.012398757406942365,True
h9,hfl,9,1,ResNet12,bank_b,ub,49,3,0.04151908593589236,True
h9,hfl,9,1,ResNet12,bank_b,ub,50,2,0.003136755258890067,True
h9,hfl,9,1,ResNet12,bank_b,ub,51,3,0.2785776392773021,True
h9,hfl,9,1,ResNet12,bank_b,ub,52,3,0.46432762844596,True
h9,hfl,9,1,ResNet12,bank_b,ub,53,3,0.2909470331917458,True
h9,hfl,9,1,ResNet12,bank_b,ub,54,3,0.30023033915267194,True
h9,hfl,9,1,ResNet12,bank_b,ub,55,3,0.47138212876271823,True
h9,hfl,9,1,ResNet12,bank_b,ub,56,3,0.22148657472593122,True
h9,hfl,9,1,ResNet12,bank_b,ub,57,3,0.133358964795852,True
h9,hfl,9,1,ResNet12,bank_b,ub,58,3,0.40404569131929674,True
h9,hfl,9,1,ResNet12,bank_b,ub,59,5,0.02541676577051083,True
h9,hfl,9,1,ResNet12,bank_b,ub,60,3,0.15975069321571578,True
h9,hfl,9,1,ResNet12,bank_b,ub,61,3,0.08379366536248203,True
h9,hfl,9,1,ResNet12,bank_b,ub,62,3,0.5111665461370558,True
h9,hfl,9,1,ResNet12,bank_b,ub,63,3,0.4915989038435855,True
h9,hfl,9,2,ShuffleNet,bank_a,ua,0,6,0.07481531704085354,True
h9,hfl,9,2,ShuffleNet,bank_a,ua,1,6,0.08437653605580728,True
h9,hfl,9,2,ShuffleNet,bank_a,ua,2,8,0.03717734289741914,True
h9,hfl,9,2,ShuffleNet,bank_a,ua,3,9,0.03524998307236735,True
h9,hfl,9,2,ShuffleNet,bank_a,ua,4,9,0.09349029060097235,True
h9,hfl,9,2,ShuffleNet,bank_a,ua,5,8,0.05232418468440836,True
h9,hfl,9,2,ShuffleNet,bank_a,ua,6,6,0.05742613193276025,True
h9,hfl,9,2,ShuffleNet,bank_a,ua,7,8,0.13629375743891226,True
h9,hfl,9,2,ShuffleNet,bank_a,ua,8,1,0.016853471604407436,True
h9,hfl,9,2,ShuffleNet,bank_a,ua,9,6,0.057254756992352884,True
h9,hfl,9,2,ShuffleNet,bank_a,ua,10,3,0.07385528102158614,True
h9,hfl,9,2,ShuffleNet,bank_a,ua,11,6,0.16011222003235465,True
h9,hfl,9,2,ShuffleNet,bank_a,ua,12,8,0.06519113319630898,True
h9,hfl,9,2,ShuffleNet,bank_a,ua,13,8,0.1212168002703248,True
h9,hfl,9,2,ShuffleNet,bank_a,ua,14,8,0.04273614885783181,True
h9,hfl,9,2,ShuffleNet,bank_a,ua,15,3,0.020578839538762217,True
h9,hfl,9,2,ShuffleNet,bank_a,ua,16,8,0.03539868735601445,True
h9,hfl,9,2,ShuffleNet,bank_a,ua,17,6,0.14979734378377196,True
h9,hfl,9,2,ShuffleNet,bank_a,ua,18,9,0.012759715582967401,True
h9,hfl,9,2,ShuffleNet,bank_a,ua,19,1,0.019402641940298948,True
h9,hfl,9,2,ShuffleNet,bank_a,ua,20,8,0.06596540809025314,True
h9,hfl,9,2,ShuffleNet,bank_a,ua,21,3,0.16444708497613278,True
h9,hfl,9,2,ShuffleNet,bank_a,ua,22,6,0.04603124943868625,False
h9,hfl,9,2,ShuffleNet,bank_a,ua,23,3,0.045882659911245016,True
h9,hfl,9,2,ShuffleNet,bank_a,ua,24,8,0.1995899792801143,True
h9,hfl,9,2,ShuffleNet,bank_a,ua,25,8,0.08911244461171614,True
h9,hfl,9,2,ShuffleNet,bank_a,ua,26,3,0.0012745382445452091,True
h9,hfl,9,2,ShuffleNet,bank_a,ua,27,6,0.16126083148395198,True
h9,hfl,9,2,ShuffleNet,bank_a,ua,28,8,0.043089674622226265,True
h9,hfl,9,2,ShuffleNet,bank_a,ua,29,6,0.11653692826867088,True
h9,hfl,9,2,ShuffleNet,bank_a,ua,30,9,0.014882015985053731,True
h9,hfl,9,2,ShuffleNet,bank_a,ua,31,6,0.19152163737291328,True
h9,hfl,9,2,ShuffleNet,bank_a,ua,32,6,0.10777580236075535,True
h9,hfl,9,2,ShuffleNet,bank_a,ua,33,6,0.09041251616378043,True
h9,hfl,9,2,ShuffleNet,bank_a,ua,34,2,0.05024876951190743,True
h9,hfl,9,2,ShuffleNet,bank_a,ua,35,6,0.1303591556613101,True
h9,hfl,9,2,ShuffleNet,bank_a,ua,36,6,0.14613690605673998,True
h9,hfl,9,2,ShuffleNet,bank_a,ua,37,8,0.12800706148926783,True
h9,hfl,9,2,ShuffleNet,bank_a,ua,38,6,0.15569034038049495,True
h9,hfl,9,2,ShuffleNet,bank_a,ua,39,6,0.04974523249398605,True
h9,hfl,9,2,ShuffleNet,bank_a,ua,40,2,0.07852469969840778,True
h9,hfl,9,2,ShuffleNet,bank_a,ua,41,8,0.054093176928263126,True
h9,hfl,9,2,ShuffleNet,bank_a,ua,42,6,0.03723392949543933,True
h9,hfl,9,2,ShuffleNet,bank_a,ua,43,8,0.09290404177600436,True
h9,hfl,9,2,ShuffleNet,bank_a,ua,44,2,0.10681793700133568,True
h9,hfl,9,2,ShuffleNet,bank_a,ua,45,3,0.08634456315988494,True
h9,hfl,9,2,ShuffleNet,bank_a,ua,46,6,0.16526259224546486,True
h9,hfl,9,2,ShuffleNet,bank_a,ua,47,6,0.082781597396579,True
h9,hfl,9,2,ShuffleNet,bank_a,ua,48,6,0.1286549226028732,True
h9,hfl,9,2,ShuffleNet,bank_a,ua,49,6,0.09622141108446708,True
h9,hfl,9,2,ShuffleNet,bank_a,ua,50,3,0.046841299243054746,True
h9,hfl,9,2,ShuffleNet,bank_a,ua,51,6,0.010861319692334503,False
h9,hfl,9,2,ShuffleNet,bank_a,ua,52,2,0.062444511871415365,True
h9,hfl,9,2,ShuffleNet,bank_a,ua,53,6,0.011663909366807015,True
h9,hfl,9,2,ShuffleNet,bank_a,ua,54,8,0.010949346548467923,False
h9,hfl,9,2,ShuffleNet,bank_a,ua,55,8,0.1535836664033982,True
h9,hfl,9,2,ShuffleNet,bank_a,ua,56,6,0.2041251709881397,True
h9,hfl,9,2,ShuffleNet,bank_a,ua,57,6,0.10776148027793833,True
h9,hfl,9,2,ShuffleNet,bank_a,ua,58,3,0.0750302976438677,True
h9,hfl,9,2,ShuffleNet,bank_a,ua,59,8,0.07459028813803455,True
h9,hfl,9,2,ShuffleNet,bank_a,ua,60,6,0.05815922337915261,True
h9,hfl,9,2,ShuffleNet,bank_a,ua,61,3,0.04348408898753586,True
h9,hfl,9,2,ShuffleNet,bank_a,ua,62,6,0.13216601431427516,True
h9,hfl,9,2,ShuffleNet,bank_a,ua,63,8,0.04473039797860193,True
h9,hfl,9,2,ShuffleNet,bank_a,ub,0,6,0.06934395370767402,True
h9,hfl,9,2,ShuffleNet,bank_a,ub,1,6,0.0917405070543662,True
h9,hfl,9,2,ShuffleNet,bank_a,ub,2,8,0.03559078237478258,True
h9,hfl,9,2,ShuffleNet,bank_a,ub,3,9,0.023006346739319783,True
h9,hfl,9,2,ShuffleNet,bank_a,ub,4,9,0.07757355446241186,True
h9,hfl,9,2,ShuffleNet,bank_a,ub,5,8,0.08200043983934051,True
h9,hfl,9,2,ShuffleNet,bank_a,ub,6,6,0.03971995310205981,True
h9,hfl,9,2,ShuffleNet,bank_a,ub,7,8,0.14750620800029943,True
h9,hfl,9,2,ShuffleNet,bank_a,ub,8,1,0.02934940260356387,True
h9,hfl,9,2,ShuffleNet,bank_a,ub,9,6,0.06971587972916524,True
h9,hfl,9,2,ShuffleNet,bank_a,ub,10,3,0.09413169622003495,True
h9,hfl,9,2,ShuffleNet,bank_a,ub,11,6,0.1620882646026745,True
h9,hfl,9,2,ShuffleNet,bank_a,ub,12,8,0.0745231463254808,True
h9,hfl,9,2,ShuffleNet,bank_a,ub,13,8,0.1343190070191273,True
h9,hfl,9,2,ShuffleNet,bank_a,ub,14,8,0.08532906761860247,True
h9,hfl,9,2,ShuffleNet,bank_a,ub,15,3,0.02774474879463422,True
h9,hfl,9,2,ShuffleNet,bank_a,ub,16,8,0.008807276554718968,True
h9,hfl,9,2,ShuffleNet,bank_a,ub,17,6,0.14895592554883808,True
h9,hfl,9,2,ShuffleNet,bank_a,ub,18,9,0.03379171862715463,True
h9,hfl,9,2,ShuffleNet,bank_a,ub,19,1,0.0038827690361833145,True
h9,hfl,9,2,ShuffleNet,bank_a,ub,20,8,0.09989654046969318,True
h9,hfl,9,2,ShuffleNet,bank_a,ub,21,3,0.18329570659825964,True
h9,hfl,9,2,ShuffleNet,bank_a,ub,22,8,0.001370874545807338,False
h9,hfl,9,2,ShuffleNet,bank_a,ub,23,3,0.04868275082530196,True
h9,hfl,9,2,ShuffleNet,bank_a,ub,24,8,0.21688527506358438,True
h9,hfl,9,2,ShuffleNet,bank_a,ub,25,8,0.07602921679008892,True
h9,hfl,9,2,ShuffleNet,bank_a,ub,26,3,0.013209690669098023,True
h9,hfl,9,2,ShuffleNet,bank_a,ub,27,6,0.15236968985155747,True
h9,hfl,9,2,ShuffleNet,bank_a,ub,28,8,0.07902930239233369,True
h9,hfl,9,2,ShuffleNet,bank_a,ub,29,6,0.12426668665779558,True
h9,hfl,9,2,ShuffleNet,bank_a,ub,30,9,0.055603444948572237,True
h9,hfl,9,2,ShuffleNet,bank_a,ub,31,6,0.18916923657912443,True
h9,hfl,9,2,ShuffleNet,bank_a,ub,32,6,0.09876848808944899,True
h9,hfl,9,2,ShuffleNet,bank_a,ub,33,6,0.0627242474307356,True
h9,hfl,9,2,ShuffleNet,bank_a,ub,34,2,0.05912873339855548,True
h9,hfl,9,2,ShuffleNet,bank_a,ub,35,6,0.1269594355229119,True
h9,hfl,9,2,ShuffleNet,bank_a,ub,36,6,0.1417279031334701,True
h9,hfl,9,2,ShuffleNet,bank_a,ub,37,8,0.12123187928548523,True
h9,hfl,9,2,ShuffleNet,bank_a,ub,38,6,0.15471249197524206,True
h9,hfl,9,2,ShuffleNet,bank_a,ub,39,6,0.043744215592684155,True
h9,hfl,9,2,ShuffleNet,bank_a,ub,40,2,0.07519630567312041,True
h9,hfl,9,2,ShuffleNet,bank_a,ub,41,8,0.06389330317494446,True
h9,hfl,9,2,ShuffleNet,bank_a,ub,42,6,0.05285024483975015,True
h9,hfl,9,2,ShuffleNet,bank_a,ub,43,8,0.11601749361638419,True
h9,hfl,9,2,ShuffleNet,bank_a,ub,44,2,0.09987051217922502,True
h9,hfl,9,2,ShuffleNet,bank_a,ub,45,3,0.05433408158964742,True
h9,hfl,9,2,ShuffleNet,bank_a,ub,46,6,0.15962100970529147,True
h9,hfl,9,2,ShuffleNet,bank_a,ub,47,6,0.09527720351457683,True
h9,hfl,9,2,ShuffleNet,bank_a,ub,48,6,0.12795176164064911,True
h9,hfl,9,2,ShuffleNet,bank_a,ub,49,6,0.10765392682167033,True
h9,hfl,9,2,ShuffleNet,bank_a,ub,50,3,0.04506608646997751,True
h9,hfl,9,2,ShuffleNet,bank_a,ub,51,8,0.02538814421547253,False
h9,hfl,9,2,ShuffleNet,bank_a,ub,52,2,0.0715428188328443,True
h9,hfl,9,2,ShuffleNet,bank_a,ub,53,6,0.024117339242088753,True
h9,hfl,9,2,ShuffleNet,bank_a,ub,54,3,0.005293119462472462,False
h9,hfl,9,2,ShuffleNet,bank_a,ub,55,8,0.19822997138891907,True
h9,hfl,9,2,ShuffleNet,bank_a,ub,56,6,0.213179068048724,True
h9,hfl,9,2,ShuffleNet,bank_a,ub,57,6,0.10806737356197113,True
h9,hfl,9,2,ShuffleNet,bank_a,ub,58,3,0.08907294053198486,True
h9,hfl,9,2,ShuffleNet,bank_a,ub,59,8,0.0715987517979051,True
h9,hfl,9,2,ShuffleNet,bank_a,ub,60,6,0.05397728703878302,True
h9,hfl,9,2,ShuffleNet,bank_a,ub,61,3,0.026763106600218967,True
h9,hfl,9,2,ShuffleNet,bank_a,ub,62,6,0.13046942438162806,True
h9,hfl,9,2,ShuffleNet,bank_a,ub,63,8,0.010834683209391488,True
h9,hfl,9,2,ShuffleNet,bank_b,ua,0,6,0.18715156230839047,True
h9,hfl,9,2,ShuffleNet,bank_b,ua,1,8,0.061346056108638136,True
h9,hfl,9,2,ShuffleNet,bank_b,ua,2,6,0.1348761451705538,True
h9,hfl,9,2,ShuffleNet,bank_b,ua,3,6,0.004042924061079312,False
h9,hfl,9,2,ShuffleNet,bank_b,ua,4,1,0.00477125504765312,True
h9,hfl,9,2,ShuffleNet,bank_b,ua,5,3,0.18002079865522397,True
h9,hfl,9,2,ShuffleNet,bank_b,ua,6,6,0.20098679181262571,True
h9,hfl,9,2,ShuffleNet,bank_b,ua,7,6,0.22410225433806147,True
h9,hfl,9,2,ShuffleNet,bank_b,ua,8,9,0.012842081202162486,True
h9,hfl,9,2,ShuffleNet,bank_b,ua,9,1,0.054421500412188156,True
h9,hfl,9,2,ShuffleNet,bank_b,ua,10,6,0.046086901282672066,True
h9,hfl,9,2,ShuffleNet,bank_b,ua,11,6,0.023432299621730074,True
h9,hfl,9,2,ShuffleNet,bank_b,ua,12,3,0.12057359136836221,True
h9,hfl,9,2,ShuffleNet,bank_b,ua,13,6,0.035662822003059036,True
h9,hfl,9,2,ShuffleNet,bank_b,ua,14,6,0.16776700457199673,True
h9,hfl,9,2,ShuffleNet,bank_b,ua,15,9,0.021134277178946587,False
h9,hfl,9,2,ShuffleNet,bank_b,ua,16,8,0.024847259911257663,True
h9,hfl,9,2,ShuffleNet,bank_b,ua,17,6,0.2317995542294327,True
h9,hfl,9,2,ShuffleNet,bank_b,ua,18,9,0.011859574562450348,True
h9,hfl,9,2,ShuffleNet,bank_b,ua,19,6,0.04617220418596746,True
h9,hfl,9,2,ShuffleNet,bank_b,ua,20,8,0.006090612612323132,True
h9,hfl,9,2,ShuffleNet,bank_b,ua,21,3,0.09185797822366573,True
h9,hfl,9,2,ShuffleNet,bank_b,ua,22,6,0.24164857362688363,True
h9,hfl,9,2,ShuffleNet,bank_b,ua,23,6,0.17977022940817164,True
h9,hfl,9,2,ShuffleNet,bank_b,ua,24,3,0.012513940093195453,False
h9,hfl,9,2,ShuffleNet,bank_b,ua,25,8,0.01994494344420819,True
h9,hfl,9,2,ShuffleNet,bank_b,ua,26,0,0.013945701873961158,True
h9,hfl,9,2,ShuffleNet,bank_b,ua,27,8,0.06498232235624515,True
h9,hfl,9,2,ShuffleNet,bank_b,ua,28,8,0.07610732641224413,True
h9,hfl,9,2,ShuffleNet,bank_b,ua,29,8,0.017775019449800616,True
h9,hfl,9,2,ShuffleNet,bank_b,ua,30,6,0.08938993214169194,True
h9,hfl,9,2,ShuffleNet,bank_b,ua,31,6,0.12166394051717855,True
h9,hfl,9,2,ShuffleNet,bank_b,ua,32,9,0.018768978587896723,True
h9,hfl,9,2,ShuffleNet,bank_b,ua,33,9,0.030744344499296417,False
h9,hfl,9,2,ShuffleNet,bank_b,ua,34,3,0.08488595514343489,True
h9,hfl,9,2,ShuffleNet,bank_b,ua,35,6,0.1877842620556672,True
h9,hfl,9,2,ShuffleNet,bank_b,ua,36,8,0.02933049265425569,True
h9,hfl,9,2,ShuffleNet,bank_b,ua,37,8,0.17587718874133174,True
h9,hfl,9,2,ShuffleNet,bank_b,ua,38,2,0.03670511570735169,True
h9,hfl,9,2,ShuffleNet,bank_b,ua,39,6,0.12407374251845826,True
h9,hfl,9,2,ShuffleNet,bank_b,ua,40,6,0.05946539447673563,True
h9,hfl,9,2,ShuffleNet,bank_b,ua,41,6,0.27393879588093095,True
h9,hfl,9,2,ShuffleNet,bank_b,ua,42,6,0.2664723991351029,True
h9,hfl,9,2,ShuffleNet,bank_b,ua,43,0,0.16297588588456202,True
h9,hfl,9,2,ShuffleNet,bank_b,ua,44,6,0.023822631104671005,True
h9,hfl,9,2,ShuffleNet,bank_b,ua,45,6,0.13230244636290361,True
h9,hfl,9,2,ShuffleNet,bank_b,ua,46,3,0.14120264857994022,True
h9,hfl,9,2,ShuffleNet,bank_b,ua,47,3,0.03892698243172546,True
h9,hfl,9,2,ShuffleNet,bank_b,ua,48,8,0.03478670460187261,True
h9,hfl,9,2,ShuffleNet,bank_b,ua,49,8,0.010266184273029055,True
h9,hfl,9,2,ShuffleNet,bank_b,ua,50,9,0.015599763632301755,True
h9,hfl,9,2,ShuffleNet,bank_b,ua,51,6,0.1339766943035245,True
h9,hfl,9,2,ShuffleNet,bank_b,ua,52,6,0.2163400961096445,True
h9,hfl,9,2,ShuffleNet,bank_b,ua,53,0,0.052919130522854074,True
h9,hfl,9,2,ShuffleNet,bank_b,ua,54,6,0.09468256284531792,True
h9,hfl,9,2,ShuffleNet,bank_b,ua,55,6,0.13432610228934405,True
h9,hfl,9,2,ShuffleNet,bank_b,ua,56,1,0.05127393270614394,True
h9,hfl,9,2,ShuffleNet,bank_b,ua,57,6,0.045565886279272896,True
h9,hfl,9,2,ShuffleNet,bank_b,ua,58,6,0.0614019239444335,True
h9,hfl,9,2,ShuffleNet,bank_b,ua,59,8,0.10137750681198002,True
h9,hfl,9,2,ShuffleNet,bank_b,ua,60,6,0.07181662892132465,True
h9,hfl,9,2,ShuffleNet,bank_b,ua,61,6,0.054400149019899965,True
h9,hfl,9,2,ShuffleNet,bank_b,ua,62,6,0.09318618900327669,True
h9,hfl,9,2,ShuffleNet,bank_b,ua,63,6,0.0649901618186921,True
h9,hfl,9,2,ShuffleNet,bank_b,ub,0,6,0.19039840251420626,True
h9,hfl,9,2,ShuffleNet,bank_b,ub,1,8,0.059796951709197715,True
h9,hfl,9,2,ShuffleNet,bank_b,ub,2,6,0.13279566885408248,True
h9,hfl,9,2,ShuffleNet,bank_b,ub,3,1,0.015938929774172522,False
h9,hfl,9,2,ShuffleNet,bank_b,ub,4,1,0.011685618816985668,True
h9,hfl,9,2,ShuffleNet,bank_b,ub,5,3,0.1744370474465631,True
h9,hfl,9,2,ShuffleNet,bank_b,ub,6,6,0.20554303488753867,True
h9,hfl,9,2,ShuffleNet,bank_b,ub,7,6,0.22041823870955313,True
h9,hfl,9,2,ShuffleNet,bank_b,ub,8,9,0.0126762237655266,True
h9,hfl,9,2,ShuffleNet,bank_b,ub,9,1,0.04902894487386997,True
h9,hfl,9,2,ShuffleNet,bank_b,ub,10,6,0.023931214621089214,True
h9,hfl,9,2,ShuffleNet,bank_b,ub,11,6,0.0056661518750108775,True
h9,hfl,9,2,ShuffleNet,bank_b,ub,12,3,0.09219954843314915,True
h9,hfl,9,2,ShuffleNet,bank_b,ub,13,6,0.036851880810783194,True
h9,hfl,9,2,ShuffleNet,bank_b,ub,14,6,0.17284858974567327,True
h9,hfl,9,2,ShuffleNet,bank_b,ub,15,6,0.009221131373688657,False
h9,hfl,9,2,ShuffleNet,bank_b,ub,16,8,0.0564817422218955,True
h9,hfl,9,2,ShuffleNet,bank_b,ub,17,6,0.22474854122213223,True
h9,hfl,9,2,ShuffleNet,bank_b,ub,18,9,0.030566956998711342,True
h9,hfl,9,2,ShuffleNet,bank_b,ub,19,6,0.005299422018211319,True
h9,hfl,9,2,ShuffleNet,bank_b,ub,20,8,0.04028972892872568,True
h9,hfl,9,2,ShuffleNet,bank_b,ub,21,3,0.0778529804185186,True
h9,hfl,9,2,ShuffleNet,bank_b,ub,22,6,0.23820531703816145,True
h9,hfl,9,2,ShuffleNet,bank_b,ub,23,6,0.1838998885493973,True
h9,hfl,9,2,ShuffleNet,bank_b,ub,24,6,0.0033073121266554983,False
h9,hfl,9,2,ShuffleNet,bank_b,ub,25,8,0.022375631176274197,True
h9,hfl,9,2,ShuffleNet,bank_b,ub,26,0,0.02918008990283874,True
h9,hfl,9,2,ShuffleNet,bank_b,ub,27,8,0.09284855378034784,True
h9,hfl,9,2,ShuffleNet,bank_b,ub,28,8,0.09153506956011837,True
h9,hfl,9,2,ShuffleNet,bank_b,ub,29,8,0.01782873338505528,True
h9,hfl,9,2,ShuffleNet,bank_b,ub,30,6,0.08304545255545465,True
h9,hfl,9,2,ShuffleNet,bank_b,ub,31,6,0.07969443580871738,True
h9,hfl,9,2,ShuffleNet,bank_b,ub,32,9,0.04951926640788956,True
h9,hfl,9,2,ShuffleNet,bank_b,ub,33,8,0.011536071584324875,False
h9,hfl,9,2,ShuffleNet,bank_b,ub,34,3,0.0747756876264473,True
h9,hfl,9,2,ShuffleNet,bank_b,ub,35,6,0.17893202084805016,True
h9,hfl,9,2,ShuffleNet,bank_b,ub,36,8,0.05152958988408041,True
h9,hfl,9,2,ShuffleNet,bank_b,ub,37,8,0.18858343790583337,True
h9,hfl,9,2,ShuffleNet,bank_b,ub,38,2,0.030151063978949955,True
h9,hfl,9,2,ShuffleNet,bank_b,ub,39,6,0.12592390658360372,True
h9,hfl,9,2,ShuffleNet,bank_b,ub,40,6,0.0487649274529655,True
h9,hfl,9,2,ShuffleNet,bank_b,ub,41,6,0.26461246422872925,True
h9,hfl,9,2,ShuffleNet,bank_b,ub,42,6,0.26544817919889474,True
h9,hfl,9,2,ShuffleNet,bank_b,ub,43,0,0.15608479740642084,True
h9,hfl,9,2,ShuffleNet,bank_b,ub,44,6,0.061683523070889146,True
h9,hfl,9,2,ShuffleNet,bank_b,ub,45,6,0.12228350264745075,True
h9,hfl,9,2,ShuffleNet,bank_b,ub,46,3,0.14127892437116255,True
h9,hfl,9,2,ShuffleNet,bank_b,ub,47,3,0.081033983157688,True
h9,hfl,9,2,ShuffleNet,bank_b,ub,48,8,0.04123612766913998,True
h9,hfl,9,2,ShuffleNet,bank_b,ub,49,8,0.027415167154616782,True
h9,hfl,9,2,ShuffleNet,bank_b,ub,50,9,0.020993374201301096,True
h9,hfl,9,2,ShuffleNet,bank_b,ub,51,6,0.13617455677608553,True
h9,hfl,9,2,ShuffleNet,bank_b,ub,52,6,0.2021292571076832,True
h9,hfl,9,2,ShuffleNet,bank_b,ub,53,0,0.017216024546854503,True
h9,hfl,9,2,ShuffleNet,bank_b,ub,54,6,0.06742941607989153,True
h9,hfl,9,2,ShuffleNet,bank_b,ub,55,6,0.12653015873949913,True
h9,hfl,9,2,ShuffleNet,bank_b,ub,56,1,0.04508389335350238,True
h9,hfl,9,2,ShuffleNet,bank_b,ub,57,6,0.053479025148613024,True
h9,hfl,9,2,ShuffleNet,bank_b,ub,58,6,0.06717601575643162,True
h9,hfl,9,2,ShuffleNet,bank_b,ub,59,8,0.12231298096795226,True
h9,hfl,9,2,ShuffleNet,bank_b,ub,60,6,0.051582746800532875,True
h9,hfl,9,2,ShuffleNet,bank_b,ub,61,6,0.04868291632831097,True
h9,hfl,9,2,ShuffleNet,bank_b,ub,62,6,0.09879725045707449,True
h9,hfl,9,2,ShuffleNet,bank_b,ub,63,6,0.06852900595142039,True
h9,hfl,9,3,Mobilenetv2,bank_a,ua,0,5,0.17502146330058557,True
h9,hfl,9,3,Mobilenetv2,bank_a,ua,1,5,0.3032471532932913,True
h9,hfl,9,3,Mobilenetv2,bank_a,ua,2,0,0.0675973269503351,True
h9,hfl,9,3,Mobilenetv2,bank_a,ua,3,4,0.10242907622083164,True
h9,hfl,9,3,Mobilenetv2,bank_a,ua,4,4,0.17730227829183415,True
h9,hfl,9,3,Mobilenetv2,bank_a,ua,5,0,0.06209960338866957,True
h9,hfl,9,3,Mobilenetv2,bank_a,ua,6,5,0.1620149230986827,True
h9,hfl,9,3,Mobilenetv2,bank_a,ua,7,9,0.031061778908420934,False
h9,hfl,9,3,Mobilenetv2,bank_a,ua,8,8,0.041569556451928155,True
h9,hfl,9,3,Mobilenetv2,bank_a,ua,9,5,0.250930260405742,True
h9,hfl,9,3,Mobilenetv2,bank_a,ua,10,6,0.15252043819660083,True
h9,hfl,9,3,Mobilenetv2,bank_a,ua,11,5,0.33981277875528926,True
h9,hfl,9,3,Mobilenetv2,bank_a,ua,12,5,0.3474033338425111,True
h9,hfl,9,3,Mobilenetv2,bank_a,ua,13,5,0.2931320534949363,True
h9,hfl,9,3,Mobilenetv2,bank_a,ua,14,5,0.18311317036948055,True
h9,hfl,9,3,Mobilenetv2,bank_a,ua,15,6,0.07638836385865605,True
h9,hfl,9,3,Mobilenetv2,bank_a,ua,16,1,0.00575998437420179,False
h9,hfl,9,3,Mobilenetv2,bank_a,ua,17,5,0.2752031411697493,True
h9,hfl,9,3,Mobilenetv2,bank_a,ua,18,4,0.273614845870143,True
h9,hfl,9,3,Mobilenetv2,bank_a,ua,19,4,0.043713719324810676,True
h9,hfl,9,3,Mobilenetv2,bank_a,ua,20,9,0.0043816307392012255,False
h9,hfl,9,3,Mobilenetv2,bank_a,ua,21,6,0.04741160834236227,True
h9,hfl,9,3,Mobilenetv2,bank_a,ua,22,5,0.1441387973545298,True
h9,hfl,9,3,Mobilenetv2,bank_a,ua,23,4,0.08416350602535647,True
h9,hfl,9,3,Mobilenetv2,bank_a,ua,24,0,0.03164113258862111,True
h9,hfl,9,3,Mobilenetv2,bank_a,ua,25,9,0.019014829268833217,True
h9,hfl,9,3,Mobilenetv2,bank_a,ua,26,6,0.0792232042211806,True
h9,hfl,9,3,Mobilenetv2,bank_a,ua,27,5,0.4954138108244773,True
h9,hfl,9,3,Mobilenetv2,bank_a,ua,28,0,0.03703232805982247,True
h9,hfl,9,3,Mobilenetv2,bank_a,ua,29,5,0.023043739753136117,True
h9,hfl,9,3,Mobilenetv2,bank_a,ua,30,6,0.003904767629613587,True
h9,hfl,9,3,Mobilenetv2,bank_a,ua,31,5,0.14388748023181008,True
h9,hfl,9,3,Mobilenetv2,bank_a,ua,32,5,0.3005794145281233,True
h9,hfl,9,3,Mobilenetv2,bank_a,ua,33,5,0.18476855900715666,True
h9,hfl,9,3,Mobilenetv2,bank_a,ua,34,1,0.04920674538879788,True
h9,hfl,9,3,Mobilenetv2,bank_a,ua,35,5,0.3030499195255133,True
h9,hfl,9,3,Mobilenetv2,bank_a,ua,36,5,0.3228296287886007,True
h9,hfl,9,3,Mobilenetv2,bank_a,ua,37,5,0.1273873389546701,True
h9,hfl,9,3,Mobilenetv2,bank_a,ua,38,5,0.10460691976224751,True
h9,hfl,9,3,Mobilenetv2,bank_a,ua,39,5,0.36800575987806616,True
h9,hfl,9,3,Mobilenetv2,bank_a,ua,40,5,0.33933190171272043,True
h9,hfl,9,3,Mobilenetv2,bank_a,ua,41,5,0.26512151685375507,True
h9,hfl,9,3,Mobilenetv2,bank_a,ua,42,5,0.17955666476369853,True
h9,hfl,9,3,Mobilenetv2,bank_a,ua,43,5,0.2946180797086281,True
h9,hfl,9,3,Mobilenetv2,bank_a,ua,44,5,0.32623324210507354,True
h9,hfl,9,3,Mobilenetv2,bank_a,ua,45,6,0.031164114997232095,False
h9,hfl,9,3,Mobilenetv2,bank_a,ua,46,5,0.24304444934910935,True
h9,hfl,9,3,Mobilenetv2,bank_a,ua,47,5,0.08582261520264164,True
h9,hfl,9,3,Mobilenetv2,bank_a,ua,48,5,0.2678636232598114,True
h9,hfl,9,3,Mobilenetv2,bank_a,ua,49,4,0.009402849877844732,True
h9,hfl,9,3,Mobilenetv2,bank_a,ua,50,6,0.1384526967287232,True
h9,hfl,9,3,Mobilenetv2,bank_a,ua,51,5,0.13469761810875522,True
h9,hfl,9,3,Mobilenetv2,bank_a,ua,52,5,0.5254413951040439,True
h9,hfl,9,3,Mobilenetv2,bank_a,ua,53,6,0.0020969413465527775,False
h9,hfl,9,3,Mobilenetv2,bank_a,ua,54,8,0.008344678895924454,True
h9,hfl,9,3,Mobilenetv2,bank_a,ua,55,9,0.010215272687314814,False
h9,hfl,9,3,Mobilenetv2,bank_a,ua,56,5,0.3260120968540118,True
h9,hfl,9,3,Mobilenetv2,bank_a,ua,57,5,0.3594302816644045,True
h9,hfl,9,3,Mobilenetv2,bank_a,ua,58,5,0.03921666861376555,True
h9,hfl,9,3,Mobilenetv2,bank_a,ua,59,9,0.023044277748032027,True
h9,hfl,9,3,Mobilenetv2,bank_a,ua,60,5,0.26015870632360744,True
h9,hfl,9,3,Mobilenetv2,bank_a,ua,61,0,0.027108583787075702,True
h9,hfl,9,3,Mobilenetv2,bank_a,ua,62,5,0.42749711667546647,True
h9,hfl,9,3,Mobilenetv2,bank_a,ua,63,9,0.032186994155352144,False
h9,hfl,9,3,Mobilenetv2,bank_a,ub,0,5,0.15640528530814765,True
h9,hfl,9,3,Mobilenetv2,bank_a,ub,1,5,0.3109901530187915,True
h9,hfl,9,3,Mobilenetv2,bank_a,ub,2,0,0.05845102718750553,True
h9,hfl,9,3,Mobilenetv2,bank_a,ub,3,4,0.08065176558255835,True
h9,hfl,9,3,Mobilenetv2,bank_a,ub,4,4,0.21296957572464284,True
h9,hfl,9,3,Mobilenetv2,bank_a,ub,5,0,0.061265287692178344,True
h9,hfl,9,3,Mobilenetv2,bank_a,ub,6,5,0.14997287553391492,True
h9,hfl,9,3,Mobilenetv2,bank_a,ub,7,5,0.003245360571610595,False
h9,hfl,9,3,Mobilenetv2,bank_a,ub,8,8,0.045715495173664314,True
h9,hfl,9,3,Mobilenetv2,bank_a,ub,9,5,0.22662532826575543,True
h9,hfl,9,3,Mobilenetv2,bank_a,ub,10,6,0.1612166918681126,True
h9,hfl,9,3,Mobilenetv2,bank_a,ub,11,5,0.3091836077675903,True
h9,hfl,9,3,Mobilenetv2,bank_a,ub,12,5,0.37645442880975594,True
h9,hfl,9,3,Mobilenetv2,bank_a,ub,13,5,0.3025114263972589,True
h9,hfl,9,3,Mobilenetv2,bank_a,ub,14,5,0.13627913773269837,True
h9,hfl,9,3,Mobilenetv2,bank_a,ub,15,6,0.06691839825927323,True
h9,hfl,9,3,Mobilenetv2,bank_a,ub,16,6,9.267065589815826e-05,False
h9,hfl,9,3,Mobilenetv2,bank_a,ub,17,5,0.24768889914713238,True
h9,hfl,9,3,Mobilenetv2,bank_a,ub,18,4,0.2582229568780675,True
h9,hfl,9,3,Mobilenetv2,bank_a,ub,19,4,0.015528339900457072,True
h9,hfl,9,3,Mobilenetv2,bank_a,ub,20,1,0.013451645645254029,False
h9,hfl,9,3,Mobilenetv2,bank_a,ub,21,6,0.028240747867277566,True
h9,hfl,9,3,Mobilenetv2,bank_a,ub,22,5,0.12971806215204737,True
h9,hfl,9,3,Mobilenetv2,bank_a,ub,23,4,0.05099036676944266,True
h9,hfl,9,3,Mobilenetv2,bank_a,ub,24,0,0.028435139953232907,True
h9,hfl,9,3,Mobilenetv2,bank_a,ub,25,9,0.03543925181296931,True
h9,hfl,9,3,Mobilenetv2,bank_a,ub,26,6,0.08920540920753907,True
h9,hfl,9,3,Mobilenetv2,bank_a,ub,27,5,0.49845899229502977,True
h9,hfl,9,3,Mobilenetv2,bank_a,ub,28,0,0.030466357511515912,True
h9,hfl,9,3,Mobilenetv2,bank_a,ub,29,5,0.014484095642482181,True
h9,hfl,9,3,Mobilenetv2,bank_a,ub,30,6,0.03582693220926303,True
h9,hfl,9,3,Mobilenetv2,bank_a,ub,31,5,0.1139524049693032,True
h9,hfl,9,3,Mobilenetv2,bank_a,ub,32,5,0.27416017876384646,True
h9,hfl,9,3,Mobilenetv2,bank_a,ub,33,5,0.12582094600282792,True
h9,hfl,9,3,Mobilenetv2,bank_a,ub,34,1,0.043492894342517074,True
h9,hfl,9,3,Mobilenetv2,bank_a,ub,35,5,0.2997547830312119,True
h9,hfl,9,3,Mobilenetv2,bank_a,ub,36,5,0.3286823756664431,True
h9,hfl,9,3,Mobilenetv2,bank_a,ub,37,5,0.10995694077596047,True
h9,hfl,9,3,Mobilenetv2,bank_a,ub,38,5,0.12705571030890797,True
h9,hfl,9,3,Mobilenetv2,bank_a,ub,39,5,0.34913221849315434,True
h9,hfl,9,3,Mobilenetv2,bank_a,ub,40,5,0.35577076534545815,True
h9,hfl,9,3,Mobilenetv2,bank_a,ub,41,5,0.29730655742873635,True
h9,hfl,9,3,Mobilenetv2,bank_a,ub,42,5,0.16602458614187424,True
h9,hfl,9,3,Mobilenetv2,bank_a,ub,43,5,0.3142900701199393,True
h9,hfl,9,3,Mobilenetv2,bank_a,ub,44,5,0.332422464775338,True
h9,hfl,9,3,Mobilenetv2,bank_a,ub,45,0,0.034878987612301376,False
h9,hfl,9,3,Mobilenetv2,bank_a,ub,46,5,0.21538323167164639,True
h9,hfl,9,3,Mobilenetv2,bank_a,ub,47,5,0.051383486389848396,True
h9,hfl,9,3,Mobilenetv2,bank_a,ub,48,5,0.2470527826808818,True
h9,hfl,9,3,Mobilenetv2,bank_a,ub,49,4,0.011171042581591517,True
h9,hfl,9,3,Mobilenetv2,bank_a,ub,50,6,0.11390978334534085,True
h9,hfl,9,3,Mobilenetv2,bank_a,ub,51,5,0.1072259671870158,True
h9,hfl,9,3,Mobilenetv2,bank_a,ub,52,5,0.5161306811128021,True
h9,hfl,9,3,Mobilenetv2,bank_a,ub,53,5,0.03962480363795491,False
h9,hfl,9,3,Mobilenetv2,bank_a,ub,54,8,0.03767771235054668,True
h9,hfl,9,3,Mobilenetv2,bank_a,ub,55,5,0.022433807950093004,False
h9,hfl,9,3,Mobilenetv2,bank_a,ub,56,5,0.28574531216112575,True
h9,hfl,9,3,Mobilenetv2,bank_a,ub,57,5,0.35405182277184855,True
h9,hfl,9,3,Mobilenetv2,bank_a,ub,58,5,0.09945494808327901,True
h9,hfl,9,3,Mobilenetv2,bank_a,ub,59,9,0.04189708189608425,True
h9,hfl,9,3,Mobilenetv2,bank_a,ub,60,5,0.23756598689769423,True
h9,hfl,9,3,Mobilenetv2,bank_a,ub,61,0,0.058564674402465766,True
h9,hfl,9,3,Mobilenetv2,bank_a,ub,62,5,0.4188578034078335,True
h9,hfl,9,3,Mobilenetv2,bank_a,ub,63,5,0.006733000921280208,False
h9,hfl,9,3,Mobilenetv2,bank_b,ua,0,5,0.432856777781754,True
h9,hfl,9,3,Mobilenetv2,bank_b,ua,1,5,0.2801672370938091,True
h9,hfl,9,3,Mobilenetv2,bank_b,ua,2,5,0.28164281736954927,True
h9,hfl,9,3,Mobilenetv2,bank_b,ua,3,4,0.061865040015844974,True
h9,hfl,9,3,Mobilenetv2,bank_b,ua,4,0,0.04535516412748039,True
h9,hfl,9,3,Mobilenetv2,bank_b,ua,5,8,0.01754361619296063,True
h9,hfl,9,3,Mobilenetv2,bank_b,ua,6,5,0.15766146218076205,True
h9,hfl,9,3,Mobilenetv2,bank_b,ua,7,5,0.07735514794549397,True
h9,hfl,9,3,Mobilenetv2,bank_b,ua,8,4,0.16428680009651012,True
h9,hfl,9,3,Mobilenetv2,bank_b,ua,9,4,0.04180075968896363,True
h9,hfl,9,3,Mobilenetv2,bank_b,ua,10,5,0.23478705186218543,True
h9,hfl,9,3,Mobilenetv2,bank_b,ua,11,5,0.14766810617240925,True
h9,hfl,9,3,Mobilenetv2,bank_b,ua,12,6,0.10657754350225057,True
h9,hfl,9,3,Mobilenetv2,bank_b,ua,13,5,0.35353560071774226,True
h9,hfl,9,3,Mobilenetv2,bank_b,ua,14,5,0.1457649424821109,True
h9,hfl,9,3,Mobilenetv2,bank_b,ua,15,4,0.24993183606813724,True
h9,hfl,9,3,Mobilenetv2,bank_b,ua,16,5,0.19659425414480056,True
h9,hfl,9,3,Mobilenetv2,bank_b,ua,17,5,0.03836367771142088,True
h9,hfl,9,3,Mobilenetv2,bank_b,ua,18,4,0.11966042916529152,True
h9,hfl,9,3,Mobilenetv2,bank_b,ua,19,5,0.23005497677563555,True
h9,hfl,9,3,Mobilenetv2,bank_b,ua,20,5,0.05403259771628656,True
h9,hfl,9,3,Mobilenetv2,bank_b,ua,21,0,0.00902085947132683,True
h9,hfl,9,3,Mobilenetv2,bank_b,ua,22,5,0.08633986434484317,True
h9,hfl,9,3,Mobilenetv2,bank_b,ua,23,5,0.3123706367409838,True
h9,hfl,9,3,Mobilenetv2,bank_b,ua,24,8,0.018306197404220292,True
h9,hfl,9,3,Mobilenetv2,bank_b,ua,25,5,0.22550802892054317,True
h9,hfl,9,3,Mobilenetv2,bank_b,ua,26,0,0.08511958821355986,True
h9,hfl,9,3,Mobilenetv2,bank_b,ua,27,5,0.157302309866362,True
h9,hfl,9,3,Mobilenetv2,bank_b,ua,28,1,0.044103739520221646,True
h9,hfl,9,3,Mobilenetv2,bank_b,ua,29,1,0.010659373742533923,True
h9,hfl,9,3,Mobilenetv2,bank_b,ua,30,5,0.2332524985033706,True
h9,hfl,9,3,Mobilenetv2,bank_b,ua,31,5,0.2462899099415711,True
h9,hfl,9,3,Mobilenetv2,bank_b,ua,32,4,0.1794810825682297,True
h9,hfl,9,3,Mobilenetv2,bank_b,ua,33,9,0.06719004611558715,True
h9,hfl,9,3,Mobilenetv2,bank_b,ua,34,6,0.051442991492592086,True
h9,hfl,9,3,Mobilenetv2,bank_b,ua,35,5,0.03098525898173274,True
h9,hfl,9,3,Mobilenetv2,bank_b,ua,36,1,0.05652346598508454,True
h9,hfl,9,3,Mobilenetv2,bank_b,ua,37,9,0.02918831083201605,True
h9,hfl,9,3,Mobilenetv2,bank_b,ua,38,5,0.24015910204203897,True
h9,hfl,9,3,Mobilenetv2,bank_b,ua,39,5,0.1970799274040553,True
h9,hfl,9,3,Mobilenetv2,bank_b,ua,40,5,0.18716403710243773,True
h9,hfl,9,3,Mobilenetv2,bank_b,ua,41,5,0.22929169696935991,True
h9,hfl,9,3,Mobilenetv2,bank_b,ua,42,5,0.26243113043160315,True
h9,hfl,9,3,Mobilenetv2,bank_b,ua,43,5,0.23044995571204122,True
h9,hfl,9,3,Mobilenetv2,bank_b,ua,44,4,0.13848203724908809,True
h9,hfl,9,3,Mobilenetv2,bank_b,ua,45,5,0.42011437507364024,True
h9,hfl,9,3,Mobilenetv2,bank_b,ua,46,6,0.12546177184874077,True
h9,hfl,9,3,Mobilenetv2,bank_b,ua,47,6,0.06648832620672931,True
h9,hfl,9,3,Mobilenetv2,bank_b,ua,48,0,0.07614232259969062,True
h9,hfl,9,3,Mobilenetv2,bank_b,ua,49,0,0.02751407584172605,True
h9,hfl,9,3,Mobilenetv2,bank_b,ua,50,4,0.18509086376588624,True
h9,hfl,9,3,Mobilenetv2,bank_b,ua,51,5,0.22767627029566548,True
h9,hfl,9,3,Mobilenetv2,bank_b,ua,52,5,0.254098450103066,True
h9,hfl,9,3,Mobilenetv2,bank_b,ua,53,9,0.0045817919033558085,False
h9,hfl,9,3,Mobilenetv2,bank_b,ua,54,5,0.23465321983667087,True
h9,hfl,9,3,Mobilenetv2,bank_b,ua,55,5,0.34582943003073385,True
h9,hfl,9,3,Mobilenetv2,bank_b,ua,56,5,0.055681463629497,True
h9,hfl,9,3,Mobilenetv2,bank_b,ua,57,5,0.11400351301836717,True
h9,hfl,9,3,Mobilenetv2,bank_b,ua,58,5,0.37988910837528317,True
h9,hfl,9,3,Mobilenetv2,bank_b,ua,59,9,0.01778262527470048,True
h9,hfl,9,3,Mobilenetv2,bank_b,ua,60,5,0.06363387995523823,False
h9,hfl,9,3,Mobilenetv2,bank_b,ua,61,5,0.2583990854120023,True
h9,hfl,9,3,Mobilenetv2,bank_b,ua,62,5,0.28751198281582596,True
h9,hfl,9,3,Mobilenetv2,bank_b,ua,63,5,0.17491907250757477,True
h9,hfl,9,3,Mobilenetv2,bank_b,ub,0,5,0.4113442453489348,True
h9,hfl,9,3,Mobilenetv2,bank_b,ub,1,5,0.28218145904775305,True
h9,hfl,9,3,Mobilenetv2,bank_b,ub,2,5,0.27683800441837414,True
h9,hfl,9,3,Mobilenetv2,bank_b,ub,3,4,0.06268584704045416,True
h9,hfl,9,3,Mobilenetv2,bank_b,ub,4,0,0.03487129622914592,True
h9,hfl,9,3,Mobilenetv2,bank_b,ub,5,8,0.012084201929136423,True
h9,hfl,9,3,Mobilenetv2,bank_b,ub,6,5,0.16133416433301134,True
h9,hfl,9,3,Mobilenetv2,bank_b,ub,7,5,0.05989794291783057,True
h9,hfl,9,3,Mobilenetv2,bank_b,ub,8,4,0.18401959022266173,True
h9,hfl,9,3,Mobilenetv2,bank_b,ub,9,4,0.05090420439847468,True
h9,hfl,9,3,Mobilenetv2,bank_b,ub,10,5,0.22280719011657882,True
h9,hfl,9,3,Mobilenetv2,bank_b,ub,11,5,0.12879653352052073,True
h9,hfl,9,3,Mobilenetv2,bank_b,ub,12,6,0.08465659293804531,True
h9,hfl,9,3,Mobilenetv2,bank_b,ub,13,5,0.33058222751730015,True
h9,hfl,9,3,Mobilenetv2,bank_b,ub,14,5,0.16102975628956576,True
h9,hfl,9,3,Mobilenetv2,bank_b,ub,15,4,0.23711473804347805,True
h9,hfl,9,3,Mobilenetv2,bank_b,ub,16,5,0.1781942936305561,True
h9,hfl,9,3,Mobilenetv2,bank_b,ub,17,5,0.05663839122959649,True
h9,hfl,9,3,Mobilenetv2,bank_b,ub,18,4,0.1233466815140889,True
h9,hfl,9,3,Mobilenetv2,bank_b,ub,19,5,0.21498583127307241,True
h9,hfl,9,3,Mobilenetv2,bank_b,ub,20,5,0.012367830340846903,True
h9,hfl,9,3,Mobilenetv2,bank_b,ub,21,0,0.012286982833718013,True
h9,hfl,9,3,Mobilenetv2,bank_b,ub,22,5,0.1038792225372587,True
h9,hfl,9,3,Mobilenetv2,bank_b,ub,23,5,0.2890784310637347,True
h9,hfl,9,3,Mobilenetv2,bank_b,ub,24,8,0.0231433199685257,True
h9,hfl,9,3,Mobilenetv2,bank_b,ub,25,5,0.21398302690680282,True
h9,hfl,9,3,Mobilenetv2,bank_b,ub,26,0,0.07583103739586669,True
h9,hfl,9,3,Mobilenetv2,bank_b,ub,27,5,0.12191252743748876,True
h9,hfl,9,3,Mobilenetv2,bank_b,ub,28,1,0.02779454481622934,True
h9,hfl,9,3,Mobilenetv2,bank_b,ub,29,1,0.014444888284401158,True
h9,hfl,9,3,Mobilenetv2,bank_b,ub,30,5,0.23004694432946665,True
h9,hfl,9,3,Mobilenetv2,bank_b,ub,31,5,0.23025916311135972,True
h9,hfl,9,3,Mobilenetv2,bank_b,ub,32,4,0.15458243313995038,True
h9,hfl,9,3,Mobilenetv2,bank_b,ub,33,9,0.08379480072179256,True
h9,hfl,9,3,Mobilenetv2,bank_b,ub,34,6,0.03359140084934141,True
h9,hfl,9,3,Mobilenetv2,bank_b,ub,35,5,0.0426250792962998,True
h9,hfl,9,3,Mobilenetv2,bank_b,ub,36,1,0.019186132971932945,True
h9,hfl,9,3,Mobilenetv2,bank_b,ub,37,9,0.015383895044571216,True
h9,hfl,9,3,Mobilenetv2,bank_b,ub,38,5,0.2783985173693091,True
h9,hfl,9,3,Mobilenetv2,bank_b,ub,39,5,0.15246207992718555,True
h9,hfl,9,3,Mobilenetv2,bank_b,ub,40,5,0.19155361763285747,True
h9,hfl,9,3,Mobilenetv2,bank_b,ub,41,5,0.22844767403722047,True
h9,hfl,9,3,Mobilenetv2,bank_b,ub,42,5,0.2544314092012209,True
h9,hfl,9,3,Mobilenetv2,bank_b,ub,43,5,0.18298830801931162,True
h9,hfl,9,3,Mobilenetv2,bank_b,ub,44,4,0.1439673239096867,True
h9,hfl,9,3,Mobilenetv2,bank_b,ub,45,5,0.38116118407365507,True
h9,hfl,9,3,Mobilenetv2,bank_b,ub,46,6,0.10594719140692475,True
h9,hfl,9,3,Mobilenetv2,bank_b,ub,47,6,0.09194257065474087,True
h9,hfl,9,3,Mobilenetv2,bank_b,ub,48,0,0.05118665838254413,True
h9,hfl,9,3,Mobilenetv2,bank_b,ub,49,0,0.033207209553350936,True
h9,hfl,9,3,Mobilenetv2,bank_b,ub,50,4,0.1814275447710583,True
h9,hfl,9,3,Mobilenetv2,bank_b,ub,51,5,0.21426624710902417,True
h9,hfl,9,3,Mobilenetv2,bank_b,ub,52,5,0.2624082056153444,True
h9,hfl,9,3,Mobilenetv2,bank_b,ub,53,1,0.0035789161692864058,False
h9,hfl,9,3,Mobilenetv2,bank_b,ub,54,5,0.193773243730103,True
h9,hfl,9,3,Mobilenetv2,bank_b,ub,55,5,0.32830335699718916,True
h9,hfl,9,3,Mobilenetv2,bank_b,ub,56,5,0.0629542322942635,True
h9,hfl,9,3,Mobilenetv2,bank_b,ub,57,5,0.12607998675056242,True
h9,hfl,9,3,Mobilenetv2,bank_b,ub,58,5,0.3776137863772236,True
h9,hfl,9,3,Mobilenetv2,bank_b,ub,59,9,0.0034673326236004665,True
h9,hfl,9,3,Mobilenetv2,bank_b,ub,60,1,0.02109258532962474,False
h9,hfl,9,3,Mobilenetv2,bank_b,ub,61,5,0.24576720257254075,True
h9,hfl,9,3,Mobilenetv2,bank_b,ub,62,5,0.25469283834162815,True
h9,hfl,9,3,Mobilenetv2,bank_b,ub,63,5,0.16842504007013004,True
l0,local,0,0,ResNet10,bank_a,ua,0,8,0.00022362432935336268,False
l0,local,0,0,ResNet10,bank_a,ua,1,4,0.05954478963751962,True
l0,local,0,0,ResNet10,bank_a,ua,2,9,0.006927345762251014,True
l0,local,0,0,ResNet10,bank_a,ua,3,6,0.010370099342065058,True
l0,local,0,0,ResNet10,bank_a,ua,4,9,0.006014639898957425,True
l0,local,0,0,ResNet10,bank_a,ua,5,0,0.014724484751223454,True
l0,local,0,0,ResNet10,bank_a,ua,6,4,0.03185070006470893,True
l0,local,0,0,ResNet10,bank_a,ua,7,0,0.0575535670102969,True
l0,local,0,0,ResNet10,bank_a,ua,8,9,0.008763496091748646,True
l0,local,0,0,ResNet10,bank_a,ua,9,5,0.013659675828689499,True
l0,local,0,0,ResNet10,bank_a,ua,10,4,0.09768734429779219,True
l0,local,0,0,ResNet10,bank_a,ua,11,9,0.0022592947583173206,True
l0,local,0,0,ResNet10,bank_a,ua,12,0,0.19436410799901882,True
l0,local,0,0,ResNet10,bank_a,ua,13,9,0.010408120136586874,True
l0,local,0,0,ResNet10,bank_a,ua,14,8,0.00026311858550799594,False
l0,local,0,0,ResNet10,bank_a,ua,15,9,0.004792844523705514,False
l0,local,0,0,ResNet10,bank_a,ua,16,6,0.16143065987925995,True
l0,local,0,0,ResNet10,bank_a,ua,17,4,0.019813458986290597,True
l0,local,0,0,ResNet10,bank_a,ua,18,8,0.0013317241969071913,True
l0,local,0,0,ResNet10,bank_a,ua,19,8,4.281295561169712e-05,False
l0,local,0,0,ResNet10,bank_a,ua,20,1,1.8988412833903512e-05,False
l0,local,0,0,ResNet10,bank_a,ua,21,4,0.015970442909783854,True
l0,local,0,0,ResNet10,bank_a,ua,22,9,0.0016605218589238607,False
l0,local,0,0,ResNet10,bank_a,ua,23,4,0.007432830789918611,False
l0,local,0,0,ResNet10,bank_a,ua,24,0,0.2492512047527863,True
l0,local,0,0,ResNet10,bank_a,ua,25,7,0.050085750395201356,True
l0,local,0,0,ResNet10,bank_a,ua,26,9,0.00018380907596306229,False
l0,local,0,0,ResNet10,bank_a,ua,27,4,0.020549969810826796,True
l0,local,0,0,ResNet10,bank_a,ua,28,0,0.0731484025937297,True
l0,local,0,0,ResNet10,bank_a,ua,29,6,0.16994585839162046,True
l0,local,0,0,ResNet10,bank_a,ua,30,3,0.013822255256836842,False
l0,local,0,0,ResNet10,bank_a,ua,31,4,0.055831173488761404,True
l0,local,0,0,ResNet10,bank_a,ua,32,6,0.021232047239509833,False
l0,local,0,0,ResNet10,bank_a,ua,33,4,0.004511553345102864,True
l0,local,0,0,ResNet10,bank_a,ua,34,0,0.007247391228421107,True
l0,local,0,0,ResNet10,bank_a,ua,35,4,0.018704029022731897,True
l0,local,0,0,ResNet10,bank_a,ua,36,4,0.0034137013820344647,True
l0,local,0,0,ResNet10,bank_a,ua,37,0,0.2512780344637283,True
l0,local,0,0,ResNet10,bank_a,ua,38,8,0.0035900286126342024,True
l0,local,0,0,ResNet10,bank_a,ua,39,0,0.012700230362569578,True
l0,local,0,0,ResNet10,bank_a,ua,40,9,0.01014856086646218,True
l0,local,0,0,ResNet10,bank_a,ua,41,9,0.00738488746576102,True
l0,local,0,0,ResNet10,bank_a,ua,42,6,0.026437210473609682,True
l0,local,0,0,ResNet10,bank_a,ua,43,9,0.010371902204277528,True
l0,local,0,0,ResNet10,bank_a,ua,44,9,0.008080313317083948,True
l0,local,0,0,ResNet10,bank_a,ua,45,4,0.02285406689078802,True
l0,local,0,0,ResNet10,bank_a,ua,46,4,0.00042601685778159704,True
l0,local,0,0,ResNet10,bank_a,ua,47,8,0.003658813900417862,False
l0,local,0,0,ResNet10,bank_a,ua,48,9,0.0014367520342568885,True
l0,local,0,0,ResNet10,bank_a,ua,49,9,0.002751770803457898,True
l0,local,0,0,ResNet10,bank_a,ua,50,5,0.10018700944383811,True
l0,local,0,0,ResNet10,bank_a,ua,51,9,4.023072244633413e-05,True
l0,local,0,0,ResNet10,bank_a,ua,52,9,0.0056005207611049546,True
l0,local,0,0,ResNet10,bank_a,ua,53,4,0.018818766079689214,True
l0,local,0,0,ResNet10,bank_a,ua,54,9,0.009377907526598783,True
l0,local,0,0,ResNet10,bank_a,ua,55,9,0.008780163650192643,True
l0,local,0,0,ResNet10,bank_a,ua,56,4,0.010087364183935757,True
l0,local,0,0,ResNet10,bank_a,ua,57,9,0.002850331801869055,True
l0,local,0,0,ResNet10,bank_a,ua,58,0,0.017126536142355167,True
l0,local,0,0,ResNet10,bank_a,ua,59,7,0.0047026857403351385,True
l0,local,0,0,ResNet10,bank_a,ua,60,4,0.04980359349862638,True
l0,local,0,0,ResNet10,bank_a,ua,61,0,0.09837058031983595,True
l0,local,0,0,ResNet10,bank_a,ua,62,9,0.007400753241320085,True
l0,local,0,0,ResNet10,bank_a,ua,63,0,0.08329226909113917,True
l0,local,0,0,ResNet10,bank_a,ub,0,4,0.005415020817404942,False
l0,local,0,0,ResNet10,bank_a,ub,1,4,0.0553315001978297,True
l0,local,0,0,ResNet10,bank_a,ub,2,9,0.007593404020567712,True
l0,local,0,0,ResNet10,bank_a,ub,3,6,0.040057035665523884,True
l0,local,0,0,ResNet10,bank_a,ub,4,9,0.007239147105580629,True
l0,local,0,0,ResNet10,bank_a,ub,5,0,0.00170306482515592,True
l0,local,0,0,ResNet10,bank_a,ub,6,4,0.06301246416210758,True
l0,local,0,0,ResNet10,bank_a,ub,7,0,0.02989678385215197,True
l0,local,0,0,ResNet10,bank_a,ub,8,9,0.008417648500084418,True
l0,local,0,0,ResNet10,bank_a,ub,9,5,0.023113449946669133,True
l0,local,0,0,ResNet10,bank_a,ub,10,4,0.1100306055797667,True
l0,local,0,0,ResNet10,bank_a,ub,11,9,0.0032017460831471056,True
l0,local,0,0,ResNet10,bank_a,ub,12,0,0.21453439599975263,True
l0,local,0,0,ResNet10,bank_a,ub,13,9,0.010253083316519251,True
l0,local,0,0,ResNet10,bank_a,ub,14,9,0.0021276639487702587,False
l0,local,0,0,ResNet10,bank_a,ub,15,0,0.012069049697556386,False
l0,local,0,0,ResNet10,bank_a,ub,16,6,0.20253403481485627,True
l0,local,0,0,ResNet10,bank_a,ub,17,4,0.03532713764020344,True
l0,local,0,0,ResNet10,bank_a,ub,18,8,0.0009034624908580979,True
l0,local,0,0,ResNet10,bank_a,ub,19,6,0.013571829621648386,False
l0,local,0,0,ResNet10,bank_a,ub,20,0,0.03235169698323971,False
l0,local,0,0,ResNet10,bank_a,ub,21,4,0.009274186885582736,True
l0,local,0,0,ResNet10,bank_a,ub,22,8,3.552031427784402e-05,False
l0,local,0,0,ResNet10,bank_a,ub,23,6,0.02185097782104288,False
l0,local,0,0,ResNet10,bank_a,ub,24,0,0.25536523499747715,True
l0,local,0,0,ResNet10,bank_a,ub,25,7,0.01864728611925517,True
l0,local,0,0,ResNet10,bank_a,ub,26,8,0.0003828155490648924,False
l0,local,0,0,ResNet10,bank_a,ub,27,4,0.06414812301686434,True
l0,local,0,0,ResNet10,bank_a,ub,28,0,0.08035239425765808,True
l0,local,0,0,ResNet10,bank_a,ub,29,6,0.11173760714292641,True
l0,local,0,0,ResNet10,bank_a,ub,30,6,0.02889012770783548,False
l0,local,0,0,ResNet10,bank_a,ub,31,4,0.09478214529407672,True
l0,local,0,0,ResNet10,bank_a,ub,32,4,0.038538491886097474,False
l0,local,0,0,ResNet10,bank_a,ub,33,4,0.004264021634633769,True
l0,local,0,0,ResNet10,bank_a,ub,34,0,0.0245316399643625,True
l0,local,0,0,ResNet10,bank_a,ub,35,4,0.06742880023332129,True
l0,local,0,0,ResNet10,bank_a,ub,36,4,0.005982116374614113,True
l0,local,0,0,ResNet10,bank_a,ub,37,0,0.24067390816068215,True
l0,local,0,0,ResNet10,bank_a,ub,38,8,0.004549162801498738,True
l0,local,0,0,ResNet10,bank_a,ub,39,0,4.292820406948117e-05,True
l0,local,0,0,ResNet10,bank_a,ub,40,9,0.010738602418860516,True
l0,local,0,0,ResNet10,bank_a,ub,41,9,0.007047834568779582,True
l0,local,0,0,ResNet10,bank_a,ub,42,6,0.059010052679079036,True
l0,local,0,0,ResNet10,bank_a,ub,43,9,0.011062435335277343,True
l0,local,0,0,ResNet10,bank_a,ub,44,9,0.008849432136599916,True
l0,local,0,0,ResNet10,bank_a,ub,45,4,0.029498375476127436,True
l0,local,0,0,ResNet10,bank_a,ub,46,4,0.015646273987126896,True
l0,local,0,0,ResNet10,bank_a,ub,47,6,0.03234837947671403,False
l0,local,0,0,ResNet10,bank_a,ub,48,9,0.002555239669574813,True
l0,local,0,0,ResNet10,bank_a,ub,49,9,0.0027724911815070197,True
l0,local,0,0,ResNet10,bank_a,ub,50,5,0.05231059537698937,True
l0,local,0,0,ResNet10,bank_a,ub,51,9,0.0028910559922089574,True
l0,local,0,0,ResNet10,bank_a,ub,52,9,0.0055191581940757795,True
l0,local,0,0,ResNet10,bank_a,ub,53,4,0.03164385304042093,True
l0,local,0,0,ResNet10,bank_a,ub,54,9,0.009893854468818394,True
l0,local,0,0,ResNet10,bank_a,ub,55,9,0.009099339087492886,True
l0,local,0,0,ResNet10,bank_a,ub,56,4,0.03907500762937405,True
l0,local,0,0,ResNet10,bank_a,ub,57,9,0.0019394370072070705,True
l0,local,0,0,ResNet10,bank_a,ub,58,0,0.01600626845154632,True
l0,local,0,0,ResNet10,bank_a,ub,59,7,0.0031301532752344916,True
l0,local,0,0,ResNet10,bank_a,ub,60,4,0.019588358297377255,True
l0,local,0,0,ResNet10,bank_a,ub,61,0,0.10879811325065672,True
l0,local,0,0,ResNet10,bank_a,ub,62,9,0.007399345248744832,True
l0,local,0,0,ResNet10,bank_a,ub,63,0,0.11922194264756411,True
l0,local,0,0,ResNet10,bank_b,ua,0,4,0.01172191178192776,True
l0,local,0,0,ResNet10,bank_b,ua,1,4,0.019462769350368697,True
l0,local,0,0,ResNet10,bank_b,ua,2,4,0.06898776509751975,True
l0,local,0,0,ResNet10,bank_b,ua,3,9,0.0049699687388327085,True
l0,local,0,0,ResNet10,bank_b,ua,4,0,0.10929003085690991,True
l0,local,0,0,ResNet10,bank_b,ua,5,9,0.008951602133497272,True
l0,local,0,0,ResNet10,bank_b,ua,6,9,0.0022297348511871734,False
l0,local,0,0,ResNet10,bank_b,ua,7,6,0.25551419514840895,True
l0,local,0,0,ResNet10,bank_b,ua,8,8,0.002259517758547769,True
l0,local,0,0,ResNet10,bank_b,ua,9,1,0.007062707430764481,True
l0,local,0,0,ResNet10,bank_b,ua,10,6,0.003269022469720509,False
l0,local,0,0,ResNet10,bank_b,ua,11,8,0.002513883544358275,True
l0,local,0,0,ResNet10,bank_b,ua,12,4,0.0376947147048413,True
l0,local,0,0,ResNet10,bank_b,ua,13,9,0.006008386436949453,True
l0,local,0,0,ResNet10,bank_b,ua,14,4,0.008530581013867111,True
l0,local,0,0,ResNet10,bank_b,ua,15,9,0.0018799804191735048,False
l0,local,0,0,ResNet10,bank_b,ua,16,9,0.002310737188045156,True
l0,local,0,0,ResNet10,bank_b,ua,17,8,0.0012997874889510708,True
l0,local,0,0,ResNet10,bank_b,ua,18,6,0.06176059607439686,True
l0,local,0,0,ResNet10,bank_b,ua,19,9,0.0004030424735497612,True
l0,local,0,0,ResNet10,bank_b,ua,20,9,0.0007638361189750906,True
l0,local,0,0,ResNet10,bank_b,ua,21,9,0.012674516102903655,True
l0,local,0,0,ResNet10,bank_b,ua,22,4,0.1680236232100451,True
l0,local,0,0,ResNet10,bank_b,ua,23,9,0.001206451747643611,True
l0,local,0,0,ResNet10,bank_b,ua,24,0,0.08653898645941951,True
l0,local,0,0,ResNet10,bank_b,ua,25,0,0.04948826538928689,True
l0,local,0,0,ResNet10,bank_b,ua,26,0,0.16652144975375793,True
l0,local,0,0,ResNet10,bank_b,ua,27,9,0.0008614333183820377,True
l0,local,0,0,ResNet10,bank_b,ua,28,6,0.011695204282483496,False
l0,local,0,0,ResNet10,bank_b,ua,29,6,0.10905507421481922,True
l0,local,0,0,ResNet10,bank_b,ua,30,9,0.004113543689031329,True
l0,local,0,0,ResNet10,bank_b,ua,31,6,0.05237196057120941,True
l0,local,0,0,ResNet10,bank_b,ua,32,8,0.002017841497186,False
l0,local,0,0,ResNet10,bank_b,ua,33,4,0.030013356277279538,True
l0,local,0,0,ResNet10,bank_b,ua,34,9,0.000972026214497837,False
l0,local,0,0,ResNet10,bank_b,ua,35,8,0.0026612631374682005,True
l0,local,0,0,ResNet10,bank_b,ua,36,6,0.016126951145747,True
l0,local,0,0,ResNet10,bank_b,ua,37,9,0.013027936283486835,True
l0,local,0,0,ResNet10,bank_b,ua,38,0,0.23293360552657993,True
l0,local,0,0,ResNet10,bank_b,ua,39,4,0.040001581761387,True
l0,local,0,0,ResNet10,bank_b,ua,40,6,0.0011086933839472846,True
l0,local,0,0,ResNet10,bank_b,ua,41,6,0.022407404350377746,True
l0,local,0,0,ResNet10,bank_b,ua,42,9,0.006976504601299033,True
l0,local,0,0,ResNet10,bank_b,ua,43,5,0.009608940343954014,False
l0,local,0,0,ResNet10,bank_b,ua,44,8,0.0059524261549250695,True
l0,local,0,0,ResNet10,bank_b,ua,45,9,0.003997170185202598,True
l0,local,0,0,ResNet10,bank_b,ua,46,4,0.030455204768213964,True
l0,local,0,0,ResNet10,bank_b,ua,47,4,0.0812034099731892,True
l0,local,0,0,ResNet10,bank_b,ua,48,9,0.006680226710067516,False
l0,local,0,0,ResNet10,bank_b,ua,49,9,0.0073802061531090535,True
l0,local,0,0,ResNet10,bank_b,ua,50,8,0.00036892181816319813,True
l0,local,0,0,ResNet10,bank_b,ua,51,4,0.07116623245288119,True
l0,local,0,0,ResNet10,bank_b,ua,52,4,0.07269408486720161,True
l0,local,0,0,ResNet10,bank_b,ua,53,9,0.005200314138987805,True
l0,local,0,0,ResNet10,bank_b,ua,54,4,0.053257089766329424,True
l0,local,0,0,ResNet10,bank_b,ua,55,9,0.002216887825589292,True
l0,local,0,0,ResNet10,bank_b,ua,56,9,0.001691909828366478,True
l0,local,0,0,ResNet10,bank_b,ua,57,5,0.029503398178692457,False
l0,local,0,0,ResNet10,bank_b,ua,58,9,0.005193975881876367,True
l0,local,0,0,ResNet10,bank_b,ua,59,9,0.00863483083209915,True
l0,local,0,0,ResNet10,bank_b,ua,60,4,0.006773765008509625,True
l0,local,0,0,ResNet10,bank_b,ua,61,5,0.002025067715734019,True
l0,local,0,0,ResNet10,bank_b,ua,62,9,0.0027633062632373417,True
l0,local,0,0,ResNet10,bank_b,ua,63,6,0.0034051091763588268,False
l0,local,0,0,ResNet10,bank_b,ub,0,4,0.037083906951635714,True
l0,local,0,0,ResNet10,bank_b,ub,1,4,0.0325111853232372,True
l0,local,0,0,ResNet10,bank_b,ub,2,4,0.03762768833350977,True
l0,local,0,0,ResNet10,bank_b,ub,3,9,0.004468058924202378,True
l0,local,0,0,ResNet10,bank_b,ub,4,0,0.10850744731791659,True
l0,local,0,0,ResNet10,bank_b,ub,5,9,0.010076359219963582,True
l0,local,0,0,ResNet10,bank_b,ub,6,4,0.0017408784214955342,False
l0,local,0,0,ResNet10,bank_b,ub,7,6,0.2070073400380753,True
l0,local,0,0,ResNet10,bank_b,ub,8,8,0.0023205855470094794,True
l0,local,0,0,ResNet10,bank_b,ub,9,1,0.006716267191845343,True
l0,local,0,0,ResNet10,bank_b,ub,10,4,0.06153717318942572,False
l0,local,0,0,ResNet10,bank_b,ub,11,8,0.0017992970042821493,True
l0,local,0,0,ResNet10,bank_b,ub,12,4,0.04798535361562735,True
l0,local,0,0,ResNet10,bank_b,ub,13,9,0.006979292124756453,True
l0,local,0,0,ResNet10,bank_b,ub,14,4,0.05956466782746042,True
l0,local,0,0,ResNet10,bank_b,ub,15,4,0.023604354412687004,False
l0,local,0,0,ResNet10,bank_b,ub,16,9,0.0023732871816295603,True
l0,local,0,0,ResNet10,bank_b,ub,17,8,0.0014769994392915542,True
l0,local,0,0,ResNet10,bank_b,ub,18,6,0.10405682503611992,True
l0,local,0,0,ResNet10,bank_b,ub,19,9,0.0019407821554134619,True
l0,local,0,0,ResNet10,bank_b,ub,20,9,0.0026033523854060714,True
l0,local,0,0,ResNet10,bank_b,ub,21,9,0.013866149629645996,True
l0,local,0,0,ResNet10,bank_b,ub,22,4,0.22029391650457272,True
l0,local,0,0,ResNet10,bank_b,ub,23,9,0.002499897193852907,True
l0,local,0,0,ResNet10,bank_b,ub,24,0,0.10708144959610194,True
l0,local,0,0,ResNet10,bank_b,ub,25,0,0.0560688758838374,True
l0,local,0,0,ResNet10,bank_b,ub,26,0,0.19162175055472286,True
l0,local,0,0,ResNet10,bank_b,ub,27,9,0.0012477622542117622,True
l0,local,0,0,ResNet10,bank_b,ub,28,0,0.04661021182692335,False
l0,local,0,0,ResNet10,bank_b,ub,29,6,0.1969109649237644,True
l0,local,0,0,ResNet10,bank_b,ub,30,9,0.004480539562894292,True
l0,local,0,0,ResNet10,bank_b,ub,31,6,0.03375050706980946,True
l0,local,0,0,ResNet10,bank_b,ub,32,6,0.030551502551142765,False
l0,local,0,0,ResNet10,bank_b,ub,33,4,0.01640084033764594,True
l0,local,0,0,ResNet10,bank_b,ub,34,0,0.013484899514515189,False
l0,local,0,0,ResNet10,bank_b,ub,35,8,0.0019758197162574043,True
l0,local,0,0,ResNet10,bank_b,ub,36,6,0.04718115966997073,True
l0,local,0,0,ResNet10,bank_b,ub,37,9,0.013549151388395339,True
l0,local,0,0,ResNet10,bank_b,ub,38,0,0.21215903515888734,True
l0,local,0,0,ResNet10,bank_b,ub,39,4,0.04715642868059727,True
l0,local,0,0,ResNet10,bank_b,ub,40,6,0.03376599159397552,True
l0,local,0,0,ResNet10,bank_b,ub,41,6,0.0372220165062577,True
l0,local,0,0,ResNet10,bank_b,ub,42,9,0.007070717626270873,True
l0,local,0,0,ResNet10,bank_b,ub,43,0,0.00859688876087511,False
l0,local,0,0,ResNet10,bank_b,ub,44,8,0.005353454557296508,True
l0,local,0,0,ResNet10,bank_b,ub,45,9,0.0038926952215367627,True
l0,local,0,0,ResNet10,bank_b,ub,46,4,0.04148738966212087,True
l0,local,0,0,ResNet10,bank_b,ub,47,4,0.08831403798631939,True
l0,local,0,0,ResNet10,bank_b,ub,48,0,0.021044136583446005,False
l0,local,0,0,ResNet10,bank_b,ub,49,9,0.00806331629379492,True
l0,local,0,0,ResNet10,bank_b,ub,50,8,0.00037650345737799684,True
l0,local,0,0,ResNet10,bank_b,ub,51,4,0.08507810381178797,True
l0,local,0,0,ResNet10,bank_b,ub,52,4,0.07398615835762097,True
l0,local,0,0,ResNet10,bank_b,ub,53,9,0.00531418736165265,True
l0,local,0,0,ResNet10,bank_b,ub,54,4,0.05751051830871394,True
l0,local,0,0,ResNet10,bank_b,ub,55,9,0.0030469387626692324,True
l0,local,0,0,ResNet10,bank_b,ub,56,9,0.002313173193999485,True
l0,local,0,0,ResNet10,bank_b,ub,57,8,0.0011554893639383786,False
l0,local,0,0,ResNet10,bank_b,ub,58,9,0.004989074476191416,True
l0,local,0,0,ResNet10,bank_b,ub,59,9,0.009190923212132412,True
l0,local,0,0,ResNet10,bank_b,ub,60,4,0.02003760481961278,True
l0,local,0,0,ResNet10,bank_b,ub,61,5,0.011529989280606709,True
l0,local,0,0,ResNet10,bank_b,ub,62,9,0.003241464440600611,True
l0,local,0,0,ResNet10,bank_b,ub,63,4,0.026546177892845343,False
l0,local,0,1,ResNet12,bank_a,ua,0,5,0.03968552190821774,True
l0,local,0,1,ResNet12,bank_a,ua,1,4,0.04067895444262015,True
l0,local,0,1,ResNet12,bank_a,ua,2,9,0.1154414419224434,True
l0,local,0,1,ResNet12,bank_a,ua,3,9,0.007006019174556843,False
l0,local,0,1,ResNet12,bank_a,ua,4,3,0.03017309283326379,True
l0,local,0,1,ResNet12,bank_a,ua,5,3,0.03882414460372738,True
l0,local,0,1,ResNet12,bank_a,ua,6,4,0.028497401722819685,True
l0,local,0,1,ResNet12,bank_a,ua,7,4,0.008628767946331425,False
l0,local,0,1,ResNet12,bank_a,ua,8,9,0.19257674848717882,True
l0,local,0,1,ResNet12,bank_a,ua,9,3,0.014183023983697654,True
l0,local,0,1,ResNet12,bank_a,ua,10,7,0.004664594470750988,False
l0,local,0,1,ResNet12,bank_a,ua,11,4,0.01735052671376762,False
l0,local,0,1,ResNet12,bank_a,ua,12,8,0.04744387899008705,True
l0,local,0,1,ResNet12,bank_a,ua,13,9,0.08894178110362642,True
l0,local,0,1,ResNet12,bank_a,ua,14,5,0.008932355268447337,True
l0,local,0,1,ResNet12,bank_a,ua,15,9,0.0006780469852599863,False
l0,local,0,1,ResNet12,bank_a,ua,16,2,0.03343083867249637,True
l0,local,0,1,ResNet12,bank_a,ua,17,4,0.0307158755045788,True
l0,local,0,1,ResNet12,bank_a,ua,18,9,0.03273227256282912,True
l0,local,0,1,ResNet12,bank_a,ua,19,1,0.06403713483584383,False
l0,local,0,1,ResNet12,bank_a,ua,20,1,0.03621660018106232,True
l0,local,0,1,ResNet12,bank_a,ua,21,6,0.017023183549917352,True
l0,local,0,1,ResNet12,bank_a,ua,22,5,0.016150638919035294,False
l0,local,0,1,ResNet12,bank_a,ua,23,5,0.02419172626081814,True
l0,local,0,1,ResNet12,bank_a,ua,24,3,0.045389104693927346,True
l0,local,0,1,ResNet12,bank_a,ua,25,7,0.03396237023594192,False
l0,local,0,1,ResNet12,bank_a,ua,26,2,0.02453319385216368,True
l0,local,0,1,ResNet12,bank_a,ua,27,3,0.020567416934582777,True
l0,local,0,1,ResNet12,bank_a,ua,28,7,0.012232052991806505,True
l0,local,0,1,ResNet12,bank_a,ua,29,3,0.01762426855469751,True
l0,local,0,1,ResNet12,bank_a,ua,30,1,0.05166527669853034,True
l0,local,0,1,ResNet12,bank_a,ua,31,4,0.02167280362454775,True
l0,local,0,1,ResNet12,bank_a,ua,32,5,0.01017274902708834,True
l0,local,0,1,ResNet12,bank_a,ua,33,6,0.054450343628518014,True
l0,local,0,1,ResNet12,bank_a,ua,34,8,0.02044148042832722,False
l0,local,0,1,ResNet12,bank_a,ua,35,5,0.011542432692909305,True
l0,local,0,1,ResNet12,bank_a,ua,36,5,0.05505624029266187,True
l0,local,0,1,ResNet12,bank_a,ua,37,8,0.024193666826769544,True
l0,local,0,1,ResNet12,bank_a,ua,38,5,0.006906596200528858,True
l0,local,0,1,ResNet12,bank_a,ua,39,4,0.02513512857599097,True
l0,local,0,1,ResNet12,bank_a,ua,40,9,0.11508344932224933,True
l0,local,0,1,ResNet12,bank_a,ua,41,8,0.005281029640579103,False
l0,local,0,1,ResNet12,bank_a,ua,42,9,0.005661901334357344,True
l0,local,0,1,ResNet12,bank_a,ua,43,9,0.1119825302367794,True
l0,local,0,1,ResNet12,bank_a,ua,44,9,0.09826393579608911,True
l0,local,0,1,ResNet12,bank_a,ua,45,7,0.027653542134196657,True
l0,local,0,1,ResNet12,bank_a,ua,46,6,0.030575498111346952,True
l0,local,0,1,ResNet12,bank_a,ua,47,3,0.012395598119818801,True
l0,local,0,1,ResNet12,bank_a,ua,48,5,0.06435665781314953,True
l0,local,0,1,ResNet12,bank_a,ua,49,3,0.07392250769065584,True
l0,local,0,1,ResNet12,bank_a,ua,50,3,0.06525520770464799,True
l0,local,0,1,ResNet12,bank_a,ua,51,3,0.0056717928951985006,False
l0,local,0,1,ResNet12,bank_a,ua,52,9,0.03819375020976379,True
l0,local,0,1,ResNet12,bank_a,ua,53,3,0.026299983328377435,True
l0,local,0,1,ResNet12,bank_a,ua,54,9,0.10818004340185396,True
l0,local,0,1,ResNet12,bank_a,ua,55,9,0.00810652004550913,False
l0,local,0,1,ResNet12,bank_a,ua,56,4,0.00851625597935221,False
l0,local,0,1,ResNet12,bank_a,ua,57,5,0.02692413632645292,True
l0,local,0,1,ResNet12,bank_a,ua,58,8,0.003141581830653155,True
l0,local,0,1,ResNet12,bank_a,ua,59,7,0.015725111003127595,False
l0,local,0,1,ResNet12,bank_a,ua,60,5,0.030239530618559607,True
l0,local,0,1,ResNet12,bank_a,ua,61,9,0.01740990710536708,False
l0,local,0,1,ResNet12,bank_a,ua,62,5,0.04398058632682758,True
l0,local,0,1,ResNet12,bank_a,ua,63,8,0.03749304911267404,True
l0,local,0,1,ResNet12,bank_a,ub,0,5,0.04938970038295293,True
l0,local,0,1,ResNet12,bank_a,ub,1,4,0.025136514826381656,True
l0,local,0,1,ResNet12,bank_a,ub,2,9,0.1006844386674901,True
l0,local,0,1,ResNet12,bank_a,ub,3,3,0.008509646806984336,False
l0,local,0,1,ResNet12,bank_a,ub,4,3,0.04116069394219461,True
l0,local,0,1,ResNet12,bank_a,ub,5,3,0.0653632393485673,True
l0,local,0,1,ResNet12,bank_a,ub,6,4,0.046484149081837456,True
l0,local,0,1,ResNet12,bank_a,ub,7,8,0.0036193921507831767,False
l0,local,0,1,ResNet12,bank_a,ub,8,9,0.17873821602223416,True
l0,local,0,1,ResNet12,bank_a,ub,9,3,0.012343413575227821,True
l0,local,0,1,ResNet12,bank_a,ub,10,8,0.02851811278484373,False
l0,local,0,1,ResNet12,bank_a,ub,11,5,0.007912036998655378,False
l0,local,0,1,ResNet12,bank_a,ub,12,8,0.03328817639963362,True
l0,local,0,1,ResNet12,bank_a,ub,13,9,0.10111702623288153,True
l0,local,0,1,ResNet12,bank_a,ub,14,5,0.012274771565582265,True
l0,local,0,1,ResNet12,bank_a,ub,15,3,0.015147436893327593,False
l0,local,0,1,ResNet12,bank_a,ub,16,2,0.05206535208791706,True
l0,local,0,1,ResNet12,bank_a,ub,17,4,0.00662740172815296,True
l0,local,0,1,ResNet12,bank_a,ub,18,9,0.0456016794359073,True
l0,local,0,1,ResNet12,bank_a,ub,19,5,0.001744162564980646,False
l0,local,0,1,ResNet12,bank_a,ub,20,1,0.037171357934336235,True
l0,local,0,1,ResNet12,bank_a,ub,21,6,0.029104765117827967,True
l0,local,0,1,ResNet12,bank_a,ub,22,6,0.005163637775119634,False
l0,local,0,1,ResNet12,bank_a,ub,23,5,0.002380521393817517,True
l0,local,0,1,ResNet12,bank_a,ub,24,3,0.013851120623241425,True
l0,local,0,1,ResNet12,bank_a,ub,25,5,0.0032341935790769216,False
l0,local,0,1,ResNet12,bank_a,ub,26,2,0.04945421250099613,True
l0,local,0,1,ResNet12,bank_a,ub,27,3,0.006510657850041485,True
l0,local,0,1,ResNet12,bank_a,ub,28,7,0.013968507090686727,True
l0,local,0,1,ResNet12,bank_a,ub,29,3,0.0029213717382173196,True
l0,local,0,1,ResNet12,bank_a,ub,30,1,0.061476997935572056,True
l0,local,0,1,ResNet12,bank_a,ub,31,4,0.03217836648595322,True
l0,local,0,1,ResNet12,bank_a,ub,32,5,0.01202822622824598,True
l0,local,0,1,ResNet12,bank_a,ub,33,6,0.025226851224272644,True
l0,local,0,1,ResNet12,bank_a,ub,34,0,0.0006065176601043609,False
l0,local,0,1,ResNet12,bank_a,ub,35,5,0.03109472560895815,True
l0,local,0,1,ResNet12,bank_a,ub,36,5,0.0715599164429842,True
l0,local,0,1,ResNet12,bank_a,ub,37,8,0.024022204952789533,True
l0,local,0,1,ResNet12,bank_a,ub,38,5,0.019909664970059048,True
l0,local,0,1,ResNet12,bank_a,ub,39,4,0.022126259592897032,True
l0,local,0,1,ResNet12,bank_a,ub,40,9,0.1013344346635074,True
l0,local,0,1,ResNet12,bank_a,ub,41,4,0.008850991363885667,False
l0,local,0,1,ResNet12,bank_a,ub,42,9,0.008975043516413261,True
l0,local,0,1,ResNet12,bank_a,ub,43,9,0.1421050779228208,True
l0,local,0,1,ResNet12,bank_a,ub,44,9,0.12576414733169386,True
l0,local,0,1,ResNet12,bank_a,ub,45,7,0.022990936720165736,True
l0,local,0,1,ResNet12,bank_a,ub,46,6,0.005668103461960908,True
l0,local,0,1,ResNet12,bank_a,ub,47,3,0.007096646628213965,True
l0,local,0,1,ResNet12,bank_a,ub,48,5,0.05138074806162887,True
l0,local,0,1,ResNet12,bank_a,ub,49,3,0.04330390531036739,True
l0,local,0,1,ResNet12,bank_a,ub,50,3,0.04308491430863515,True
l0,local,0,1,ResNet12,bank_a,ub,51,5,0.0038767703894236477,False
l0,local,0,1,ResNet12,bank_a,ub,52,9,0.062230907628906026,True
l0,local,0,1,ResNet12,bank_a,ub,53,3,0.07986807899952648,True
l0,local,0,1,ResNet12,bank_a,ub,54,9,0.1434980783756,True
l0,local,0,1,ResNet12,bank_a,ub,55,8,0.0057417747111130485,False
l0,local,0,1,ResNet12,bank_a,ub,56,2,9.673698082807158e-05,False
l0,local,0,1,ResNet12,bank_a,ub,57,5,0.02256676623060648,True
l0,local,0,1,ResNet12,bank_a,ub,58,8,0.007860424580565462,True
l0,local,0,1,ResNet12,bank_a,ub,59,5,0.013550569127527543,False
l0,local,0,1,ResNet12,bank_a,ub,60,5,0.052271667359148025,True
l0,local,0,1,ResNet12,bank_a,ub,61,8,0.004454299727070704,False
l0,local,0,1,ResNet12,bank_a,ub,62,5,0.052598962214171666,True
l0,local,0,1,ResNet12,bank_a,ub,63,8,0.022760907286165005,True
l0,local,0,1,ResNet12,bank_b,ua,0,4,0.041584702274162444,True
l0,local,0,1,ResNet12,bank_b,ua,1,4,0.029298605957677817,True
l0,local,0,1,ResNet12,bank_b,ua,2,4,0.04564823830730022,True
l0,local,0,1,ResNet12,bank_b,ua,3,9,0.222963353699077,True
l0,local,0,1,ResNet12,bank_b,ua,4,8,0.005807050085797766,True
l0,local,0,1,ResNet12,bank_b,ua,5,9,0.2055548554845197,True
l0,local,0,1,ResNet12,bank_b,ua,6,4,0.04857432886668403,True
l0,local,0,1,ResNet12,bank_b,ua,7,2,0.006872811560962838,True
l0,local,0,1,ResNet12,bank_b,ua,8,9,0.13232247295384175,True
l0,local,0,1,ResNet12,bank_b,ua,9,1,0.07818863456797008,True
l0,local,0,1,ResNet12,bank_b,ua,10,5,0.002364251081943325,True
l0,local,0,1,ResNet12,bank_b,ua,11,4,0.009980415318586205,False
l0,local,0,1,ResNet12,bank_b,ua,12,5,0.007910978196798715,False
l0,local,0,1,ResNet12,bank_b,ua,13,3,0.02048926914751857,True
l0,local,0,1,ResNet12,bank_b,ua,14,4,0.01672187179936234,True
l0,local,0,1,ResNet12,bank_b,ua,15,9,0.14552801734637852,True
l0,local,0,1,ResNet12,bank_b,ua,16,5,0.018840203115890283,True
l0,local,0,1,ResNet12,bank_b,ua,17,9,0.06846543256844019,True
l0,local,0,1,ResNet12,bank_b,ua,18,1,0.029367956351483697,False
l0,local,0,1,ResNet12,bank_b,ua,19,5,0.011948902579698793,False
l0,local,0,1,ResNet12,bank_b,ua,20,6,0.002304937816268976,False
l0,local,0,1,ResNet12,bank_b,ua,21,9,0.3020674728423828,True
l0,local,0,1,ResNet12,bank_b,ua,22,4,0.03503472423451111,True
l0,local,0,1,ResNet12,bank_b,ua,23,5,0.050302335554428174,True
l0,local,0,1,ResNet12,bank_b,ua,24,6,0.009713094234453018,False
l0,local,0,1,ResNet12,bank_b,ua,25,0,0.015993183323084068,True
l0,local,0,1,ResNet12,bank_b,ua,26,1,0.02212446481276112,True
l0,local,0,1,ResNet12,bank_b,ua,27,5,0.021826598363721375,True
l0,local,0,1,ResNet12,bank_b,ua,28,0,0.06873238318356115,True
l0,local,0,1,ResNet12,bank_b,ua,29,2,0.010350192055663426,False
l0,local,0,1,ResNet12,bank_b,ua,30,4,0.04203662614970757,True
l0,local,0,1,ResNet12,bank_b,ua,31,3,1.0626592004958635e-05,True
l0,local,0,1,ResNet12,bank_b,ua,32,6,0.006585742450360019,True
l0,local,0,1,ResNet12,bank_b,ua,33,8,0.004234286279564514,True
l0,local,0,1,ResNet12,bank_b,ua,34,3,0.013109352982557013,True
l0,local,0,1,ResNet12,bank_b,ua,35,5,0.04445443735277568,True
l0,local,0,1,ResNet12,bank_b,ua,36,0,0.060411900830763664,True
l0,local,0,1,ResNet12,bank_b,ua,37,9,0.08359771305071031,True
l0,local,0,1,ResNet12,bank_b,ua,38,8,0.00635060121338947,True
l0,local,0,1,ResNet12,bank_b,ua,39,5,0.035219238620475324,True
l0,local,0,1,ResNet12,bank_b,ua,40,4,0.010387271072697074,True
l0,local,0,1,ResNet12,bank_b,ua,41,2,0.009080786881412992,True
l0,local,0,1,ResNet12,bank_b,ua,42,5,0.008848407534584879,True
l0,local,0,1,ResNet12,bank_b,ua,43,0,0.10312062008800801,True
l0,local,0,1,ResNet12,bank_b,ua,44,9,0.035580652023600445,True
l0,local,0,1,ResNet12,bank_b,ua,45,5,0.04040731230765894,True
l0,local,0,1,ResNet12,bank_b,ua,46,4,0.07092524491098787,True
l0,local,0,1,ResNet12,bank_b,ua,47,5,0.01380080788176228,True
l0,local,0,1,ResNet12,bank_b,ua,48,9,0.07182416586248219,True
l0,local,0,1,ResNet12,bank_b,ua,49,9,0.15964352440764729,True
l0,local,0,1,ResNet12,bank_b,ua,50,9,0.07284681246218058,True
l0,local,0,1,ResNet12,bank_b,ua,51,3,0.00519203857481805,False
l0,local,0,1,ResNet12,bank_b,ua,52,9,0.029612352027739347,True
l0,local,0,1,ResNet12,bank_b,ua,53,9,0.13681031010378697,True
l0,local,0,1,ResNet12,bank_b,ua,54,5,0.020002761352999582,True
l0,local,0,1,ResNet12,bank_b,ua,55,5,0.013700047514849573,True
l0,local,0,1,ResNet12,bank_b,ua,56,1,0.006811941759065909,False
l0,local,0,1,ResNet12,bank_b,ua,57,5,0.023031492431244333,False
l0,local,0,1,ResNet12,bank_b,ua,58,5,0.031147555196322174,True
l0,local,0,1,ResNet12,bank_b,ua,59,9,0.0757955024966789,True
l0,local,0,1,ResNet12,bank_b,ua,60,3,0.07442791221268216,True
l0,local,0,1,ResNet12,bank_b,ua,61,5,0.006347210134134973,True
l0,local,0,1,ResNet12,bank_b,ua,62,4,0.05229330304885253,True
l0,local,0,1,ResNet12,bank_b,ua,63,0,0.007068166811261434,True
l0,local,0,1,ResNet12,bank_b,ub,0,4,0.03198996997606751,True
l0,local,0,1,ResNet12,bank_b,ub,1,4,0.024951489625302248,True
l0,local,0,1,ResNet12,bank_b,ub,2,4,0.035974784360485096,True
l0,local,0,1,ResNet12,bank_b,ub,3,9,0.20433349111443638,True
l0,local,0,1,ResNet12,bank_b,ub,4,8,0.00019096267158916214,True
l0,local,0,1,ResNet12,bank_b,ub,5,9,0.20244334041068965,True
l0,local,0,1,ResNet12,bank_b,ub,6,4,0.04598268196046114,True
l0,local,0,1,ResNet12,bank_b,ub,7,2,0.04085531152648106,True
l0,local,0,1,ResNet12,bank_b,ub,8,9,0.1323217921101133,True
l0,local,0,1,ResNet12,bank_b,ub,9,1,0.07736851343025927,True
l0,local,0,1,ResNet12,bank_b,ub,10,5,0.033481798461426904,True
l0,local,0,1,ResNet12,bank_b,ub,11,5,0.004524368289533273,False
l0,local,0,1,ResNet12,bank_b,ub,12,7,0.011358869795167731,False
l0,local,0,1,ResNet12,bank_b,ub,13,3,0.006736656749457615,True
l0,local,0,1,ResNet12,bank_b,ub,14,4,0.0381000413452557,True
l0,local,0,1,ResNet12,bank_b,ub,15,9,0.12389124108267405,True
l0,local,0,1,ResNet12,bank_b,ub,16,5,0.014135344540904142,True
l0,local,0,1,ResNet12,bank_b,ub,17,9,0.07801603035974865,True
l0,local,0,1,ResNet12,bank_b,ub,18,7,8.037237438702355e-05,False
l0,local,0,1,ResNet12,bank_b,ub,19,4,0.009321164301353456,False
l0,local,0,1,ResNet12,bank_b,ub,20,9,0.0017974279912550684,False
l0,local,0,1,ResNet12,bank_b,ub,21,9,0.31630811168151335,True
l0,local,0,1,ResNet12,bank_b,ub,22,4,0.05807307596766029,True
l0,local,0,1,ResNet12,bank_b,ub,23,5,0.07167354580913507,True
l0,local,0,1,ResNet12,bank_b,ub,24,3,0.03126548519078785,False
l0,local,0,1,ResNet12,bank_b,ub,25,0,0.015451190790950003,True
l0,local,0,1,ResNet12,bank_b,ub,26,1,0.015785173721605678,True
l0,local,0,1,ResNet12,bank_b,ub,27,5,0.04710668293739677,True
l0,local,0,1,ResNet12,bank_b,ub,28,0,0.0747627636703704,True
l0,local,0,1,ResNet12,bank_b,ub,29,1,0.020948976605368777,False
l0,local,0,1,ResNet12,bank_b,ub,30,4,0.033836011321795256,True
l0,local,0,1,ResNet12,bank_b,ub,31,3,0.009446048027096005,True
l0,local,0,1,ResNet12,bank_b,ub,32,6,0.020714151100373467,True
l0,local,0,1,ResNet12,bank_b,ub,33,8,0.00982192703676256,True
l0,local,0,1,ResNet12,bank_b,ub,34,3,0.03446536759511083,True
l0,local,0,1,ResNet12,bank_b,ub,35,5,0.06650364167079524,True
l0,local,0,1,ResNet12,bank_b,ub,36,0,0.060440645743904724,True
l0,local,0,1,ResNet12,bank_b,ub,37,9,0.03357967943559145,True
l0,local,0,1,ResNet12,bank_b,ub,38,8,0.013138033300217886,True
l0,local,0,1,ResNet12,bank_b,ub,39,5,0.02038503986249937,True
l0,local,0,1,ResNet12,bank_b,ub,40,4,0.01941139502648409,True
l0,local,0,1,ResNet12,bank_b,ub,41,2,0.02600467656525099,True
l0,local,0,1,ResNet12,bank_b,ub,42,5,0.03513997402553905,True
l0,local,0,1,ResNet12,bank_b,ub,43,0,0.12922277593088471,True
l0,local,0,1,ResNet12,bank_b,ub,44,9,0.04445588342842832,True
l0,local,0,1,ResNet12,bank_b,ub,45,5,0.05440459147365566,True
l0,local,0,1,ResNet12,bank_b,ub,46,4,0.05453283314714012,True
l0,local,0,1,ResNet12,bank_b,ub,47,5,0.012213421932534163,True
l0,local,0,1,ResNet12,bank_b,ub,48,9,0.01923012829291701,True
l0,local,0,1,ResNet12,bank_b,ub,49,9,0.13389198838505723,True
l0,local,0,1,ResNet12,bank_b,ub,50,9,0.056693579262639515,True
l0,local,0,1,ResNet12,bank_b,ub,51,2,0.0024011111040448396,False
l0,local,0,1,ResNet12,bank_b,ub,52,9,0.03846409752900565,True
l0,local,0,1,ResNet12,bank_b,ub,53,9,0.17014750599368555,True
l0,local,0,1,ResNet12,bank_b,ub,54,5,0.020193311193299007,True
l0,local,0,1,ResNet12,bank_b,ub,55,5,0.005004777208750921,True
l0,local,0,1,ResNet12,bank_b,ub,56,8,0.00227451347939972,False
l0,local,0,1,ResNet12,bank_b,ub,57,3,0.006599321568493632,False
l0,local,0,1,ResNet12,bank_b,ub,58,5,0.04265723340164565,True
l0,local,0,1,ResNet12,bank_b,ub,59,9,0.10021551602277526,True
l0,local,0,1,ResNet12,bank_b,ub,60,3,0.07448629301880211,True
l0,local,0,1,ResNet12,bank_b,ub,61,5,0.009087701602617015,True
l0,local,0,1,ResNet12,bank_b,ub,62,4,0.09934013629028576,True
l0,local,0,1,ResNet12,bank_b,ub,63,0,0.022013139776378934,True
l0,local,0,2,ShuffleNet,bank_a,ua,0,6,0.024658542874555545,True
l0,local,0,2,ShuffleNet,bank_a,ua,1,4,0.031498719317533064,True
l0,local,0,2,ShuffleNet,bank_a,ua,2,8,0.082078429565695,True
l0,local,0,2,ShuffleNet,bank_a,ua,3,4,0.014777615650166082,True
l0,local,0,2,ShuffleNet,bank_a,ua,4,4,0.10791435268317932,True
l0,local,0,2,ShuffleNet,bank_a,ua,5,0,0.008424289092217652,False
l0,local,0,2,ShuffleNet,bank_a,ua,6,6,0.03542539436522357,True
l0,local,0,2,ShuffleNet,bank_a,ua,7,8,0.05686965470384826,True
l0,local,0,2,ShuffleNet,bank_a,ua,8,4,0.021748928746220766,True
l0,local,0,2,ShuffleNet,bank_a,ua,9,6,0.07174076654703744,True
l0,local,0,2,ShuffleNet,bank_a,ua,10,4,0.002383754464514186,True
l0,local,0,2,ShuffleNet,bank_a,ua,11,4,0.011910538487749422,True
l0,local,0,2,ShuffleNet,bank_a,ua,12,8,0.029878473897741897,False
l0,local,0,2,ShuffleNet,bank_a,ua,13,4,0.12033908017640921,True
l0,local,0,2,ShuffleNet,bank_a,ua,14,5,0.020081993196967338,False
l0,local,0,2,ShuffleNet,bank_a,ua,15,4,0.100461573703627,True
l0,local,0,2,ShuffleNet,bank_a,ua,16,0,0.05265172058760785,True
l0,local,0,2,ShuffleNet,bank_a,ua,17,6,0.08212537156083963,True
l0,local,0,2,ShuffleNet,bank_a,ua,18,4,0.09431555470641632,True
l0,local,0,2,ShuffleNet,bank_a,ua,19,6,0.0020010745614068154,False
l0,local,0,2,ShuffleNet,bank_a,ua,20,8,0.05178422521076913,True
l0,local,0,2,ShuffleNet,bank_a,ua,21,3,0.029061466513352327,True
l0,local,0,2,ShuffleNet,bank_a,ua,22,6,0.02845989391562192,False
l0,local,0,2,ShuffleNet,bank_a,ua,23,4,0.07748153809015958,True
l0,local,0,2,ShuffleNet,bank_a,ua,24,4,0.06871323456539469,True
l0,local,0,2,ShuffleNet,bank_a,ua,25,8,0.0058899856420970426,False
l0,local,0,2,ShuffleNet,bank_a,ua,26,6,0.009375339842278285,True
l0,local,0,2,ShuffleNet,bank_a,ua,27,4,0.049757876960356315,True
l0,local,0,2,ShuffleNet,bank_a,ua,28,4,0.033872001687437536,True
l0,local,0,2,ShuffleNet,bank_a,ua,29,6,0.005420268123737693,False
l0,local,0,2,ShuffleNet,bank_a,ua,30,4,0.00895601384669964,True
l0,local,0,2,ShuffleNet,bank_a,ua,31,8,0.0201417826324026,True
l0,local,0,2,ShuffleNet,bank_a,ua,32,6,0.06766000965853769,True
l0,local,0,2,ShuffleNet,bank_a,ua,33,4,0.017776179563076228,True
l0,local,0,2,ShuffleNet,bank_a,ua,34,8,0.014766671236992213,True
l0,local,0,2,ShuffleNet,bank_a,ua,35,6,0.005744767118168806,False
l0,local,0,2,ShuffleNet,bank_a,ua,36,6,0.024641742364593336,False
l0,local,0,2,ShuffleNet,bank_a,ua,37,8,0.10649023101718866,True
l0,local,0,2,ShuffleNet,bank_a,ua,38,4,0.031087573560482418,True
l0,local,0,2,ShuffleNet,bank_a,ua,39,8,0.01332538289168883,True
l0,local,0,2,ShuffleNet,bank_a,ua,40,4,0.026302289564527875,True
l0,local,0,2,ShuffleNet,bank_a,ua,41,4,0.11213965859900994,True
l0,local,0,2,ShuffleNet,bank_a,ua,42,4,0.026463487063915214,True
l0,local,0,2,ShuffleNet,bank_a,ua,43,4,0.1898456878967627,True
l0,local,0,2,ShuffleNet,bank_a,ua,44,8,0.03318623982257418,True
l0,local,0,2,ShuffleNet,bank_a,ua,45,4,0.05307629872771355,True
l0,local,0,2,ShuffleNet,bank_a,ua,46,6,0.03524962770544632,True
l0,local,0,2,ShuffleNet,bank_a,ua,47,6,0.0007812221839671313,False
l0,local,0,2,ShuffleNet,bank_a,ua,48,6,0.023890164174094147,False
l0,local,0,2,ShuffleNet,bank_a,ua,49,4,0.060595719155026706,True
l0,local,0,2,ShuffleNet,bank_a,ua,50,7,0.013258068554372102,True
l0,local,0,2,ShuffleNet,bank_a,ua,51,4,0.029053756128462102,True
l0,local,0,2,ShuffleNet,bank_a,ua,52,8,0.1090231043022066,True
l0,local,0,2,ShuffleNet,bank_a,ua,53,4,0.055975395555508664,True
l0,local,0,2,ShuffleNet,bank_a,ua,54,4,0.01043403087943004,True
l0,local,0,2,ShuffleNet,bank_a,ua,55,4,0.012422874991997457,True
l0,local,0,2,ShuffleNet,bank_a,ua,56,6,0.06990837486890422,True
l0,local,0,2,ShuffleNet,bank_a,ua,57,4,0.08367372274240226,True
l0,local,0,2,ShuffleNet,bank_a,ua,58,6,0.0016936915695163757,False
l0,local,0,2,ShuffleNet,bank_a,ua,59,8,0.02200564969607975,True
l0,local,0,2,ShuffleNet,bank_a,ua,60,8,0.02198140026342843,False
l0,local,0,2,ShuffleNet,bank_a,ua,61,4,0.059063912805246574,True
l0,local,0,2,ShuffleNet,bank_a,ua,62,4,0.09713125247211908,True
l0,local,0,2,ShuffleNet,bank_a,ua,63,8,0.05518608091439481,True
l0,local,0,2,ShuffleNet,bank_a,ub,0,6,0.014201833442249116,True
l0,local,0,2,ShuffleNet,bank_a,ub,1,4,0.058769298068125864,True
l0,local,0,2,ShuffleNet,bank_a,ub,2,8,0.05915055113696899,True
l0,local,0,2,ShuffleNet,bank_a,ub,3,4,0.03244224810517471,True
l0,local,0,2,ShuffleNet,bank_a,ub,4,4,0.11691029393120883,True
l0,local,0,2,ShuffleNet,bank_a,ub,5,3,0.021371481959443786,False
l0,local,0,2,ShuffleNet,bank_a,ub,6,6,0.003311817576006626,True
l0,local,0,2,ShuffleNet,bank_a,ub,7,8,0.01667263370497915,True
l0,local,0,2,ShuffleNet,bank_a,ub,8,4,0.03936372893768117,True
l0,local,0,2,ShuffleNet,bank_a,ub,9,6,0.02846599223435979,True
l0,local,0,2,ShuffleNet,bank_a,ub,10,4,0.024335282050349405,True
l0,local,0,2,ShuffleNet,bank_a,ub,11,4,0.05542577731615532,True
l0,local,0,2,ShuffleNet,bank_a,ub,12,0,0.008894530601343209,False
l0,local,0,2,ShuffleNet,bank_a,ub,13,4,0.13054167564725738,True
l0,local,0,2,ShuffleNet,bank_a,ub,14,3,0.04816020167734483,False
l0,local,0,2,ShuffleNet,bank_a,ub,15,4,0.10149997127700164,True
l0,local,0,2,ShuffleNet,bank_a,ub,16,0,0.020644428804337714,True
l0,local,0,2,ShuffleNet,bank_a,ub,17,6,0.03026597456996151,True
l0,local,0,2,ShuffleNet,bank_a,ub,18,4,0.12494214928873136,True
l0,local,0,2,ShuffleNet,bank_a,ub,19,4,0.0005301781486435619,False
l0,local,0,2,ShuffleNet,bank_a,ub,20,8,0.05479624593634781,True
l0,local,0,2,ShuffleNet,bank_a,ub,21,3,0.035011883807174085,True
l0,local,0,2,ShuffleNet,bank_a,ub,22,4,0.016991759470200006,False
l0,local,0,2,ShuffleNet,bank_a,ub,23,4,0.11325717981609515,True
l0,local,0,2,ShuffleNet,bank_a,ub,24,4,0.09819681573751388,True
l0,local,0,2,ShuffleNet,bank_a,ub,25,3,0.0015466531234468867,False
l0,local,0,2,ShuffleNet,bank_a,ub,26,6,0.0024321508835152272,True
l0,local,0,2,ShuffleNet,bank_a,ub,27,4,0.08805611481693729,True
l0,local,0,2,ShuffleNet,bank_a,ub,28,4,0.0830694119406796,True
l0,local,0,2,ShuffleNet,bank_a,ub,29,4,0.023119454544362636,False
l0,local,0,2,ShuffleNet,bank_a,ub,30,4,0.022933552421742665,True
l0,local,0,2,ShuffleNet,bank_a,ub,31,8,0.01160585359943251,True
l0,local,0,2,ShuffleNet,bank_a,ub,32,6,0.020180523743677417,True
l0,local,0,2,ShuffleNet,bank_a,ub,33,4,0.015936889257930853,True
l0,local,0,2,ShuffleNet,bank_a,ub,34,8,0.0008136600591810983,True
l0,local,0,2,ShuffleNet,bank_a,ub,35,4,0.018425365724239723,False
l0,local,0,2,ShuffleNet,bank_a,ub,36,4,0.037378774403987375,False
l0,local,0,2,ShuffleNet,bank_a,ub,37,8,0.07964495018048817,True
l0,local,0,2,ShuffleNet,bank_a,ub,38,4,0.07626856841343067,True
l0,local,0,2,ShuffleNet,bank_a,ub,39,8,0.0007413403627295062,True
l0,local,0,2,ShuffleNet,bank_a,ub,40,4,0.07741549840053524,True
l0,local,0,2,ShuffleNet,bank_a,ub,41,4,0.12969942484565106,True
l0,local,0,2,ShuffleNet,bank_a,ub,42,4,0.028401264170831553,True
l0,local,0,2,ShuffleNet,bank_a,ub,43,4,0.18602243409132255,True
l0,local,0,2,ShuffleNet,bank_a,ub,44,8,0.013322980758302183,True
l0,local,0,2,ShuffleNet,bank_a,ub,45,4,0.045230978640171934,True
l0,local,0,2,ShuffleNet,bank_a,ub,46,6,0.004287793753412206,True
l0,local,0,2,ShuffleNet,bank_a,ub,47,4,0.06352174486501884,False
l0,local,0,2,ShuffleNet,bank_a,ub,48,4,0.014189227898726703,False
l0,local,0,2,ShuffleNet,bank_a,ub,49,4,0.07330775849672876,True
l0,local,0,2,ShuffleNet,bank_a,ub,50,7,0.044513189891557614,True
l0,local,0,2,ShuffleNet,bank_a,ub,51,4,0.018195632741608875,True
l0,local,0,2,ShuffleNet,bank_a,ub,52,8,0.07207204712818129,True
l0,local,0,2,ShuffleNet,bank_a,ub,53,4,0.0545938639900585,True
l0,local,0,2,ShuffleNet,bank_a,ub,54,4,0.016032548461440657,True
l0,local,0,2,ShuffleNet,bank_a,ub,55,4,0.03470957155947295,True
l0,local,0,2,ShuffleNet,bank_a,ub,56,6,0.050560422444111436,True
l0,local,0,2,ShuffleNet,bank_a,ub,57,4,0.11719942623091519,True
l0,local,0,2,ShuffleNet,bank_a,ub,58,3,0.02763925683085995,False
l0,local,0,2,ShuffleNet,bank_a,ub,59,8,0.026968286369045136,True
l0,local,0,2,ShuffleNet,bank_a,ub,60,5,0.020746013939497734,False
l0,local,0,2,ShuffleNet,bank_a,ub,61,4,0.10779173022645858,True
l0,local,0,2,ShuffleNet,bank_a,ub,62,4,0.1095059309165469,True
l0,local,0,2,ShuffleNet,bank_a,ub,63,8,0.029701919609918734,True
l0,local,0,2,ShuffleNet,bank_b,ua,0,6,0.08385839879755813,True
l0,local,0,2,ShuffleNet,bank_b,ua,1,4,0.07580890628305542,True
l0,local,0,2,ShuffleNet,bank_b,ua,2,6,0.014804559309877091,True
l0,local,0,2,ShuffleNet,bank_b,ua,3,4,0.07836024203509614,True
l0,local,0,2,ShuffleNet,bank_b,ua,4,4,0.11974548334274139,True
l0,local,0,2,ShuffleNet,bank_b,ua,5,4,0.19711130936345772,True
l0,local,0,2,ShuffleNet,bank_b,ua,6,4,0.027036891413443023,True
l0,local,0,2,ShuffleNet,bank_b,ua,7,6,0.20859719726670828,True
l0,local,0,2,ShuffleNet,bank_b,ua,8,4,0.16905105629494577,True
l0,local,0,2,ShuffleNet,bank_b,ua,9,5,0.025241215344817783,True
l0,local,0,2,ShuffleNet,bank_b,ua,10,3,0.06374832915788382,True
l0,local,0,2,ShuffleNet,bank_b,ua,11,6,0.03803429534833727,False
l0,local,0,2,ShuffleNet,bank_b,ua,12,3,0.05510387612708294,True
l0,local,0,2,ShuffleNet,bank_b,ua,13,3,0.0068896527457284334,False
l0,local,0,2,ShuffleNet,bank_b,ua,14,6,0.012045750388873622,False
l0,local,0,2,ShuffleNet,bank_b,ua,15,4,0.15653433485489687,True
l0,local,0,2,ShuffleNet,bank_b,ua,16,4,0.024212150687880088,True
l0,local,0,2,ShuffleNet,bank_b,ua,17,4,0.16113249345173938,True
l0,local,0,2,ShuffleNet,bank_b,ua,18,4,0.02003320665694984,True
l0,local,0,2,ShuffleNet,bank_b,ua,19,6,0.007282904193670864,True
l0,local,0,2,ShuffleNet,bank_b,ua,20,6,0.00011557209315807282,True
l0,local,0,2,ShuffleNet,bank_b,ua,21,4,0.1845591433850249,True
l0,local,0,2,ShuffleNet,bank_b,ua,22,4,0.05017931366645666,True
l0,local,0,2,ShuffleNet,bank_b,ua,23,1,0.013305991398236995,True
l0,local,0,2,ShuffleNet,bank_b,ua,24,4,0.057705766597978214,True
l0,local,0,2,ShuffleNet,bank_b,ua,25,8,0.0012970651630618557,True
l0,local,0,2,ShuffleNet,bank_b,ua,26,4,0.026675253940607407,True
l0,local,0,2,ShuffleNet,bank_b,ua,27,8,0.0355843858521196,True
l0,local,0,2,ShuffleNet,bank_b,ua,28,5,0.01023058035487967,True
l0,local,0,2,ShuffleNet,bank_b,ua,29,5,0.1677109355964003,True
l0,local,0,2,ShuffleNet,bank_b,ua,30,8,0.06952109185835954,True
l0,local,0,2,ShuffleNet,bank_b,ua,31,3,0.020682239568648446,True
l0,local,0,2,ShuffleNet,bank_b,ua,32,4,0.05952308082985716,True
l0,local,0,2,ShuffleNet,bank_b,ua,33,9,0.08240036003533312,True
l0,local,0,2,ShuffleNet,bank_b,ua,34,4,0.0573980354611274,True
l0,local,0,2,ShuffleNet,bank_b,ua,35,4,0.013907983976052862,True
l0,local,0,2,ShuffleNet,bank_b,ua,36,0,0.012370797617693233,False
l0,local,0,2,ShuffleNet,bank_b,ua,37,4,0.055530280678931176,True
l0,local,0,2,ShuffleNet,bank_b,ua,38,8,0.04979565748462639,True
l0,local,0,2,ShuffleNet,bank_b,ua,39,6,0.058973718193096214,True
l0,local,0,2,ShuffleNet,bank_b,ua,40,6,0.05770803602701795,True
l0,local,0,2,ShuffleNet,bank_b,ua,41,4,0.02075245398560077,True
l0,local,0,2,ShuffleNet,bank_b,ua,42,4,0.08616896015744002,True
l0,local,0,2,ShuffleNet,bank_b,ua,43,9,0.00425044882267861,False
l0,local,0,2,ShuffleNet,bank_b,ua,44,4,0.1303846433483548,True
l0,local,0,2,ShuffleNet,bank_b,ua,45,4,0.03048406617027405,True
l0,local,0,2,ShuffleNet,bank_b,ua,46,3,0.007256517845351425,False
l0,local,0,2,ShuffleNet,bank_b,ua,47,7,0.0010997150882514212,False
l0,local,0,2,ShuffleNet,bank_b,ua,48,4,0.007255914919224171,True
l0,local,0,2,ShuffleNet,bank_b,ua,49,4,0.07471844785514548,True
l0,local,0,2,ShuffleNet,bank_b,ua,50,4,0.06165093054345319,True
l0,local,0,2,ShuffleNet,bank_b,ua,51,6,0.07687276868519896,True
l0,local,0,2,ShuffleNet,bank_b,ua,52,4,0.06021570160059175,True
l0,local,0,2,ShuffleNet,bank_b,ua,53,5,0.037880620513860846,True
l0,local,0,2,ShuffleNet,bank_b,ua,54,6,0.04410389778334621,True
l0,local,0,2,ShuffleNet,bank_b,ua,55,4,0.017770987995982424,True
l0,local,0,2,ShuffleNet,bank_b,ua,56,1,0.0216108300637598,True
l0,local,0,2,ShuffleNet,bank_b,ua,57,6,0.04381516199473048,True
l0,local,0,2,ShuffleNet,bank_b,ua,58,4,0.09369263527165053,True
l0,local,0,2,ShuffleNet,bank_b,ua,59,4,0.01723485655170985,True
l0,local,0,2,ShuffleNet,bank_b,ua,60,6,0.014656649123529944,True
l0,local,0,2,ShuffleNet,bank_b,ua,61,3,0.0044749305292932084,True
l0,local,0,2,ShuffleNet,bank_b,ua,62,4,0.05263492401324173,True
l0,local,0,2,ShuffleNet,bank_b,ua,63,0,0.019478716631379234,True
l0,local,0,2,ShuffleNet,bank_b,ub,0,6,0.03832268907732195,True
l0,local,0,2,ShuffleNet,bank_b,ub,1,4,0.10192334291079203,True
l0,local,0,2,ShuffleNet,bank_b,ub,2,6,0.04472136840608992,True
l0,local,0,2,ShuffleNet,bank_b,ub,3,4,0.061658588428415706,True
l0,local,0,2,ShuffleNet,bank_b,ub,4,4,0.1283688454955219,True
l0,local,0,2,ShuffleNet,bank_b,ub,5,4,0.2025474671487845,True
l0,local,0,2,ShuffleNet,bank_b,ub,6,4,0.04230796744669772,True
l0,local,0,2,ShuffleNet,bank_b,ub,7,6,0.17688763574265925,True
l0,local,0,2,ShuffleNet,bank_b,ub,8,4,0.18788021142334066,True
l0,local,0,2,ShuffleNet,bank_b,ub,9,5,0.01871285188234377,True
l0,local,0,2,ShuffleNet,bank_b,ub,10,3,0.028491228741818586,True
l0,local,0,2,ShuffleNet,bank_b,ub,11,4,0.00957378626131078,False
l0,local,0,2,ShuffleNet,bank_b,ub,12,3,0.04968807037480593,True
l0,local,0,2,ShuffleNet,bank_b,ub,13,4,0.025112163211940805,False
l0,local,0,2,ShuffleNet,bank_b,ub,14,4,0.004852024380380904,False
l0,local,0,2,ShuffleNet,bank_b,ub,15,4,0.16865159270233643,True
l0,local,0,2,ShuffleNet,bank_b,ub,16,4,0.021420741603876386,True
l0,local,0,2,ShuffleNet,bank_b,ub,17,4,0.16909231270682756,True
l0,local,0,2,ShuffleNet,bank_b,ub,18,4,0.0418643282888906,True
l0,local,0,2,ShuffleNet,bank_b,ub,19,6,0.024202287431066734,True
l0,local,0,2,ShuffleNet,bank_b,ub,20,6,0.020838904390463264,True
l0,local,0,2,ShuffleNet,bank_b,ub,21,4,0.19855933984403168,True
l0,local,0,2,ShuffleNet,bank_b,ub,22,4,0.04555622987598308,True
l0,local,0,2,ShuffleNet,bank_b,ub,23,1,0.014576567599445762,True
l0,local,0,2,ShuffleNet,bank_b,ub,24,4,0.07295780055296908,True
l0,local,0,2,ShuffleNet,bank_b,ub,25,8,0.013998321631177604,True
l0,local,0,2,ShuffleNet,bank_b,ub,26,4,0.043150834651885794,True
l0,local,0,2,ShuffleNet,bank_b,ub,27,8,0.018251257267413903,True
l0,local,0,2,ShuffleNet,bank_b,ub,28,5,0.025076176717876958,True
l0,local,0,2,ShuffleNet,bank_b,ub,29,5,0.18811627401213465,True
l0,local,0,2,ShuffleNet,bank_b,ub,30,8,0.024214454817345785,True
l0,local,0,2,ShuffleNet,bank_b,ub,31,3,0.04245640704694512,True
l0,local,0,2,ShuffleNet,bank_b,ub,32,4,0.08632844820927514,True
l0,local,0,2,ShuffleNet,bank_b,ub,33,9,0.07599947257136135,True
l0,local,0,2,ShuffleNet,bank_b,ub,34,4,0.09841388412109556,True
l0,local,0,2,ShuffleNet,bank_b,ub,35,4,0.04849324632209351,True
l0,local,0,2,ShuffleNet,bank_b,ub,36,8,0.002295293037976487,False
l0,local,0,2,ShuffleNet,bank_b,ub,37,4,0.08429574447042566,True
l0,local,0,2,ShuffleNet,bank_b,ub,38,8,0.048295036795756724,True
l0,local,0,2,ShuffleNet,bank_b,ub,39,6,0.011605676101834772,True
l0,local,0,2,ShuffleNet,bank_b,ub,40,6,0.03786004902611005,True
l0,local,0,2,ShuffleNet,bank_b,ub,41,4,0.05144354924269093,True
l0,local,0,2,ShuffleNet,bank_b,ub,42,4,0.12274452040183505,True
l0,local,0,2,ShuffleNet,bank_b,ub,43,7,0.010575181955635365,False
l0,local,0,2,ShuffleNet,bank_b,ub,44,4,0.13439232857227526,True
l0,local,0,2,ShuffleNet,bank_b,ub,45,4,0.03909257995120781,True
l0,local,0,2,ShuffleNet,bank_b,ub,46,5,0.026064865293134343,False
l0,local,0,2,ShuffleNet,bank_b,ub,47,4,0.0006612568805408059,False
l0,local,0,2,ShuffleNet,bank_b,ub,48,4,0.03285843548930739,True
l0,local,0,2,ShuffleNet,bank_b,ub,49,4,0.12271172832474457,True
l0,local,0,2,ShuffleNet,bank_b,ub,50,4,0.1065871877027939,True
l0,local,0,2,ShuffleNet,bank_b,ub,51,6,0.022653485293884612,True
l0,local,0,2,ShuffleNet,bank_b,ub,52,4,0.05250612629819487,True
l0,local,0,2,ShuffleNet,bank_b,ub,53,5,0.08035951408172726,True
l0,local,0,2,ShuffleNet,bank_b,ub,54,6,0.036061668404141156,True
l0,local,0,2,ShuffleNet,bank_b,ub,55,4,0.033465884477500665,True
l0,local,0,2,ShuffleNet,bank_b,ub,56,1,0.006321028565267325,True
l0,local,0,2,ShuffleNet,bank_b,ub,57,6,0.04184658931481424,True
l0,local,0,2,ShuffleNet,bank_b,ub,58,4,0.12625049983073838,True
l0,local,0,2,ShuffleNet,bank_b,ub,59,4,0.02788809021692157,True
l0,local,0,2,ShuffleNet,bank_b,ub,60,6,0.025383273327670194,True
l0,local,0,2,ShuffleNet,bank_b,ub,61,3,0.0426332335349528,True
l0,local,0,2,ShuffleNet,bank_b,ub,62,4,0.057568202169551184,True
l0,local,0,2,ShuffleNet,bank_b,ub,63,0,0.007662584287936952,True
l0,local,0,3,Mobilenetv2,bank_a,ua,0,7,0.01623523504869777,True
l0,local,0,3,Mobilenetv2,bank_a,ua,1,4,0.07097122988868464,True
l0,local,0,3,Mobilenetv2,bank_a,ua,2,0,0.0779659399846217,True
l0,local,0,3,Mobilenetv2,bank_a,ua,3,4,0.022474109641966486,False
l0,local,0,3,Mobilenetv2,bank_a,ua,4,7,0.04313264289647599,True
l0,local,0,3,Mobilenetv2,bank_a,ua,5,0,0.05058525730466702,True
l0,local,0,3,Mobilenetv2,bank_a,ua,6,4,0.009419268090422622,False
l0,local,0,3,Mobilenetv2,bank_a,ua,7,0,0.010554005339009742,False
l0,local,0,3,Mobilenetv2,bank_a,ua,8,8,0.042814040784880145,True
l0,local,0,3,Mobilenetv2,bank_a,ua,9,5,0.012428251582170341,False
l0,local,0,3,Mobilenetv2,bank_a,ua,10,4,0.004146162905209014,False
l0,local,0,3,Mobilenetv2,bank_a,ua,11,6,0.0011590867510113956,False
l0,local,0,3,Mobilenetv2,bank_a,ua,12,0,0.07380043564804697,True
l0,local,0,3,Mobilenetv2,bank_a,ua,13,7,0.009246546980409859,True
l0,local,0,3,Mobilenetv2,bank_a,ua,14,5,0.0033493427793201414,False
l0,local,0,3,Mobilenetv2,bank_a,ua,15,4,0.04130296530609828,True
l0,local,0,3,Mobilenetv2,bank_a,ua,16,6,0.12601000189581157,True
l0,local,0,3,Mobilenetv2,bank_a,ua,17,6,0.027383485079364778,True
l0,local,0,3,Mobilenetv2,bank_a,ua,18,7,0.033554873865072055,True
l0,local,0,3,Mobilenetv2,bank_a,ua,19,4,0.011825495652643125,False
l0,local,0,3,Mobilenetv2,bank_a,ua,20,9,0.042191320888638556,False
l0,local,0,3,Mobilenetv2,bank_a,ua,21,7,0.05481832396781536,True
l0,local,0,3,Mobilenetv2,bank_a,ua,22,7,0.024835728660810477,True
l0,local,0,3,Mobilenetv2,bank_a,ua,23,7,0.03811513138038472,True
l0,local,0,3,Mobilenetv2,bank_a,ua,24,0,0.08596934932525543,True
l0,local,0,3,Mobilenetv2,bank_a,ua,25,7,0.005490596166187904,False
l0,local,0,3,Mobilenetv2,bank_a,ua,26,4,0.004079896033575461,False
l0,local,0,3,Mobilenetv2,bank_a,ua,27,4,0.014374223009607237,True
l0,local,0,3,Mobilenetv2,bank_a,ua,28,0,0.09220041220820435,True
l0,local,0,3,Mobilenetv2,bank_a,ua,29,6,0.02024986092005146,True
l0,local,0,3,Mobilenetv2,bank_a,ua,30,4,0.03376873584601511,False
l0,local,0,3,Mobilenetv2,bank_a,ua,31,4,0.011482752730264584,True
l0,local,0,3,Mobilenetv2,bank_a,ua,32,6,0.004928920654956898,True
l0,local,0,3,Mobilenetv2,bank_a,ua,33,6,0.0271036910412029,True
l0,local,0,3,Mobilenetv2,bank_a,ua,34,0,0.15021244729726682,True
l0,local,0,3,Mobilenetv2,bank_a,ua,35,6,0.021999940954793087,True
l0,local,0,3,Mobilenetv2,bank_a,ua,36,4,0.019520530517689705,True
l0,local,0,3,Mobilenetv2,bank_a,ua,37,0,0.053890654669714794,True
l0,local,0,3,Mobilenetv2,bank_a,ua,38,4,0.007404350322846226,False
l0,local,0,3,Mobilenetv2,bank_a,ua,39,4,0.06892289684682265,True
l0,local,0,3,Mobilenetv2,bank_a,ua,40,0,0.06573114949573955,True
l0,local,0,3,Mobilenetv2,bank_a,ua,41,4,0.0082832508511589,True
l0,local,0,3,Mobilenetv2,bank_a,ua,42,2,0.011274711952807506,True
l0,local,0,3,Mobilenetv2,bank_a,ua,43,7,0.015106744181352633,True
l0,local,0,3,Mobilenetv2,bank_a,ua,44,0,0.08078267090043954,True
l0,local,0,3,Mobilenetv2,bank_a,ua,45,4,0.031213894066353956,True
l0,local,0,3,Mobilenetv2,bank_a,ua,46,6,0.027454615154374112,True
l0,local,0,3,Mobilenetv2,bank_a,ua,47,4,0.03625530496146548,True
l0,local,0,3,Mobilenetv2,bank_a,ua,48,6,0.02498464400552078,True
l0,local,0,3,Mobilenetv2,bank_a,ua,49,4,0.01954177509355115,True
l0,local,0,3,Mobilenetv2,bank_a,ua,50,5,0.03414651314167631,True
l0,local,0,3,Mobilenetv2,bank_a,ua,51,4,0.014030964860804143,False
l0,local,0,3,Mobilenetv2,bank_a,ua,52,0,0.07135762826837141,True
l0,local,0,3,Mobilenetv2,bank_a,ua,53,6,0.021189776832953644,True
l0,local,0,3,Mobilenetv2,bank_a,ua,54,4,0.04855130952203836,False
l0,local,0,3,Mobilenetv2,bank_a,ua,55,0,0.04049064477501106,True
l0,local,0,3,Mobilenetv2,bank_a,ua,56,6,0.04338142446652332,True
l0,local,0,3,Mobilenetv2,bank_a,ua,57,4,0.0249090741838265,True
l0,local,0,3,Mobilenetv2,bank_a,ua,58,8,0.019227836184176783,False
l0,local,0,3,Mobilenetv2,bank_a,ua,59,5,0.022437308906701856,True
l0,local,0,3,Mobilenetv2,bank_a,ua,60,7,0.05527586278729067,True
l0,local,0,3,Mobilenetv2,bank_a,ua,61,0,0.07621341248666541,True
l0,local,0,3,Mobilenetv2,bank_a,ua,62,4,0.013995355454681835,True
l0,local,0,3,Mobilenetv2,bank_a,ua,63,0,0.08629930386716751,True
l0,local,0,3,Mobilenetv2,bank_a,ub,0,7,0.001056127443246832,True
l0,local,0,3,Mobilenetv2,bank_a,ub,1,4,0.04361232261296355,True
l0,local,0,3,Mobilenetv2,bank_a,ub,2,0,0.06945328194128034,True
l0,local,0,3,Mobilenetv2,bank_a,ub,3,7,0.012377540370852036,False
l0,local,0,3,Mobilenetv2,bank_a,ub,4,7,0.036051159373102076,True
l0,local,0,3,Mobilenetv2,bank_a,ub,5,0,0.04376589177725221,True
l0,local,0,3,Mobilenetv2,bank_a,ub,6,6,0.009828301117376426,False
l0,local,0,3,Mobilenetv2,bank_a,ub,7,4,0.004188945383759614,False
l0,local,0,3,Mobilenetv2,bank_a,ub,8,8,0.0006428957877160565,True
l0,local,0,3,Mobilenetv2,bank_a,ub,9,3,0.0074394530583175855,False
l0,local,0,3,Mobilenetv2,bank_a,ub,10,7,0.018997968691890105,False
l0,local,0,3,Mobilenetv2,bank_a,ub,11,4,0.0015397556246145583,False
l0,local,0,3,Mobilenetv2,bank_a,ub,12,0,0.07814506855740823,True
l0,local,0,3,Mobilenetv2,bank_a,ub,13,7,0.0031496303883872256,True
l0,local,0,3,Mobilenetv2,bank_a,ub,14,7,0.006027652559308247,False
l0,local,0,3,Mobilenetv2,bank_a,ub,15,4,0.005967341484296493,True
l0,local,0,3,Mobilenetv2,bank_a,ub,16,6,0.11847324523834583,True
l0,local,0,3,Mobilenetv2,bank_a,ub,17,6,0.004184543990886802,True
l0,local,0,3,Mobilenetv2,bank_a,ub,18,7,0.025408122388473328,True
l0,local,0,3,Mobilenetv2,bank_a,ub,19,3,0.005340852160051854,False
l0,local,0,3,Mobilenetv2,bank_a,ub,20,8,0.010666140657378365,False
l0,local,0,3,Mobilenetv2,bank_a,ub,21,7,0.04197296786787698,True
l0,local,0,3,Mobilenetv2,bank_a,ub,22,7,0.0008464869439482325,True
l0,local,0,3,Mobilenetv2,bank_a,ub,23,7,0.02855866931038012,True
l0,local,0,3,Mobilenetv2,bank_a,ub,24,0,0.06809632059058127,True
l0,local,0,3,Mobilenetv2,bank_a,ub,25,5,0.037628166369346405,False
l0,local,0,3,Mobilenetv2,bank_a,ub,26,7,0.020319131370918064,False
l0,local,0,3,Mobilenetv2,bank_a,ub,27,4,0.021375841973947235,True
l0,local,0,3,Mobilenetv2,bank_a,ub,28,0,0.11366121314242102,True
l0,local,0,3,Mobilenetv2,bank_a,ub,29,6,0.007742185352365094,True
l0,local,0,3,Mobilenetv2,bank_a,ub,30,6,0.0043654515921660725,False
l0,local,0,3,Mobilenetv2,bank_a,ub,31,4,0.020831962387875227,True
l0,local,0,3,Mobilenetv2,bank_a,ub,32,6,0.0010224087228920264,True
l0,local,0,3,Mobilenetv2,bank_a,ub,33,6,0.06355141778761723,True
l0,local,0,3,Mobilenetv2,bank_a,ub,34,0,0.13122245919523148,True
l0,local,0,3,Mobilenetv2,bank_a,ub,35,6,0.02006426654545171,True
l0,local,0,3,Mobilenetv2,bank_a,ub,36,4,0.009302053394967424,True
l0,local,0,3,Mobilenetv2,bank_a,ub,37,0,0.05644758203237776,True
l0,local,0,3,Mobilenetv2,bank_a,ub,38,7,0.008831966578004946,False
l0,local,0,3,Mobilenetv2,bank_a,ub,39,4,0.0940993130874791,True
l0,local,0,3,Mobilenetv2,bank_a,ub,40,0,0.03809055198886742,True
l0,local,0,3,Mobilenetv2,bank_a,ub,41,4,0.018886266667731647,True
l0,local,0,3,Mobilenetv2,bank_a,ub,42,2,0.015459847989722678,True
l0,local,0,3,Mobilenetv2,bank_a,ub,43,7,0.008332480883848414,True
l0,local,0,3,Mobilenetv2,bank_a,ub,44,0,0.06497315008253204,True
l0,local,0,3,Mobilenetv2,bank_a,ub,45,4,0.009637539621670271,True
l0,local,0,3,Mobilenetv2,bank_a,ub,46,6,0.022448030376528982,True
l0,local,0,3,Mobilenetv2,bank_a,ub,47,4,0.016377608273705366,True
l0,local,0,3,Mobilenetv2,bank_a,ub,48,6,0.02390534173943165,True
l0,local,0,3,Mobilenetv2,bank_a,ub,49,4,0.0089861649891083,True
l0,local,0,3,Mobilenetv2,bank_a,ub,50,5,0.031986237613017,True
l0,local,0,3,Mobilenetv2,bank_a,ub,51,7,0.002717079355598659,False
l0,local,0,3,Mobilenetv2,bank_a,ub,52,0,0.044376547213939244,True
l0,local,0,3,Mobilenetv2,bank_a,ub,53,6,0.014334269148905301,True
l0,local,0,3,Mobilenetv2,bank_a,ub,54,6,0.002905875499307292,False
l0,local,0,3,Mobilenetv2,bank_a,ub,55,0,0.014675296768740492,True
l0,local,0,3,Mobilenetv2,bank_a,ub,56,6,0.036239928067459376,True
l0,local,0,3,Mobilenetv2,bank_a,ub,57,4,0.019232656672155582,True
l0,local,0,3,Mobilenetv2,bank_a,ub,58,6,0.010205546588091377,False
l0,local,0,3,Mobilenetv2,bank_a,ub,59,5,0.015461841808437432,True
l0,local,0,3,Mobilenetv2,bank_a,ub,60,7,0.04135882153217153,True
l0,local,0,3,Mobilenetv2,bank_a,ub,61,0,0.08793705348807578,True
l0,local,0,3,Mobilenetv2,bank_a,ub,62,4,0.007581756355717895,True
l0,local,0,3,Mobilenetv2,bank_a,ub,63,0,0.0641427248906822,True
l0,local,0,3,Mobilenetv2,bank_b,ua,0,6,0.057979422655208,True
l0,local,0,3,Mobilenetv2,bank_b,ua,1,4,0.05822746617929189,True
l0,local,0,3,Mobilenetv2,bank_b,ua,2,4,0.005517792392130516,False
l0,local,0,3,Mobilenetv2,bank_b,ua,3,7,0.07639802634950912,True
l0,local,0,3,Mobilenetv2,bank_b,ua,4,4,0.043301192445526396,True
l0,local,0,3,Mobilenetv2,bank_b,ua,5,7,0.046183922337919736,True
l0,local,0,3,Mobilenetv2,bank_b,ua,6,4,0.007245603619205732,True
l0,local,0,3,Mobilenetv2,bank_b,ua,7,6,0.29034175850866806,True
l0,local,0,3,Mobilenetv2,bank_b,ua,8,7,0.02170386604957636,True
l0,local,0,3,Mobilenetv2,bank_b,ua,9,6,0.029169028488665108,True
l0,local,0,3,Mobilenetv2,bank_b,ua,10,7,0.023822299569691383,True
l0,local,0,3,Mobilenetv2,bank_b,ua,11,4,0.03469253938566083,True
l0,local,0,3,Mobilenetv2,bank_b,ua,12,7,0.0162231494238797,True
l0,local,0,3,Mobilenetv2,bank_b,ua,13,3,0.012698133092187064,True
l0,local,0,3,Mobilenetv2,bank_b,ua,14,4,0.04202913450915055,True
l0,local,0,3,Mobilenetv2,bank_b,ua,15,4,0.037752379299479,True
l0,local,0,3,Mobilenetv2,bank_b,ua,16,7,0.02746169043559514,True
l0,local,0,3,Mobilenetv2,bank_b,ua,17,4,0.0770507384834164,True
l0,local,0,3,Mobilenetv2,bank_b,ua,18,7,0.025954368852227502,True
l0,local,0,3,Mobilenetv2,bank_b,ua,19,4,0.0005942588809148552,False
l0,local,0,3,Mobilenetv2,bank_b,ua,20,6,0.012859412373427095,False
l0,local,0,3,Mobilenetv2,bank_b,ua,21,0,0.013642736904994318,True
l0,local,0,3,Mobilenetv2,bank_b,ua,22,4,0.10392928711834849,True
l0,local,0,3,Mobilenetv2,bank_b,ua,23,7,0.011862552448055896,True
l0,local,0,3,Mobilenetv2,bank_b,ua,24,4,0.017194357450578693,True
l0,local,0,3,Mobilenetv2,bank_b,ua,25,0,0.02242955599514527,True
l0,local,0,3,Mobilenetv2,bank_b,ua,26,0,0.1116621329206858,True
l0,local,0,3,Mobilenetv2,bank_b,ua,27,5,0.008097837817093598,False
l0,local,0,3,Mobilenetv2,bank_b,ua,28,6,0.03061272735183443,True
l0,local,0,3,Mobilenetv2,bank_b,ua,29,6,0.11354562174716781,True
l0,local,0,3,Mobilenetv2,bank_b,ua,30,7,0.008086931114180768,True
l0,local,0,3,Mobilenetv2,bank_b,ua,31,6,0.06827071460482387,True
l0,local,0,3,Mobilenetv2,bank_b,ua,32,7,0.05023850102193736,True
l0,local,0,3,Mobilenetv2,bank_b,ua,33,9,0.11859653444974505,True
l0,local,0,3,Mobilenetv2,bank_b,ua,34,7,0.01738603402382175,False
l0,local,0,3,Mobilenetv2,bank_b,ua,35,6,0.018078356519744876,True
l0,local,0,3,Mobilenetv2,bank_b,ua,36,1,0.015943072155367305,True
l0,local,0,3,Mobilenetv2,bank_b,ua,37,0,0.004762510311181689,False
l0,local,0,3,Mobilenetv2,bank_b,ua,38,0,0.1076890670965979,True
l0,local,0,3,Mobilenetv2,bank_b,ua,39,4,0.023358958037953015,False
l0,local,0,3,Mobilenetv2,bank_b,ua,40,6,0.030707894763568888,True
l0,local,0,3,Mobilenetv2,bank_b,ua,41,6,0.1722860093464449,True
l0,local,0,3,Mobilenetv2,bank_b,ua,42,4,0.017155516829900797,True
l0,local,0,3,Mobilenetv2,bank_b,ua,43,5,0.11818124637743468,True
l0,local,0,3,Mobilenetv2,bank_b,ua,44,7,0.04537520087905676,True
l0,local,0,3,Mobilenetv2,bank_b,ua,45,3,0.01949503606369883,True
l0,local,0,3,Mobilenetv2,bank_b,ua,46,7,0.010295004384182405,False
l0,local,0,3,Mobilenetv2,bank_b,ua,47,7,0.049872035436793014,True
l0,local,0,3,Mobilenetv2,bank_b,ua,48,0,0.09203508988570473,True
l0,local,0,3,Mobilenetv2,bank_b,ua,49,0,0.10425081272941111,True
l0,local,0,3,Mobilenetv2,bank_b,ua,50,7,0.006609180828342276,True
l0,local,0,3,Mobilenetv2,bank_b,ua,51,4,0.06327696951912992,True
l0,local,0,3,Mobilenetv2,bank_b,ua,52,4,0.07760056080490683,True
l0,local,0,3,Mobilenetv2,bank_b,ua,53,0,0.07939241527121561,True
l0,local,0,3,Mobilenetv2,bank_b,ua,54,4,0.011192064763144383,False
l0,local,0,3,Mobilenetv2,bank_b,ua,55,4,0.020945165809120203,True
l0,local,0,3,Mobilenetv2,bank_b,ua,56,9,0.015117694796693809,False
l0,local,0,3,Mobilenetv2,bank_b,ua,57,5,0.014551226406127021,False
l0,local,0,3,Mobilenetv2,bank_b,ua,58,4,0.04780174615451788,True
l0,local,0,3,Mobilenetv2,bank_b,ua,59,0,0.07815407067633755,True
l0,local,0,3,Mobilenetv2,bank_b,ua,60,6,0.0010475159905542902,True
l0,local,0,3,Mobilenetv2,bank_b,ua,61,5,0.014388520124177698,True
l0,local,0,3,Mobilenetv2,bank_b,ua,62,6,0.013484122346119981,False
l0,local,0,3,Mobilenetv2,bank_b,ua,63,9,0.006828275386477262,True
l0,local,0,3,Mobilenetv2,bank_b,ub,0,6,0.07167925319953478,True
l0,local,0,3,Mobilenetv2,bank_b,ub,1,4,0.05614682172833538,True
l0,local,0,3,Mobilenetv2,bank_b,ub,2,6,0.038551153630436055,False
l0,local,0,3,Mobilenetv2,bank_b,ub,3,7,0.05898638327655891,True
l0,local,0,3,Mobilenetv2,bank_b,ub,4,4,0.03654729247535249,True
l0,local,0,3,Mobilenetv2,bank_b,ub,5,7,0.04452751209427026,True
l0,local,0,3,Mobilenetv2,bank_b,ub,6,4,0.008186640209580098,True
l0,local,0,3,Mobilenetv2,bank_b,ub,7,6,0.2935454607103889,True
l0,local,0,3,Mobilenetv2,bank_b,ub,8,7,0.026951369062260463,True
l0,local,0,3,Mobilenetv2,bank_b,ub,9,6,0.008073358690585897,True
l0,local,0,3,Mobilenetv2,bank_b,ub,10,7,0.011905980818276485,True
l0,local,0,3,Mobilenetv2,bank_b,ub,11,4,0.0061146814169778935,True
l0,local,0,3,Mobilenetv2,bank_b,ub,12,7,0.0152117271121405,True
l0,local,0,3,Mobilenetv2,bank_b,ub,13,3,0.018329203981135606,True
l0,local,0,3,Mobilenetv2,bank_b,ub,14,4,0.02933884599862202,True
l0,local,0,3,Mobilenetv2,bank_b,ub,15,4,0.02563805546751105,True
l0,local,0,3,Mobilenetv2,bank_b,ub,16,7,0.02249877965369894,True
l0,local,0,3,Mobilenetv2,bank_b,ub,17,4,0.08018622900457356,True
l0,local,0,3,Mobilenetv2,bank_b,ub,18,7,0.016205721973930276,True
l0,local,0,3,Mobilenetv2,bank_b,ub,19,6,0.010002900902686115,False
l0,local,0,3,Mobilenetv2,bank_b,ub,20,4,0.01564168301473834,False
l0,local,0,3,Mobilenetv2,bank_b,ub,21,0,0.005655053997710116,True
l0,local,0,3,Mobilenetv2,bank_b,ub,22,4,0.10997166589819654,True
l0,local,0,3,Mobilenetv2,bank_b,ub,23,7,0.0068555567904495796,True
l0,local,0,3,Mobilenetv2,bank_b,ub,24,4,0.017048353600082305,True
l0,local,0,3,Mobilenetv2,bank_b,ub,25,0,0.031304601711454674,True
l0,local,0,3,Mobilenetv2,bank_b,ub,26,0,0.07387232099101951,True
l0,local,0,3,Mobilenetv2,bank_b,ub,27,7,0.013394833413021258,False
l0,local,0,3,Mobilenetv2,bank_b,ub,28,6,0.027361741022342442,True
l0,local,0,3,Mobilenetv2,bank_b,ub,29,6,0.10849959129744341,True
l0,local,0,3,Mobilenetv2,bank_b,ub,30,7,0.00043363288427784863,True
l0,local,0,3,Mobilenetv2,bank_b,ub,31,6,0.053160583008610804,True
l0,local,0,3,Mobilenetv2,bank_b,ub,32,7,0.030988876536716697,True
l0,local,0,3,Mobilenetv2,bank_b,ub,33,9,0.13653901207087377,True
l0,local,0,3,Mobilenetv2,bank_b,ub,34,6,0.0012727463962202284,False
l0,local,0,3,Mobilenetv2,bank_b,ub,35,6,0.012808641413573713,True
l0,local,0,3,Mobilenetv2,bank_b,ub,36,1,0.024775757100330406,True
l0,local,0,3,Mobilenetv2,bank_b,ub,37,7,0.01929025560587394,False
l0,local,0,3,Mobilenetv2,bank_b,ub,38,0,0.08727480912730645,True
l0,local,0,3,Mobilenetv2,bank_b,ub,39,6,0.01996801243349064,False
l0,local,0,3,Mobilenetv2,bank_b,ub,40,6,0.03807937123258631,True
l0,local,0,3,Mobilenetv2,bank_b,ub,41,6,0.14342374648138864,True
l0,local,0,3,Mobilenetv2,bank_b,ub,42,4,0.022725871786097668,True
l0,local,0,3,Mobilenetv2,bank_b,ub,43,5,0.12164167926837015,True
l0,local,0,3,Mobilenetv2,bank_b,ub,44,7,0.038800392195948843,True
l0,local,0,3,Mobilenetv2,bank_b,ub,45,3,0.01597391385376852,True
l0,local,0,3,Mobilenetv2,bank_b,ub,46,4,0.004881910934646391,False
l0,local,0,3,Mobilenetv2,bank_b,ub,47,7,0.018942051577514413,True
l0,local,0,3,Mobilenetv2,bank_b,ub,48,0,0.0635688555953414,True
l0,local,0,3,Mobilenetv2,bank_b,ub,49,0,0.08763928656588105,True
l0,local,0,3,Mobilenetv2,bank_b,ub,50,7,0.017901614967961374,True
l0,local,0,3,Mobilenetv2,bank_b,ub,51,4,0.01721276282234066,True
l0,local,0,3,Mobilenetv2,bank_b,ub,52,4,0.07252903917204735,True
l0,local,0,3,Mobilenetv2,bank_b,ub,53,0,0.06873464178381208,True
l0,local,0,3,Mobilenetv2,bank_b,ub,54,6,0.029408877731437272,False
l0,local,0,3,Mobilenetv2,bank_b,ub,55,4,0.016374842660732455,True
l0,local,0,3,Mobilenetv2,bank_b,ub,56,7,0.04473387183595577,False
l0,local,0,3,Mobilenetv2,bank_b,ub,57,6,0.03961043080918152,False
l0,local,0,3,Mobilenetv2,bank_b,ub,58,4,0.047357337363086144,True
l0,local,0,3,Mobilenetv2,bank_b,ub,59,0,0.06951200813388751,True
l0,local,0,3,Mobilenetv2,bank_b,ub,60,6,0.03135078553647748,True
l0,local,0,3,Mobilenetv2,bank_b,ub,61,5,0.015492157993376027,True
l0,local,0,3,Mobilenetv2,bank_b,ub,62,4,0.013902956835707164,False
l0,local,0,3,Mobilenetv2,bank_b,ub,63,9,0.004316453057886499,True
l9,local,9,0,ResNet10,bank_a,ua,0,4,0.09307242827575371,True
l9,local,9,0,ResNet10,bank_a,ua,1,4,0.1173405572391954,True
l9,local,9,0,ResNet10,bank_a,ua,2,9,0.004241639825489474,True
l9,local,9,0,ResNet10,bank_a,ua,3,7,0.20426554711690703,True
l9,local,9,0,ResNet10,bank_a,ua,4,4,0.027830637835882355,True
l9,local,9,0,ResNet10,bank_a,ua,5,6,0.0029298821123369123,True
l9,local,9,0,ResNet10,bank_a,ua,6,4,0.047693147858578866,True
l9,local,9,0,ResNet10,bank_a,ua,7,4,0.03598284381546557,True
l9,local,9,0,ResNet10,bank_a,ua,8,9,0.0038480631600061876,True
l9,local,9,0,ResNet10,bank_a,ua,9,4,0.05971460400120904,True
l9,local,9,0,ResNet10,bank_a,ua,10,5,0.15290885802653262,True
l9,local,9,0,ResNet10,bank_a,ua,11,4,0.15189769489114535,True
l9,local,9,0,ResNet10,bank_a,ua,12,0,0.04666032892973304,True
l9,local,9,0,ResNet10,bank_a,ua,13,0,0.03945722513515787,True
l9,local,9,0,ResNet10,bank_a,ua,14,4,0.023947049963768507,False
l9,local,9,0,ResNet10,bank_a,ua,15,6,0.07925657062842495,True
l9,local,9,0,ResNet10,bank_a,ua,16,6,0.20613310982824287,True
l9,local,9,0,ResNet10,bank_a,ua,17,4,0.14306177695158678,True
l9,local,9,0,ResNet10,bank_a,ua,18,1,0.0006151870978648999,False
l9,local,9,0,ResNet10,bank_a,ua,19,7,0.01168068916085152,True
l9,local,9,0,ResNet10,bank_a,ua,20,0,0.03850462469865315,True
l9,local,9,0,ResNet10,bank_a,ua,21,5,0.21127351478589018,True
l9,local,9,0,ResNet10,bank_a,ua,22,4,0.06003539030386129,True
l9,local,9,0,ResNet10,bank_a,ua,23,7,0.022497627750728652,True
l9,local,9,0,ResNet10,bank_a,ua,24,0,0.11219527379045785,True
l9,local,9,0,ResNet10,bank_a,ua,25,4,0.0021336323208723945,True
l9,local,9,0,ResNet10,bank_a,ua,26,5,0.06621048994286291,True
l9,local,9,0,ResNet10,bank_a,ua,27,4,0.24416870051871326,True
l9,local,9,0,ResNet10,bank_a,ua,28,0,0.02357198509596531,True
l9,local,9,0,ResNet10,bank_a,ua,29,4,0.04963632045362845,True
l9,local,9,0,ResNet10,bank_a,ua,30,6,0.14143504735341858,True
l9,local,9,0,ResNet10,bank_a,ua,31,4,0.20917755223846657,True
l9,local,9,0,ResNet10,bank_a,ua,32,4,0.11381313829759909,True
l9,local,9,0,ResNet10,bank_a,ua,33,4,0.08616429891938002,True
l9,local,9,0,ResNet10,bank_a,ua,34,0,0.08816588183862961,True
l9,local,9,0,ResNet10,bank_a,ua,35,4,0.12487761325672675,True
l9,local,9,0,ResNet10,bank_a,ua,36,4,0.1519144802514904,True
l9,local,9,0,ResNet10,bank_a,ua,37,0,0.06088912865393725,True
l9,local,9,0,ResNet10,bank_a,ua,38,4,0.12906607101573656,True
l9,local,9,0,ResNet10,bank_a,ua,39,4,0.10816191600659253,True
l9,local,9,0,ResNet10,bank_a,ua,40,0,0.07814963094785132,True
l9,local,9,0,ResNet10,bank_a,ua,41,4,0.02917230758635997,True
l9,local,9,0,ResNet10,bank_a,ua,42,4,0.049684979670334195,True
l9,local,9,0,ResNet10,bank_a,ua,43,0,0.03223086923070162,True
l9,local,9,0,ResNet10,bank_a,ua,44,0,0.006784882209037724,False
l9,local,9,0,ResNet10,bank_a,ua,45,2,0.01913184648151539,False
l9,local,9,0,ResNet10,bank_a,ua,46,4,0.21801818681201873,True
l9,local,9,0,ResNet10,bank_a,ua,47,4,0.03728947316008745,True
l9,local,9,0,ResNet10,bank_a,ua,48,4,0.13646057868965428,True
l9,local,9,0,ResNet10,bank_a,ua,49,4,0.03833861986468691,True
l9,local,9,0,ResNet10,bank_a,ua,50,5,0.350967202834581,True
l9,local,9,0,ResNet10,bank_a,ua,51,4,0.03619684470807369,True
l9,local,9,0,ResNet10,bank_a,ua,52,4,0.008944976734575893,True
l9,local,9,0,ResNet10,bank_a,ua,53,6,0.004157126794882837,True
l9,local,9,0,ResNet10,bank_a,ua,54,1,0.0005871810286245394,True
l9,local,9,0,ResNet10,bank_a,ua,55,0,0.0576400441890767,True
l9,local,9,0,ResNet10,bank_a,ua,56,4,0.24062108975881025,True
l9,local,9,0,ResNet10,bank_a,ua,57,4,0.07231974568456223,True
l9,local,9,0,ResNet10,bank_a,ua,58,2,0.005658816788384868,False
l9,local,9,0,ResNet10,bank_a,ua,59,0,0.02391953664493019,True
l9,local,9,0,ResNet10,bank_a,ua,60,4,0.09505136010323978,True
l9,local,9,0,ResNet10,bank_a,ua,61,0,0.0046105206070895105,False
l9,local,9,0,ResNet10,bank_a,ua,62,4,0.17709737164426964,True
l9,local,9,0,ResNet10,bank_a,ua,63,0,0.15569974534554698,True
l9,local,9,0,ResNet10,bank_a,ub,0,4,0.06184438200326359,True
l9,local,9,0,ResNet10,bank_a,ub,1,4,0.07817812418028064,True
l9,local,9,0,ResNet10,bank_a,ub,2,9,0.004670096896054299,True
l9,local,9,0,ResNet10,bank_a,ub,3,7,0.18529776859228003,True
l9,local,9,0,ResNet10,bank_a,ub,4,4,0.038712740223223255,True
l9,local,9,0,ResNet10,bank_a,ub,5,6,0.03639757116093567,True
l9,local,9,0,ResNet10,bank_a,ub,6,4,0.03545653261132492,True
l9,local,9,0,ResNet10,bank_a,ub,7,4,0.03067340288208853,True
l9,local,9,0,ResNet10,bank_a,ub,8,9,0.0028005994082885843,True
l9,local,9,0,ResNet10,bank_a,ub,9,4,0.031617264150889446,True
l9,local,9,0,ResNet10,bank_a,ub,10,5,0.12575228719891493,True
l9,local,9,0,ResNet10,bank_a,ub,11,4,0.13970243704695873,True
l9,local,9,0,ResNet10,bank_a,ub,12,0,0.04442450100872897,True
l9,local,9,0,ResNet10,bank_a,ub,13,0,0.061399723795356076,True
l9,local,9,0,ResNet10,bank_a,ub,14,0,0.0007150409020924564,False
l9,local,9,0,ResNet10,bank_a,ub,15,6,0.10125000015326596,True
l9,local,9,0,ResNet10,bank_a,ub,16,6,0.19026699382462348,True
l9,local,9,0,ResNet10,bank_a,ub,17,4,0.11024577047794687,True
l9,local,9,0,ResNet10,bank_a,ub,18,9,0.00016812036836261202,False
l9,local,9,0,ResNet10,bank_a,ub,19,7,0.006857850324256731,True
l9,local,9,0,ResNet10,bank_a,ub,20,0,0.07252788908332101,True
l9,local,9,0,ResNet10,bank_a,ub,21,5,0.19239137593996553,True
l9,local,9,0,ResNet10,bank_a,ub,22,4,0.04815466365675797,True
l9,local,9,0,ResNet10,bank_a,ub,23,7,0.02763157598351075,True
l9,local,9,0,ResNet10,bank_a,ub,24,0,0.10095403242807421,True
l9,local,9,0,ResNet10,bank_a,ub,25,4,0.015223661230118438,True
l9,local,9,0,ResNet10,bank_a,ub,26,5,0.011137511302950681,True
l9,local,9,0,ResNet10,bank_a,ub,27,4,0.24788503333546869,True
l9,local,9,0,ResNet10,bank_a,ub,28,0,0.0333751514251385,True
l9,local,9,0,ResNet10,bank_a,ub,29,4,0.038493402159651136,True
l9,local,9,0,ResNet10,bank_a,ub,30,6,0.20633842185921,True
l9,local,9,0,ResNet10,bank_a,ub,31,4,0.20103185413023683,True
l9,local,9,0,ResNet10,bank_a,ub,32,4,0.07936762329031916,True
l9,local,9,0,ResNet10,bank_a,ub,33,4,0.0822262678733035,True
l9,local,9,0,ResNet10,bank_a,ub,34,0,0.09398550977504255,True
l9,local,9,0,ResNet10,bank_a,ub,35,4,0.11181784359595448,True
l9,local,9,0,ResNet10,bank_a,ub,36,4,0.12667278019528516,True
l9,local,9,0,ResNet10,bank_a,ub,37,0,0.05789588564949122,True
l9,local,9,0,ResNet10,bank_a,ub,38,4,0.12285605177000106,True
l9,local,9,0,ResNet10,bank_a,ub,39,4,0.11072090335439722,True
l9,local,9,0,ResNet10,bank_a,ub,40,0,0.0650165288350662,True
l9,local,9,0,ResNet10,bank_a,ub,41,4,0.028756154118586785,True
l9,local,9,0,ResNet10,bank_a,ub,42,4,0.036615494292215,True
l9,local,9,0,ResNet10,bank_a,ub,43,0,0.05412179360880526,True
l9,local,9,0,ResNet10,bank_a,ub,44,4,0.015372764739011169,False
l9,local,9,0,ResNet10,bank_a,ub,45,6,0.011285049694461285,False
l9,local,9,0,ResNet10,bank_a,ub,46,4,0.1967456530390132,True
l9,local,9,0,ResNet10,bank_a,ub,47,4,0.042288325882038194,True
l9,local,9,0,ResNet10,bank_a,ub,48,4,0.10359479850563824,True
l9,local,9,0,ResNet10,bank_a,ub,49,4,0.04673039971426357,True
l9,local,9,0,ResNet10,bank_a,ub,50,5,0.3027916434434297,True
l9,local,9,0,ResNet10,bank_a,ub,51,4,0.017527669819407787,True
l9,local,9,0,ResNet10,bank_a,ub,52,4,0.02546984074314701,True
l9,local,9,0,ResNet10,bank_a,ub,53,6,0.02317397219303849,True
l9,local,9,0,ResNet10,bank_a,ub,54,1,0.000537732960777193,True
l9,local,9,0,ResNet10,bank_a,ub,55,0,0.05918252306304733,True
l9,local,9,0,ResNet10,bank_a,ub,56,4,0.2092101441502216,True
l9,local,9,0,ResNet10,bank_a,ub,57,4,0.04990541932503001,True
l9,local,9,0,ResNet10,bank_a,ub,58,4,0.003383886162618782,False
l9,local,9,0,ResNet10,bank_a,ub,59,0,0.042207269153770786,True
l9,local,9,0,ResNet10,bank_a,ub,60,4,0.056415539131337566,True
l9,local,9,0,ResNet10,bank_a,ub,61,2,0.0030176310082702523,False
l9,local,9,0,ResNet10,bank_a,ub,62,4,0.17036090026927536,True
l9,local,9,0,ResNet10,bank_a,ub,63,0,0.17566510218194833,True
l9,local,9,0,ResNet10,bank_b,ua,0,4,0.20143483145460245,True
l9,local,9,0,ResNet10,bank_b,ua,1,4,0.0486486719051159,True
l9,local,9,0,ResNet10,bank_b,ua,2,4,0.07615710669188991,True
l9,local,9,0,ResNet10,bank_b,ua,3,1,0.001300548957442027,False
l9,local,9,0,ResNet10,bank_b,ua,4,6,0.0065819838519087515,True
l9,local,9,0,ResNet10,bank_b,ua,5,1,0.0017444961314367347,True
l9,local,9,0,ResNet10,bank_b,ua,6,4,0.19963024553577813,True
l9,local,9,0,ResNet10,bank_b,ua,7,4,0.1125379500755545,True
l9,local,9,0,ResNet10,bank_b,ua,8,1,0.0010453180672063134,True
l9,local,9,0,ResNet10,bank_b,ua,9,4,0.016740552906715944,True
l9,local,9,0,ResNet10,bank_b,ua,10,4,0.10996992731836722,True
l9,local,9,0,ResNet10,bank_b,ua,11,4,0.05349335592064447,True
l9,local,9,0,ResNet10,bank_b,ua,12,5,0.3329864671420925,True
l9,local,9,0,ResNet10,bank_b,ua,13,4,0.03316036912139991,True
l9,local,9,0,ResNet10,bank_b,ua,14,4,0.2530370988751132,True
l9,local,9,0,ResNet10,bank_b,ua,15,4,0.027057949766871203,True
l9,local,9,0,ResNet10,bank_b,ua,16,4,0.012908585261655059,False
l9,local,9,0,ResNet10,bank_b,ua,17,4,0.3887358101192676,True
l9,local,9,0,ResNet10,bank_b,ua,18,7,0.0669930996839223,True
l9,local,9,0,ResNet10,bank_b,ua,19,4,0.08180198446775849,True
l9,local,9,0,ResNet10,bank_b,ua,20,6,0.01116389608100693,False
l9,local,9,0,ResNet10,bank_b,ua,21,8,0.0034436150387338327,False
l9,local,9,0,ResNet10,bank_b,ua,22,4,0.3213191005119163,True
l9,local,9,0,ResNet10,bank_b,ua,23,4,0.1795057782799811,True
l9,local,9,0,ResNet10,bank_b,ua,24,0,0.016257366602253825,False
l9,local,9,0,ResNet10,bank_b,ua,25,4,0.014634978784263175,False
l9,local,9,0,ResNet10,bank_b,ua,26,0,0.19712552601499983,True
l9,local,9,0,ResNet10,bank_b,ua,27,4,0.020541153165898052,False
l9,local,9,0,ResNet10,bank_b,ua,28,0,0.08281366910351604,True
l9,local,9,0,ResNet10,bank_b,ua,29,6,0.23683814788373367,True
l9,local,9,0,ResNet10,bank_b,ua,30,4,0.06595876296689501,True
l9,local,9,0,ResNet10,bank_b,ua,31,4,0.03866633401596026,True
l9,local,9,0,ResNet10,bank_b,ua,32,7,0.0754499604098462,True
l9,local,9,0,ResNet10,bank_b,ua,33,4,0.02291109190848814,False
l9,local,9,0,ResNet10,bank_b,ua,34,6,0.030516419660732624,True
l9,local,9,0,ResNet10,bank_b,ua,35,4,0.24135179876215673,True
l9,local,9,0,ResNet10,bank_b,ua,36,0,0.005617194399202191,True
l9,local,9,0,ResNet10,bank_b,ua,37,0,0.03667388638026961,True
l9,local,9,0,ResNet10,bank_b,ua,38,0,0.04158149456759547,True
l9,local,9,0,ResNet10,bank_b,ua,39,4,0.14056185821968215,True
l9,local,9,0,ResNet10,bank_b,ua,40,4,0.11362912223704413,True
l9,local,9,0,ResNet10,bank_b,ua,41,4,0.14083424458179672,True
l9,local,9,0,ResNet10,bank_b,ua,42,4,0.31534868144598327,True
l9,local,9,0,ResNet10,bank_b,ua,43,0,0.1618337832545707,True
l9,local,9,0,ResNet10,bank_b,ua,44,1,0.0016635799624791503,True
l9,local,9,0,ResNet10,bank_b,ua,45,4,0.14150395754520423,True
l9,local,9,0,ResNet10,bank_b,ua,46,5,0.21994596175658992,True
l9,local,9,0,ResNet10,bank_b,ua,47,5,0.21700611760117322,True
l9,local,9,0,ResNet10,bank_b,ua,48,0,0.14156696565640456,True
l9,local,9,0,ResNet10,bank_b,ua,49,0,0.030143947381225056,True
l9,local,9,0,ResNet10,bank_b,ua,50,7,0.016962613684693706,True
l9,local,9,0,ResNet10,bank_b,ua,51,4,0.16809246120503046,True
l9,local,9,0,ResNet10,bank_b,ua,52,4,0.26478766263140224,True
l9,local,9,0,ResNet10,bank_b,ua,53,0,0.1271072759143428,True
l9,local,9,0,ResNet10,bank_b,ua,54,4,0.021549859329855647,True
l9,local,9,0,ResNet10,bank_b,ua,55,4,0.13800086226390562,True
l9,local,9,0,ResNet10,bank_b,ua,56,4,0.04614438799806808,True
l9,local,9,0,ResNet10,bank_b,ua,57,4,0.05961790347557605,True
l9,local,9,0,ResNet10,bank_b,ua,58,4,0.12147332492212243,True
l9,local,9,0,ResNet10,bank_b,ua,59,0,0.06277921600486638,True
l9,local,9,0,ResNet10,bank_b,ua,60,6,0.001549458273049309,True
l9,local,9,0,ResNet10,bank_b,ua,61,4,0.10772351237820935,True
l9,local,9,0,ResNet10,bank_b,ua,62,4,0.0876788894141255,True
l9,local,9,0,ResNet10,bank_b,ua,63,0,0.03066108529525119,True
l9,local,9,0,ResNet10,bank_b,ub,0,4,0.18131078774794868,True
l9,local,9,0,ResNet10,bank_b,ub,1,4,0.020908444897887124,True
l9,local,9,0,ResNet10,bank_b,ub,2,4,0.04410371676465502,True
l9,local,9,0,ResNet10,bank_b,ub,3,9,0.0002813922668803148,False
l9,local,9,0,ResNet10,bank_b,ub,4,6,0.04236885980187907,True
l9,local,9,0,ResNet10,bank_b,ub,5,1,0.0003580955786295914,True
l9,local,9,0,ResNet10,bank_b,ub,6,4,0.1780838020418729,True
l9,local,9,0,ResNet10,bank_b,ub,7,4,0.0906660218601853,True
l9,local,9,0,ResNet10,bank_b,ub,8,1,0.0011877976702401316,True
l9,local,9,0,ResNet10,bank_b,ub,9,4,0.030423237285132743,True
l9,local,9,0,ResNet10,bank_b,ub,10,4,0.1030328454553561,True
l9,local,9,0,ResNet10,bank_b,ub,11,4,0.025272684897192643,True
l9,local,9,0,ResNet10,bank_b,ub,12,5,0.3072448692066027,True
l9,local,9,0,ResNet10,bank_b,ub,13,4,0.05526754484103047,True
l9,local,9,0,ResNet10,bank_b,ub,14,4,0.22265647508058584,True
l9,local,9,0,ResNet10,bank_b,ub,15,4,0.04584832857613927,True
l9,local,9,0,ResNet10,bank_b,ub,16,0,0.02097601898274215,False
l9,local,9,0,ResNet10,bank_b,ub,17,4,0.3979391340214238,True
l9,local,9,0,ResNet10,bank_b,ub,18,7,0.05313315089935701,True
l9,local,9,0,ResNet10,bank_b,ub,19,4,0.04359376049168828,True
l9,local,9,0,ResNet10,bank_b,ub,20,4,0.01228366954550017,False
l9,local,9,0,ResNet10,bank_b,ub,21,6,0.04638473031229064,False
l9,local,9,0,ResNet10,bank_b,ub,22,4,0.32553653884257383,True
l9,local,9,0,ResNet10,bank_b,ub,23,4,0.18709815475866698,True
l9,local,9,0,ResNet10,bank_b,ub,24,6,0.006049268658362916,False
l9,local,9,0,ResNet10,bank_b,ub,25,0,0.021752214366568212,False
l9,local,9,0,ResNet10,bank_b,ub,26,0,0.20280777575878473,True
l9,local,9,0,ResNet10,bank_b,ub,27,0,0.011494538858167092,False
l9,local,9,0,ResNet10,bank_b,ub,28,0,0.0807830197092678,True
l9,local,9,0,ResNet10,bank_b,ub,29,6,0.24765549704878623,True
l9,local,9,0,ResNet10,bank_b,ub,30,4,0.04929700018283062,True
l9,local,9,0,ResNet10,bank_b,ub,31,4,0.007053800887084516,True
l9,local,9,0,ResNet10,bank_b,ub,32,7,0.08811887590056947,True
l9,local,9,0,ResNet10,bank_b,ub,33,6,0.0018385757582630169,False
l9,local,9,0,ResNet10,bank_b,ub,34,6,0.07706934851334957,True
l9,local,9,0,ResNet10,bank_b,ub,35,4,0.22953508357607807,True
l9,local,9,0,ResNet10,bank_b,ub,36,0,0.016103120397953363,True
l9,local,9,0,ResNet10,bank_b,ub,37,0,0.030375812422956505,True
l9,local,9,0,ResNet10,bank_b,ub,38,0,0.027968358655423242,True
l9,local,9,0,ResNet10,bank_b,ub,39,4,0.10634649522596873,True
l9,local,9,0,ResNet10,bank_b,ub,40,4,0.06338981766907373,True
l9,local,9,0,ResNet10,bank_b,ub,41,4,0.15007740201036002,True
l9,local,9,0,ResNet10,bank_b,ub,42,4,0.3209060418621463,True
l9,local,9,0,ResNet10,bank_b,ub,43,0,0.18396297266140624,True
l9,local,9,0,ResNet10,bank_b,ub,44,1,0.0011574511944183186,True
l9,local,9,0,ResNet10,bank_b,ub,45,4,0.15051032595582092,True
l9,local,9,0,ResNet10,bank_b,ub,46,5,0.1904341820509926,True
l9,local,9,0,ResNet10,bank_b,ub,47,5,0.23338763717349473,True
l9,local,9,0,ResNet10,bank_b,ub,48,0,0.11218297914183475,True
l9,local,9,0,ResNet10,bank_b,ub,49,0,0.03948201467239987,True
l9,local,9,0,ResNet10,bank_b,ub,50,7,0.027943872303960893,True
l9,local,9,0,ResNet10,bank_b,ub,51,4,0.1452834853544296,True
l9,local,9,0,ResNet10,bank_b,ub,52,4,0.2532749921881329,True
l9,local,9,0,ResNet10,bank_b,ub,53,0,0.13113238481382392,True
l9,local,9,0,ResNet10,bank_b,ub,54,4,0.007349176294261461,True
l9,local,9,0,ResNet10,bank_b,ub,55,4,0.1359817512415728,True
l9,local,9,0,ResNet10,bank_b,ub,56,4,0.07976360039701785,True
l9,local,9,0,ResNet10,bank_b,ub,57,4,0.035238002184268674,True
l9,local,9,0,ResNet10,bank_b,ub,58,4,0.0992349985043825,True
l9,local,9,0,ResNet10,bank_b,ub,59,0,0.07209916681465253,True
l9,local,9,0,ResNet10,bank_b,ub,60,6,0.02608978735835213,True
l9,local,9,0,ResNet10,bank_b,ub,61,4,0.08934963047755129,True
l9,local,9,0,ResNet10,bank_b,ub,62,4,0.08789847486789382,True
l9,local,9,0,ResNet10,bank_b,ub,63,0,0.012653209091087136,True
l9,local,9,1,ResNet12,bank_a,ua,0,3,0.2360968884800708,True
l9,local,9,1,ResNet12,bank_a,ua,1,3,0.33549620369530236,True
l9,local,9,1,ResNet12,bank_a,ua,2,9,0.06283912952485618,True
l9,local,9,1,ResNet12,bank_a,ua,3,0,0.008910659839489535,True
l9,local,9,1,ResNet12,bank_a,ua,4,3,0.1250925019065826,True
l9,local,9,1,ResNet12,bank_a,ua,5,2,0.0212284305577064,True
l9,local,9,1,ResNet12,bank_a,ua,6,3,0.27333543070104055,True
l9,local,9,1,ResNet12,bank_a,ua,7,3,0.13375732200894175,True
l9,local,9,1,ResNet12,bank_a,ua,8,9,0.1790590795275635,True
l9,local,9,1,ResNet12,bank_a,ua,9,3,0.24687689229520282,True
l9,local,9,1,ResNet12,bank_a,ua,10,4,0.06042417788371404,True
l9,local,9,1,ResNet12,bank_a,ua,11,3,0.3936766338900675,True
l9,local,9,1,ResNet12,bank_a,ua,12,3,0.42922657807601816,True
l9,local,9,1,ResNet12,bank_a,ua,13,3,0.24377407708091658,True
l9,local,9,1,ResNet12,bank_a,ua,14,3,0.14884860489453472,True
l9,local,9,1,ResNet12,bank_a,ua,15,2,0.0017120749348293746,True
l9,local,9,1,ResNet12,bank_a,ua,16,2,0.013894945071832199,True
l9,local,9,1,ResNet12,bank_a,ua,17,3,0.33784045778075283,True
l9,local,9,1,ResNet12,bank_a,ua,18,9,0.0672594533562296,True
l9,local,9,1,ResNet12,bank_a,ua,19,1,0.030452148025749484,False
l9,local,9,1,ResNet12,bank_a,ua,20,1,0.044601657344523704,True
l9,local,9,1,ResNet12,bank_a,ua,21,0,0.002516203307555892,True
l9,local,9,1,ResNet12,bank_a,ua,22,3,0.1551435770874178,True
l9,local,9,1,ResNet12,bank_a,ua,23,9,0.037153593424076176,False
l9,local,9,1,ResNet12,bank_a,ua,24,3,0.2797972639695355,True
l9,local,9,1,ResNet12,bank_a,ua,25,9,0.027541886618606973,False
l9,local,9,1,ResNet12,bank_a,ua,26,4,0.019316668502259014,True
l9,local,9,1,ResNet12,bank_a,ua,27,3,0.4518993920780051,True
l9,local,9,1,ResNet12,bank_a,ua,28,3,0.012068383358064205,True
l9,local,9,1,ResNet12,bank_a,ua,29,3,0.2451366614323138,True
l9,local,9,1,ResNet12,bank_a,ua,30,1,0.08261661395664605,True
l9,local,9,1,ResNet12,bank_a,ua,31,3,0.3338094768137596,True
l9,local,9,1,ResNet12,bank_a,ua,32,3,0.3114996448584074,True
l9,local,9,1,ResNet12,bank_a,ua,33,3,0.15669561338219776,True
l9,local,9,1,ResNet12,bank_a,ua,34,3,0.41928157955885237,True
l9,local,9,1,ResNet12,bank_a,ua,35,3,0.254425393483651,True
l9,local,9,1,ResNet12,bank_a,ua,36,3,0.3361464355554437,True
l9,local,9,1,ResNet12,bank_a,ua,37,3,0.4172863169327099,True
l9,local,9,1,ResNet12,bank_a,ua,38,3,0.2086511313641662,True
l9,local,9,1,ResNet12,bank_a,ua,39,3,0.43058383481515716,True
l9,local,9,1,ResNet12,bank_a,ua,40,3,0.5195235883630618,True
l9,local,9,1,ResNet12,bank_a,ua,41,3,0.20688140440797428,True
l9,local,9,1,ResNet12,bank_a,ua,42,3,0.15158886272567157,True
l9,local,9,1,ResNet12,bank_a,ua,43,3,0.3455436470726562,True
l9,local,9,1,ResNet12,bank_a,ua,44,3,0.49573852701068066,True
l9,local,9,1,ResNet12,bank_a,ua,45,5,0.04525507983555532,True
l9,local,9,1,ResNet12,bank_a,ua,46,3,0.44661399865138307,True
l9,local,9,1,ResNet12,bank_a,ua,47,3,0.15423167011010008,True
l9,local,9,1,ResNet12,bank_a,ua,48,3,0.3323878245524451,True
l9,local,9,1,ResNet12,bank_a,ua,49,3,0.2810945206481875,True
l9,local,9,1,ResNet12,bank_a,ua,50,4,0.038587235088766936,True
l9,local,9,1,ResNet12,bank_a,ua,51,3,0.11669182268413503,True
l9,local,9,1,ResNet12,bank_a,ua,52,3,0.5011453721132798,True
l9,local,9,1,ResNet12,bank_a,ua,53,3,0.023642446820981683,True
l9,local,9,1,ResNet12,bank_a,ua,54,9,0.15814546598882373,True
l9,local,9,1,ResNet12,bank_a,ua,55,3,0.06186237416967727,True
l9,local,9,1,ResNet12,bank_a,ua,56,3,0.32867209239797973,True
l9,local,9,1,ResNet12,bank_a,ua,57,3,0.3454366043369078,True
l9,local,9,1,ResNet12,bank_a,ua,58,3,0.0016713674866752765,True
l9,local,9,1,ResNet12,bank_a,ua,59,9,0.113857883586297,True
l9,local,9,1,ResNet12,bank_a,ua,60,3,0.27431328866856886,True
l9,local,9,1,ResNet12,bank_a,ua,61,0,0.06120795304816465,True
l9,local,9,1,ResNet12,bank_a,ua,62,3,0.3531296198242377,True
l9,local,9,1,ResNet12,bank_a,ua,63,3,0.15834412933263178,True
l9,local,9,1,ResNet12,bank_a,ub,0,3,0.24732290768256154,True
l9,local,9,1,ResNet12,bank_a,ub,1,3,0.3508507571461804,True
l9,local,9,1,ResNet12,bank_a,ub,2,9,0.03972434504096037,True
l9,local,9,1,ResNet12,bank_a,ub,3,0,0.0034648733574314805,True
l9,local,9,1,ResNet12,bank_a,ub,4,3,0.14077686364698616,True
l9,local,9,1,ResNet12,bank_a,ub,5,2,0.005958790431033478,True
l9,local,9,1,ResNet12,bank_a,ub,6,3,0.2774354085832071,True
l9,local,9,1,ResNet12,bank_a,ub,7,3,0.14639531006728312,True
l9,local,9,1,ResNet12,bank_a,ub,8,9,0.1506761001025762,True
l9,local,9,1,ResNet12,bank_a,ub,9,3,0.2515581069520494,True
l9,local,9,1,ResNet12,bank_a,ub,10,4,0.04754642527609235,True
l9,local,9,1,ResNet12,bank_a,ub,11,3,0.4037829915426025,True
l9,local,9,1,ResNet12,bank_a,ub,12,3,0.42405895100159596,True
l9,local,9,1,ResNet12,bank_a,ub,13,3,0.24704429225957283,True
l9,local,9,1,ResNet12,bank_a,ub,14,3,0.16809836276632928,True
l9,local,9,1,ResNet12,bank_a,ub,15,2,0.009116948213276826,True
l9,local,9,1,ResNet12,bank_a,ub,16,2,0.0395345169669722,True
l9,local,9,1,ResNet12,bank_a,ub,17,3,0.3407340351339892,True
l9,local,9,1,ResNet12,bank_a,ub,18,9,0.04850029171650694,True
l9,local,9,1,ResNet12,bank_a,ub,19,6,0.010094259763457417,False
l9,local,9,1,ResNet12,bank_a,ub,20,1,0.0584265723068019,True
l9,local,9,1,ResNet12,bank_a,ub,21,0,0.023881055001471363,True
l9,local,9,1,ResNet12,bank_a,ub,22,3,0.1706259242867274,True
l9,local,9,1,ResNet12,bank_a,ub,23,6,0.007975756222493274,False
l9,local,9,1,ResNet12,bank_a,ub,24,3,0.29194653130892734,True
l9,local,9,1,ResNet12,bank_a,ub,25,3,0.001134945056674358,False
l9,local,9,1,ResNet12,bank_a,ub,26,4,0.0016517471255539512,True
l9,local,9,1,ResNet12,bank_a,ub,27,3,0.44013673013896193,True
l9,local,9,1,ResNet12,bank_a,ub,28,3,0.007400830844942058,True
l9,local,9,1,ResNet12,bank_a,ub,29,3,0.24591795917074882,True
l9,local,9,1,ResNet12,bank_a,ub,30,1,0.0803741556357729,True
l9,local,9,1,ResNet12,bank_a,ub,31,3,0.3247636519560224,True
l9,local,9,1,ResNet12,bank_a,ub,32,3,0.31093574309202926,True
l9,local,9,1,ResNet12,bank_a,ub,33,3,0.15965869594753615,True
l9,local,9,1,ResNet12,bank_a,ub,34,3,0.3974405453146165,True
l9,local,9,1,ResNet12,bank_a,ub,35,3,0.2609584711323836,True
l9,local,9,1,ResNet12,bank_a,ub,36,3,0.3342658283363032,True
l9,local,9,1,ResNet12,bank_a,ub,37,3,0.41387741412658563,True
l9,local,9,1,ResNet12,bank_a,ub,38,3,0.23132185299038802,True
l9,local,9,1,ResNet12,bank_a,ub,39,3,0.4292110415619723,True
l9,local,9,1,ResNet12,bank_a,ub,40,3,0.5135703207197205,True
l9,local,9,1,ResNet12,bank_a,ub,41,3,0.2210080043239302,True
l9,local,9,1,ResNet12,bank_a,ub,42,3,0.1765236655177967,True
l9,local,9,1,ResNet12,bank_a,ub,43,3,0.33772439626988227,True
l9,local,9,1,ResNet12,bank_a,ub,44,3,0.4877771316074949,True
l9,local,9,1,ResNet12,bank_a,ub,45,5,0.06785957138282174,True
l9,local,9,1,ResNet12,bank_a,ub,46,3,0.4444778102034907,True
l9,local,9,1,ResNet12,bank_a,ub,47,3,0.15095024582189864,True
l9,local,9,1,ResNet12,bank_a,ub,48,3,0.34053360126896476,True
l9,local,9,1,ResNet12,bank_a,ub,49,3,0.272998936697303,True
l9,local,9,1,ResNet12,bank_a,ub,50,4,0.03274003428589703,True
l9,local,9,1,ResNet12,bank_a,ub,51,3,0.1300079645695643,True
l9,local,9,1,ResNet12,bank_a,ub,52,3,0.48264389502163996,True
l9,local,9,1,ResNet12,bank_a,ub,53,3,0.04226296218380421,True
l9,local,9,1,ResNet12,bank_a,ub,54,9,0.16307983508919524,True
l9,local,9,1,ResNet12,bank_a,ub,55,3,0.05956869340683654,True
l9,local,9,1,ResNet12,bank_a,ub,56,3,0.3420597933941592,True
l9,local,9,1,ResNet12,bank_a,ub,57,3,0.3357865767591949,True
l9,local,9,1,ResNet12,bank_a,ub,58,3,0.019061085952611384,True
l9,local,9,1,ResNet12,bank_a,ub,59,9,0.06780172865527838,True
l9,local,9,1,ResNet12,bank_a,ub,60,3,0.28052567733066514,True
l9,local,9,1,ResNet12,bank_a,ub,61,0,0.059387178215179484,True
l9,local,9,1,ResNet12,bank_a,ub,62,3,0.34852506590257587,True
l9,local,9,1,ResNet12,bank_a,ub,63,3,0.15705921522557897,True
l9,local,9,1,ResNet12,bank_b,ua,0,3,0.40771468204241423,True
l9,local,9,1,ResNet12,bank_b,ua,1,3,0.2624777387390953,True
l9,local,9,1,ResNet12,bank_b,ua,2,3,0.33150484445209,True
l9,local,9,1,ResNet12,bank_b,ua,3,9,0.21238268860791898,True
l9,local,9,1,ResNet12,bank_b,ua,4,2,0.11338329702444225,True
l9,local,9,1,ResNet12,bank_b,ua,5,2,0.0006574149220006376,True
l9,local,9,1,ResNet12,bank_b,ua,6,3,0.3426022386234031,True
l9,local,9,1,ResNet12,bank_b,ua,7,3,0.42226724313861275,True
l9,local,9,1,ResNet12,bank_b,ua,8,9,0.04069057287216568,True
l9,local,9,1,ResNet12,bank_b,ua,9,1,0.104392898014884,True
l9,local,9,1,ResNet12,bank_b,ua,10,3,0.26165238844753014,True
l9,local,9,1,ResNet12,bank_b,ua,11,3,0.19921078508872236,True
l9,local,9,1,ResNet12,bank_b,ua,12,4,0.0750162674338904,True
l9,local,9,1,ResNet12,bank_b,ua,13,3,0.4589111222461124,True
l9,local,9,1,ResNet12,bank_b,ua,14,3,0.2754746870871997,True
l9,local,9,1,ResNet12,bank_b,ua,15,9,0.0013624097544520375,True
l9,local,9,1,ResNet12,bank_b,ua,16,3,0.21927563334827802,True
l9,local,9,1,ResNet12,bank_b,ua,17,3,0.22989728401773168,True
l9,local,9,1,ResNet12,bank_b,ua,18,6,0.04136162056124949,True
l9,local,9,1,ResNet12,bank_b,ua,19,3,0.2474194349650787,True
l9,local,9,1,ResNet12,bank_b,ua,20,3,0.029701313478704,True
l9,local,9,1,ResNet12,bank_b,ua,21,5,0.04657608071817054,True
l9,local,9,1,ResNet12,bank_b,ua,22,3,0.3196285427361145,True
l9,local,9,1,ResNet12,bank_b,ua,23,3,0.373863985474035,True
l9,local,9,1,ResNet12,bank_b,ua,24,3,0.06728289809565025,True
l9,local,9,1,ResNet12,bank_b,ua,25,3,0.3044999438231534,True
l9,local,9,1,ResNet12,bank_b,ua,26,3,0.03581620981012813,True
l9,local,9,1,ResNet12,bank_b,ua,27,3,0.1855945238173107,True
l9,local,9,1,ResNet12,bank_b,ua,28,3,0.3479307357637548,True
l9,local,9,1,ResNet12,bank_b,ua,29,1,0.14558490133301855,True
l9,local,9,1,ResNet12,bank_b,ua,30,3,0.38642427397379914,True
l9,local,9,1,ResNet12,bank_b,ua,31,3,0.36711630611188945,True
l9,local,9,1,ResNet12,bank_b,ua,32,6,0.11480180261774184,True
l9,local,9,1,ResNet12,bank_b,ua,33,3,0.03462830019529303,True
l9,local,9,1,ResNet12,bank_b,ua,34,5,0.015446427822845527,True
l9,local,9,1,ResNet12,bank_b,ua,35,3,0.3427056869818529,True
l9,local,9,1,ResNet12,bank_b,ua,36,3,0.10407902579462139,True
l9,local,9,1,ResNet12,bank_b,ua,37,3,0.055920341865286674,True
l9,local,9,1,ResNet12,bank_b,ua,38,3,0.36136658204672223,True
l9,local,9,1,ResNet12,bank_b,ua,39,3,0.23983261141651238,True
l9,local,9,1,ResNet12,bank_b,ua,40,3,0.17910233175224596,True
l9,local,9,1,ResNet12,bank_b,ua,41,3,0.3381272089096654,True
l9,local,9,1,ResNet12,bank_b,ua,42,3,0.33426890345760085,True
l9,local,9,1,ResNet12,bank_b,ua,43,3,0.198859514777327,True
l9,local,9,1,ResNet12,bank_b,ua,44,6,0.0015290000654347713,True
l9,local,9,1,ResNet12,bank_b,ua,45,3,0.45324321253384425,True
l9,local,9,1,ResNet12,bank_b,ua,46,4,0.083644374420074,True
l9,local,9,1,ResNet12,bank_b,ua,47,4,0.00891496809634057,True
l9,local,9,1,ResNet12,bank_b,ua,48,3,0.008874192032202369,False
l9,local,9,1,ResNet12,bank_b,ua,49,2,0.006897672010104848,True
l9,local,9,1,ResNet12,bank_b,ua,50,9,0.01302473770106359,True
l9,local,9,1,ResNet12,bank_b,ua,51,3,0.28160376069959214,True
l9,local,9,1,ResNet12,bank_b,ua,52,3,0.3233259748413507,True
l9,local,9,1,ResNet12,bank_b,ua,53,3,0.06838164303915725,True
l9,local,9,1,ResNet12,bank_b,ua,54,3,0.2410585336520889,True
l9,local,9,1,ResNet12,bank_b,ua,55,3,0.41760791475667064,True
l9,local,9,1,ResNet12,bank_b,ua,56,3,0.18514454893241994,True
l9,local,9,1,ResNet12,bank_b,ua,57,3,0.13752899079911854,True
l9,local,9,1,ResNet12,bank_b,ua,58,3,0.4091637018698291,True
l9,local,9,1,ResNet12,bank_b,ua,59,9,0.0180855284650904,True
l9,local,9,1,ResNet12,bank_b,ua,60,3,0.12092710915058114,True
l9,local,9,1,ResNet12,bank_b,ua,61,3,0.13422711352864602,True
l9,local,9,1,ResNet12,bank_b,ua,62,3,0.42632332373776116,True
l9,local,9,1,ResNet12,bank_b,ua,63,3,0.35708047334955567,True
l9,local,9,1,ResNet12,bank_b,ub,0,3,0.4117033111474665,True
l9,local,9,1,ResNet12,bank_b,ub,1,3,0.2602051530784071,True
l9,local,9,1,ResNet12,bank_b,ub,2,3,0.33710706946435975,True
l9,local,9,1,ResNet12,bank_b,ub,3,9,0.19062601902220963,True
l9,local,9,1,ResNet12,bank_b,ub,4,2,0.14692684557236843,True
l9,local,9,1,ResNet12,bank_b,ub,5,2,0.02691987203456947,True
l9,local,9,1,ResNet12,bank_b,ub,6,3,0.33300783339682827,True
l9,local,9,1,ResNet12,bank_b,ub,7,3,0.41139954075333574,True
l9,local,9,1,ResNet12,bank_b,ub,8,9,0.05004637997153166,True
l9,local,9,1,ResNet12,bank_b,ub,9,1,0.11089752338749087,True
l9,local,9,1,ResNet12,bank_b,ub,10,3,0.2651279504177977,True
l9,local,9,1,ResNet12,bank_b,ub,11,3,0.21146872230197883,True
l9,local,9,1,ResNet12,bank_b,ub,12,4,0.06524343737365743,True
l9,local,9,1,ResNet12,bank_b,ub,13,3,0.44203315685463207,True
l9,local,9,1,ResNet12,bank_b,ub,14,3,0.2926228517002671,True
l9,local,9,1,ResNet12,bank_b,ub,15,9,0.004154328119130496,True
l9,local,9,1,ResNet12,bank_b,ub,16,3,0.24547012361383183,True
l9,local,9,1,ResNet12,bank_b,ub,17,3,0.225295179361081,True
l9,local,9,1,ResNet12,bank_b,ub,18,6,0.053208740562672226,True
l9,local,9,1,ResNet12,bank_b,ub,19,3,0.2562234213527655,True
l9,local,9,1,ResNet12,bank_b,ub,20,3,0.018141453201452384,True
l9,local,9,1,ResNet12,bank_b,ub,21,5,0.04527490566482116,True
l9,local,9,1,ResNet12,bank_b,ub,22,3,0.3109146161692267,True
l9,local,9,1,ResNet12,bank_b,ub,23,3,0.36523654906334324,True
l9,local,9,1,ResNet12,bank_b,ub,24,3,0.08492221826807222,True
l9,local,9,1,ResNet12,bank_b,ub,25,3,0.3157336061985427,True
l9,local,9,1,ResNet12,bank_b,ub,26,3,0.03048391629137656,True
l9,local,9,1,ResNet12,bank_b,ub,27,3,0.1923801058357888,True
l9,local,9,1,ResNet12,bank_b,ub,28,3,0.3553551281568955,True
l9,local,9,1,ResNet12,bank_b,ub,29,1,0.16115921346782172,True
l9,local,9,1,ResNet12,bank_b,ub,30,3,0.39203908290065065,True
l9,local,9,1,ResNet12,bank_b,ub,31,3,0.37627778456886884,True
l9,local,9,1,ResNet12,bank_b,ub,32,6,0.12566141832053473,True
l9,local,9,1,ResNet12,bank_b,ub,33,3,0.04026664818781188,True
l9,local,9,1,ResNet12,bank_b,ub,34,5,0.007049114157514275,True
l9,local,9,1,ResNet12,bank_b,ub,35,3,0.32390597652442854,True
l9,local,9,1,ResNet12,bank_b,ub,36,3,0.05130401786765798,True
l9,local,9,1,ResNet12,bank_b,ub,37,3,0.08370762212984874,True
l9,local,9,1,ResNet12,bank_b,ub,38,3,0.36006414006328713,True
l9,local,9,1,ResNet12,bank_b,ub,39,3,0.2401641044860359,True
l9,local,9,1,ResNet12,bank_b,ub,40,3,0.18875415967979817,True
l9,local,9,1,ResNet12,bank_b,ub,41,3,0.3172407545439384,True
l9,local,9,1,ResNet12,bank_b,ub,42,3,0.32650620536737873,True
l9,local,9,1,ResNet12,bank_b,ub,43,3,0.18965370553966934,True
l9,local,9,1,ResNet12,bank_b,ub,44,6,0.020535462954276454,True
l9,local,9,1,ResNet12,bank_b,ub,45,3,0.4354580164859331,True
l9,local,9,1,ResNet12,bank_b,ub,46,4,0.08997599864753156,True
l9,local,9,1,ResNet12,bank_b,ub,47,4,0.04216990724779954,True
l9,local,9,1,ResNet12,bank_b,ub,48,1,0.004083291479699332,False
l9,local,9,1,ResNet12,bank_b,ub,49,2,0.033950799932315784,True
l9,local,9,1,ResNet12,bank_b,ub,50,9,0.01982420319351766,True
l9,local,9,1,ResNet12,bank_b,ub,51,3,0.29206415216122306,True
l9,local,9,1,ResNet12,bank_b,ub,52,3,0.2959130035009195,True
l9,local,9,1,ResNet12,bank_b,ub,53,3,0.05346929389151134,True
l9,local,9,1,ResNet12,bank_b,ub,54,3,0.25361268091615896,True
l9,local,9,1,ResNet12,bank_b,ub,55,3,0.4146805871365101,True
l9,local,9,1,ResNet12,bank_b,ub,56,3,0.17802174196798157,True
l9,local,9,1,ResNet12,bank_b,ub,57,3,0.1471192629870207,True
l9,local,9,1,ResNet12,bank_b,ub,58,3,0.4011722914810899,True
l9,local,9,1,ResNet12,bank_b,ub,59,9,0.005868564524548009,True
l9,local,9,1,ResNet12,bank_b,ub,60,3,0.11289405514870804,True
l9,local,9,1,ResNet12,bank_b,ub,61,3,0.15291146829576313,True
l9,local,9,1,ResNet12,bank_b,ub,62,3,0.4151164177106653,True
l9,local,9,1,ResNet12,bank_b,ub,63,3,0.366422765817037,True
l9,local,9,2,ShuffleNet,bank_a,ua,0,6,0.009085847593884422,False
l9,local,9,2,ShuffleNet,bank_a,ua,1,6,0.032767265700007875,True
l9,local,9,2,ShuffleNet,bank_a,ua,2,5,0.04802516730118905,True
l9,local,9,2,ShuffleNet,bank_a,ua,3,9,0.02527840198225295,True
l9,local,9,2,ShuffleNet,bank_a,ua,4,9,0.08883958243352671,True
l9,local,9,2,ShuffleNet,bank_a,ua,5,6,0.044081597442119716,True
l9,local,9,2,ShuffleNet,bank_a,ua,6,6,0.07014535568909924,True
l9,local,9,2,ShuffleNet,bank_a,ua,7,8,0.061246114833421544,True
l9,local,9,2,ShuffleNet,bank_a,ua,8,5,0.07940775053892477,True
l9,local,9,2,ShuffleNet,bank_a,ua,9,6,0.00423605274739558,False
l9,local,9,2,ShuffleNet,bank_a,ua,10,3,0.010100624115709278,True
l9,local,9,2,ShuffleNet,bank_a,ua,11,6,0.05887416747308544,True
l9,local,9,2,ShuffleNet,bank_a,ua,12,6,0.013521664043462334,True
l9,local,9,2,ShuffleNet,bank_a,ua,13,2,0.023300447712526012,False
l9,local,9,2,ShuffleNet,bank_a,ua,14,2,0.014398935018411357,True
l9,local,9,2,ShuffleNet,bank_a,ua,15,4,0.03754976857606036,True
l9,local,9,2,ShuffleNet,bank_a,ua,16,6,0.0023704305672272996,False
l9,local,9,2,ShuffleNet,bank_a,ua,17,6,0.06628601297981757,True
l9,local,9,2,ShuffleNet,bank_a,ua,18,9,0.050221576660207407,True
l9,local,9,2,ShuffleNet,bank_a,ua,19,1,0.006777659900925007,False
l9,local,9,2,ShuffleNet,bank_a,ua,20,8,0.04123420440380532,True
l9,local,9,2,ShuffleNet,bank_a,ua,21,3,0.06598548109338923,True
l9,local,9,2,ShuffleNet,bank_a,ua,22,2,0.007463257138665996,True
l9,local,9,2,ShuffleNet,bank_a,ua,23,9,0.07818863900819881,True
l9,local,9,2,ShuffleNet,bank_a,ua,24,8,0.1180793511288642,True
l9,local,9,2,ShuffleNet,bank_a,ua,25,8,0.017738087353329747,True
l9,local,9,2,ShuffleNet,bank_a,ua,26,4,0.01756043496699279,True
l9,local,9,2,ShuffleNet,bank_a,ua,27,6,0.055201825177550345,True
l9,local,9,2,ShuffleNet,bank_a,ua,28,0,0.007228810447071479,False
l9,local,9,2,ShuffleNet,bank_a,ua,29,6,0.06076765559808561,True
l9,local,9,2,ShuffleNet,bank_a,ua,30,6,0.003211125735242293,True
l9,local,9,2,ShuffleNet,bank_a,ua,31,6,0.07224903616533612,True
l9,local,9,2,ShuffleNet,bank_a,ua,32,6,0.0054775044471320755,False
l9,local,9,2,ShuffleNet,bank_a,ua,33,6,0.05898948728878753,True
l9,local,9,2,ShuffleNet,bank_a,ua,34,2,0.11975559130472013,True
l9,local,9,2,ShuffleNet,bank_a,ua,35,6,0.08131624334890386,True
l9,local,9,2,ShuffleNet,bank_a,ua,36,6,0.0818178701709551,True
l9,local,9,2,ShuffleNet,bank_a,ua,37,8,0.03341366915446348,True
l9,local,9,2,ShuffleNet,bank_a,ua,38,6,0.10827552031404158,True
l9,local,9,2,ShuffleNet,bank_a,ua,39,2,0.0028030019387829674,True
l9,local,9,2,ShuffleNet,bank_a,ua,40,6,0.01982389375649668,True
l9,local,9,2,ShuffleNet,bank_a,ua,41,6,0.015038415785109643,True
l9,local,9,2,ShuffleNet,bank_a,ua,42,2,0.04385775987558249,True
l9,local,9,2,ShuffleNet,bank_a,ua,43,2,0.04640039376032898,True
l9,local,9,2,ShuffleNet,bank_a,ua,44,2,0.15804184749610414,True
l9,local,9,2,ShuffleNet,bank_a,ua,45,4,0.013396974571415227,True
l9,local,9,2,ShuffleNet,bank_a,ua,46,6,0.05920456674078667,True
l9,local,9,2,ShuffleNet,bank_a,ua,47,6,0.03406127956876098,True
l9,local,9,2,ShuffleNet,bank_a,ua,48,6,0.046634862672217614,True
l9,local,9,2,ShuffleNet,bank_a,ua,49,2,0.0017579287993977344,False
l9,local,9,2,ShuffleNet,bank_a,ua,50,7,0.06152960652295447,True
l9,local,9,2,ShuffleNet,bank_a,ua,51,6,0.00722917848154675,True
l9,local,9,2,ShuffleNet,bank_a,ua,52,2,0.05042986936733851,True
l9,local,9,2,ShuffleNet,bank_a,ua,53,4,0.028337104109537242,True
l9,local,9,2,ShuffleNet,bank_a,ua,54,4,0.03669689099010674,True
l9,local,9,2,ShuffleNet,bank_a,ua,55,6,0.0044908639498694725,False
l9,local,9,2,ShuffleNet,bank_a,ua,56,6,0.11094821870973898,True
l9,local,9,2,ShuffleNet,bank_a,ua,57,6,0.09235320005408426,True
l9,local,9,2,ShuffleNet,bank_a,ua,58,6,0.028503283817950364,True
l9,local,9,2,ShuffleNet,bank_a,ua,59,5,0.016369907945799136,True
l9,local,9,2,ShuffleNet,bank_a,ua,60,2,0.013570888279031523,True
l9,local,9,2,ShuffleNet,bank_a,ua,61,3,0.0288682332411394,True
l9,local,9,2,ShuffleNet,bank_a,ua,62,6,0.06043508158807315,True
l9,local,9,2,ShuffleNet,bank_a,ua,63,0,0.042089385145219704,True
l9,local,9,2,ShuffleNet,bank_a,ub,0,2,0.013936071315214876,False
l9,local,9,2,ShuffleNet,bank_a,ub,1,6,0.022169074613083872,True
l9,local,9,2,ShuffleNet,bank_a,ub,2,5,0.03765612181424738,True
l9,local,9,2,ShuffleNet,bank_a,ub,3,9,0.07732845079806333,True
l9,local,9,2,ShuffleNet,bank_a,ub,4,9,0.06169133566393083,True
l9,local,9,2,ShuffleNet,bank_a,ub,5,6,0.05407813199466592,True
l9,local,9,2,ShuffleNet,bank_a,ub,6,6,0.06034106081013979,True
l9,local,9,2,ShuffleNet,bank_a,ub,7,8,0.021718784894839,True
l9,local,9,2,ShuffleNet,bank_a,ub,8,5,0.05149767858732139,True
l9,local,9,2,ShuffleNet,bank_a,ub,9,2,0.0032561279409206167,False
l9,local,9,2,ShuffleNet,bank_a,ub,10,3,0.00932718232217089,True
l9,local,9,2,ShuffleNet,bank_a,ub,11,6,0.041645800113225884,True
l9,local,9,2,ShuffleNet,bank_a,ub,12,6,0.0029956132960173854,True
l9,local,9,2,ShuffleNet,bank_a,ub,13,4,0.02798177719460407,False
l9,local,9,2,ShuffleNet,bank_a,ub,14,2,0.02204863705447488,True
l9,local,9,2,ShuffleNet,bank_a,ub,15,4,0.08430084150830706,True
l9,local,9,2,ShuffleNet,bank_a,ub,16,2,0.008715956246347162,False
l9,local,9,2,ShuffleNet,bank_a,ub,17,6,0.052283609000381426,True
l9,local,9,2,ShuffleNet,bank_a,ub,18,9,0.07346080878798203,True
l9,local,9,2,ShuffleNet,bank_a,ub,19,9,0.022502483948628124,False
l9,local,9,2,ShuffleNet,bank_a,ub,20,8,0.05161019522459112,True
l9,local,9,2,ShuffleNet,bank_a,ub,21,3,0.0426361299595176,True
l9,local,9,2,ShuffleNet,bank_a,ub,22,2,0.02389531446944612,True
l9,local,9,2,ShuffleNet,bank_a,ub,23,9,0.12357397222679745,True
l9,local,9,2,ShuffleNet,bank_a,ub,24,8,0.12944706771957543,True
l9,local,9,2,ShuffleNet,bank_a,ub,25,8,0.010222296203029085,True
l9,local,9,2,ShuffleNet,bank_a,ub,26,4,0.017650343972637247,True
l9,local,9,2,ShuffleNet,bank_a,ub,27,6,0.035637550693390974,True
l9,local,9,2,ShuffleNet,bank_a,ub,28,6,0.019127774829712826,False
l9,local,9,2,ShuffleNet,bank_a,ub,29,6,0.06041956057600739,True
l9,local,9,2,ShuffleNet,bank_a,ub,30,6,0.007682645767262228,True
l9,local,9,2,ShuffleNet,bank_a,ub,31,6,0.052661639052262954,True
l9,local,9,2,ShuffleNet,bank_a,ub,32,2,0.010011948412682048,False
l9,local,9,2,ShuffleNet,bank_a,ub,33,6,0.018663758315761503,True
l9,local,9,2,ShuffleNet,bank_a,ub,34,2,0.11939802073270978,True
l9,local,9,2,ShuffleNet,bank_a,ub,35,6,0.0706110566025197,True
l9,local,9,2,ShuffleNet,bank_a,ub,36,6,0.05797922829162311,True
l9,local,9,2,ShuffleNet,bank_a,ub,37,8,0.04939926649865961,True
l9,local,9,2,ShuffleNet,bank_a,ub,38,6,0.0988677922356396,True
l9,local,9,2,ShuffleNet,bank_a,ub,39,2,0.018210840453849297,True
l9,local,9,2,ShuffleNet,bank_a,ub,40,6,0.004457869780293389,True
l9,local,9,2,ShuffleNet,bank_a,ub,41,6,0.012482176844519993,True
l9,local,9,2,ShuffleNet,bank_a,ub,42,2,0.028967469596085343,True
l9,local,9,2,ShuffleNet,bank_a,ub,43,2,0.007954252617006774,True
l9,local,9,2,ShuffleNet,bank_a,ub,44,2,0.15135693347082668,True
l9,local,9,2,ShuffleNet,bank_a,ub,45,4,0.07918462590275792,True
l9,local,9,2,ShuffleNet,bank_a,ub,46,6,0.0472336054581568,True
l9,local,9,2,ShuffleNet,bank_a,ub,47,6,0.022470719066309264,True
l9,local,9,2,ShuffleNet,bank_a,ub,48,6,0.0379468789726764,True
l9,local,9,2,ShuffleNet,bank_a,ub,49,6,0.013333114310249389,False
l9,local,9,2,ShuffleNet,bank_a,ub,50,7,0.030361222686726197,True
l9,local,9,2,ShuffleNet,bank_a,ub,51,6,0.0062080195072385935,True
l9,local,9,2,ShuffleNet,bank_a,ub,52,2,0.06605856064758897,True
l9,local,9,2,ShuffleNet,bank_a,ub,53,4,0.04133682242579603,True
l9,local,9,2,ShuffleNet,bank_a,ub,54,4,0.06567969602412328,True
l9,local,9,2,ShuffleNet,bank_a,ub,55,4,0.02317294941275011,False
l9,local,9,2,ShuffleNet,bank_a,ub,56,6,0.10814131390321163,True
l9,local,9,2,ShuffleNet,bank_a,ub,57,6,0.07040480668692739,True
l9,local,9,2,ShuffleNet,bank_a,ub,58,6,0.0066791031142921925,True
l9,local,9,2,ShuffleNet,bank_a,ub,59,5,0.020508845769457315,True
l9,local,9,2,ShuffleNet,bank_a,ub,60,2,0.03476956231924622,True
l9,local,9,2,ShuffleNet,bank_a,ub,61,3,0.020200605677277224,True
l9,local,9,2,ShuffleNet,bank_a,ub,62,6,0.044468435437281906,True
l9,local,9,2,ShuffleNet,bank_a,ub,63,0,0.05021776363535646,True
l9,local,9,2,ShuffleNet,bank_b,ua,0,6,0.10497647803037535,True
l9,local,9,2,ShuffleNet,bank_b,ua,1,2,6.177870274159947e-05,True
l9,local,9,2,ShuffleNet,bank_b,ua,2,6,0.04168902025420723,True
l9,local,9,2,ShuffleNet,bank_b,ua,3,4,0.011727535082291948,False
l9,local,9,2,ShuffleNet,bank_b,ua,4,5,0.003243618093105062,False
l9,local,9,2,ShuffleNet,bank_b,ua,5,5,0.08131683424060493,True
l9,local,9,2,ShuffleNet,bank_b,ua,6,6,0.07918177794098757,True
l9,local,9,2,ShuffleNet,bank_b,ua,7,6,0.13048144698185016,True
l9,local,9,2,ShuffleNet,bank_b,ua,8,9,0.0218768380414925,True
l9,local,9,2,ShuffleNet,bank_b,ua,9,6,0.013021977086004971,False
l9,local,9,2,ShuffleNet,bank_b,ua,10,6,0.04202896143566362,True
l9,local,9,2,ShuffleNet,bank_b,ua,11,6,0.014872151871395234,False
l9,local,9,2,ShuffleNet,bank_b,ua,12,7,0.009567032057794078,True
l9,local,9,2,ShuffleNet,bank_b,ua,13,6,0.016510537227797717,True
l9,local,9,2,ShuffleNet,bank_b,ua,14,6,0.08262727047151619,True
l9,local,9,2,ShuffleNet,bank_b,ua,15,9,0.0034432528361174886,True
l9,local,9,2,ShuffleNet,bank_b,ua,16,6,0.011681989365368184,False
l9,local,9,2,ShuffleNet,bank_b,ua,17,6,0.16316734134476163,True
l9,local,9,2,ShuffleNet,bank_b,ua,18,9,0.06267693609744251,True
l9,local,9,2,ShuffleNet,bank_b,ua,19,6,0.01678497308330118,False
l9,local,9,2,ShuffleNet,bank_b,ua,20,6,0.004162628347671421,True
l9,local,9,2,ShuffleNet,bank_b,ua,21,5,0.06746734483249178,True
l9,local,9,2,ShuffleNet,bank_b,ua,22,6,0.11177359906810841,True
l9,local,9,2,ShuffleNet,bank_b,ua,23,6,0.1181653186424736,True
l9,local,9,2,ShuffleNet,bank_b,ua,24,6,0.04732337628925899,True
l9,local,9,2,ShuffleNet,bank_b,ua,25,6,0.02459455384668352,True
l9,local,9,2,ShuffleNet,bank_b,ua,26,5,0.1591809655825027,True
l9,local,9,2,ShuffleNet,bank_b,ua,27,2,0.02517007883050812,True
l9,local,9,2,ShuffleNet,bank_b,ua,28,8,0.009577501928740378,True
l9,local,9,2,ShuffleNet,bank_b,ua,29,2,0.04536560844614945,True
l9,local,9,2,ShuffleNet,bank_b,ua,30,2,0.027097432562701695,True
l9,local,9,2,ShuffleNet,bank_b,ua,31,6,0.04546851017067699,True
l9,local,9,2,ShuffleNet,bank_b,ua,32,9,0.06007861667782105,True
l9,local,9,2,ShuffleNet,bank_b,ua,33,8,0.01916222555903166,True
l9,local,9,2,ShuffleNet,bank_b,ua,34,4,0.04666594786504494,True
l9,local,9,2,ShuffleNet,bank_b,ua,35,6,0.13988917256118816,True
l9,local,9,2,ShuffleNet,bank_b,ua,36,6,0.008848151366212531,False
l9,local,9,2,ShuffleNet,bank_b,ua,37,4,0.043384099260778325,True
l9,local,9,2,ShuffleNet,bank_b,ua,38,2,0.13787049425630898,True
l9,local,9,2,ShuffleNet,bank_b,ua,39,6,0.06639520152116163,True
l9,local,9,2,ShuffleNet,bank_b,ua,40,6,0.022808333397616953,True
l9,local,9,2,ShuffleNet,bank_b,ua,41,6,0.10090891860905199,True
l9,local,9,2,ShuffleNet,bank_b,ua,42,6,0.15212790060338388,True
l9,local,9,2,ShuffleNet,bank_b,ua,43,0,0.01811729782236496,False
l9,local,9,2,ShuffleNet,bank_b,ua,44,6,0.0530454172185337,True
l9,local,9,2,ShuffleNet,bank_b,ua,45,6,0.05858167283710969,True
l9,local,9,2,ShuffleNet,bank_b,ua,46,7,0.02149741121759899,False
l9,local,9,2,ShuffleNet,bank_b,ua,47,3,0.001924710608860597,True
l9,local,9,2,ShuffleNet,bank_b,ua,48,0,0.011526839091314717,False
l9,local,9,2,ShuffleNet,bank_b,ua,49,5,0.1263910345059963,True
l9,local,9,2,ShuffleNet,bank_b,ua,50,9,0.06010017250600569,True
l9,local,9,2,ShuffleNet,bank_b,ua,51,6,0.06383118820767986,True
l9,local,9,2,ShuffleNet,bank_b,ua,52,6,0.09529517742320825,True
l9,local,9,2,ShuffleNet,bank_b,ua,53,0,0.00537684665725896,True
l9,local,9,2,ShuffleNet,bank_b,ua,54,6,0.02309355313344008,True
l9,local,9,2,ShuffleNet,bank_b,ua,55,6,0.01103664327353937,False
l9,local,9,2,ShuffleNet,bank_b,ua,56,1,0.0018736038770049424,False
l9,local,9,2,ShuffleNet,bank_b,ua,57,6,0.003231820309167216,False
l9,local,9,2,ShuffleNet,bank_b,ua,58,6,0.01427928995742278,True
l9,local,9,2,ShuffleNet,bank_b,ua,59,5,0.004438197797512117,True
l9,local,9,2,ShuffleNet,bank_b,ua,60,6,0.1026332703860122,True
l9,local,9,2,ShuffleNet,bank_b,ua,61,6,0.038450341273431526,True
l9,local,9,2,ShuffleNet,bank_b,ua,62,2,0.008096814476834413,True
l9,local,9,2,ShuffleNet,bank_b,ua,63,2,0.05651637601772849,True
l9,local,9,2,ShuffleNet,bank_b,ub,0,6,0.08899006835430934,True
l9,local,9,2,ShuffleNet,bank_b,ub,1,2,0.0016262014454891394,True
l9,local,9,2,ShuffleNet,bank_b,ub,2,6,0.043565600145892835,True
l9,local,9,2,ShuffleNet,bank_b,ub,3,2,0.00269919192277443,False
l9,local,9,2,ShuffleNet,bank_b,ub,4,3,0.019273385044923493,False
l9,local,9,2,ShuffleNet,bank_b,ub,5,5,0.07944311694844101,True
l9,local,9,2,ShuffleNet,bank_b,ub,6,6,0.06532054877687282,True
l9,local,9,2,ShuffleNet,bank_b,ub,7,6,0.11143709630750809,True
l9,local,9,2,ShuffleNet,bank_b,ub,8,9,0.0561374335025195,True
l9,local,9,2,ShuffleNet,bank_b,ub,9,2,0.0057288481798968005,False
l9,local,9,2,ShuffleNet,bank_b,ub,10,6,0.0207348299852414,True
l9,local,9,2,ShuffleNet,bank_b,ub,11,2,0.006881861354249619,False
l9,local,9,2,ShuffleNet,bank_b,ub,12,7,0.0060521336476827,True
l9,local,9,2,ShuffleNet,bank_b,ub,13,6,0.0036691512915390523,True
l9,local,9,2,ShuffleNet,bank_b,ub,14,6,0.06445143558419675,True
l9,local,9,2,ShuffleNet,bank_b,ub,15,9,0.008862672353455364,True
l9,local,9,2,ShuffleNet,bank_b,ub,16,2,0.0023863148944981982,False
l9,local,9,2,ShuffleNet,bank_b,ub,17,6,0.14947524254839045,True
l9,local,9,2,ShuffleNet,bank_b,ub,18,9,0.08876584728482584,True
l9,local,9,2,ShuffleNet,bank_b,ub,19,2,0.003917315928914478,False
l9,local,9,2,ShuffleNet,bank_b,ub,20,6,0.00019499675705639263,True
l9,local,9,2,ShuffleNet,bank_b,ub,21,5,0.0229019708502696,True
l9,local,9,2,ShuffleNet,bank_b,ub,22,6,0.09639761011328885,True
l9,local,9,2,ShuffleNet,bank_b,ub,23,6,0.08824353567378429,True
l9,local,9,2,ShuffleNet,bank_b,ub,24,6,0.06167102208797523,True
l9,local,9,2,ShuffleNet,bank_b,ub,25,6,0.01145207242354973,True
l9,local,9,2,ShuffleNet,bank_b,ub,26,5,0.14972924854061778,True
l9,local,9,2,ShuffleNet,bank_b,ub,27,2,0.045311510622293966,True
l9,local,9,2,ShuffleNet,bank_b,ub,28,8,0.003196438094960119,True
l9,local,9,2,ShuffleNet,bank_b,ub,29,2,0.06429360192528569,True
l9,local,9,2,ShuffleNet,bank_b,ub,30,2,0.05531491894750645,True
l9,local,9,2,ShuffleNet,bank_b,ub,31,6,0.03136628444676476,True
l9,local,9,2,ShuffleNet,bank_b,ub,32,9,0.08188354805782239,True
l9,local,9,2,ShuffleNet,bank_b,ub,33,8,0.020481884391799265,True
l9,local,9,2,ShuffleNet,bank_b,ub,34,4,0.06388111688376731,True
l9,local,9,2,ShuffleNet,bank_b,ub,35,6,0.12077534156982467,True
l9,local,9,2,ShuffleNet,bank_b,ub,36,8,0.005621690044208122,False
l9,local,9,2,ShuffleNet,bank_b,ub,37,4,0.07806958594583932,True
l9,local,9,2,ShuffleNet,bank_b,ub,38,2,0.1365265949203338,True
l9,local,9,2,ShuffleNet,bank_b,ub,39,6,0.04773126317986487,True
l9,local,9,2,ShuffleNet,bank_b,ub,40,6,0.014578572803015916,True
l9,local,9,2,ShuffleNet,bank_b,ub,41,6,0.07159872104692133,True
l9,local,9,2,ShuffleNet,bank_b,ub,42,6,0.1428708046304603,True
l9,local,9,2,ShuffleNet,bank_b,ub,43,2,0.003986820881515751,False
l9,local,9,2,ShuffleNet,bank_b,ub,44,6,0.05699559037523402,True
l9,local,9,2,ShuffleNet,bank_b,ub,45,6,0.04209505526846352,True
l9,local,9,2,ShuffleNet,bank_b,ub,46,3,0.0192975367119185,False
l9,local,9,2,ShuffleNet,bank_b,ub,47,3,0.018481797939817413,True
l9,local,9,2,ShuffleNet,bank_b,ub,48,8,0.007343506018084062,False
l9,local,9,2,ShuffleNet,bank_b,ub,49,5,0.11625238466330823,True
l9,local,9,2,ShuffleNet,bank_b,ub,50,9,0.09570564624823036,True
l9,local,9,2,ShuffleNet,bank_b,ub,51,6,0.053327667384322874,True
l9,local,9,2,ShuffleNet,bank_b,ub,52,6,0.07334740761802255,True
l9,local,9,2,ShuffleNet,bank_b,ub,53,0,0.015603158883044643,True
l9,local,9,2,ShuffleNet,bank_b,ub,54,6,0.014056735718173619,True
l9,local,9,2,ShuffleNet,bank_b,ub,55,2,0.01671350606242955,False
l9,local,9,2,ShuffleNet,bank_b,ub,56,2,0.0054592566269170695,False
l9,local,9,2,ShuffleNet,bank_b,ub,57,2,0.008729125007367666,False
l9,local,9,2,ShuffleNet,bank_b,ub,58,6,0.005151288859609637,True
l9,local,9,2,ShuffleNet,bank_b,ub,59,5,0.010712652906204129,True
l9,local,9,2,ShuffleNet,bank_b,ub,60,6,0.0803940279645638,True
l9,local,9,2,ShuffleNet,bank_b,ub,61,6,0.03516165684342448,True
l9,local,9,2,ShuffleNet,bank_b,ub,62,2,0.014739531766636338,True
l9,local,9,2,ShuffleNet,bank_b,ub,63,2,0.07365759877770045,True
l9,local,9,3,Mobilenetv2,bank_a,ua,0,5,0.13962399221770988,True
l9,local,9,3,Mobilenetv2,bank_a,ua,1,5,0.3212269960040356,True
l9,local,9,3,Mobilenetv2,bank_a,ua,2,0,0.012335978878903392,False
l9,local,9,3,Mobilenetv2,bank_a,ua,3,4,0.04973885480665963,True
l9,local,9,3,Mobilenetv2,bank_a,ua,4,4,0.05321182429911997,True
l9,local,9,3,Mobilenetv2,bank_a,ua,5,6,0.023000319367934507,True
l9,local,9,3,Mobilenetv2,bank_a,ua,6,5,0.23027049675688868,True
l9,local,9,3,Mobilenetv2,bank_a,ua,7,5,0.08013087506058902,True
l9,local,9,3,Mobilenetv2,bank_a,ua,8,8,0.07808616824153126,True
l9,local,9,3,Mobilenetv2,bank_a,ua,9,5,0.2331647136221722,True
l9,local,9,3,Mobilenetv2,bank_a,ua,10,6,0.14157855420874943,True
l9,local,9,3,Mobilenetv2,bank_a,ua,11,5,0.3442913892044154,True
l9,local,9,3,Mobilenetv2,bank_a,ua,12,5,0.3909199499196482,True
l9,local,9,3,Mobilenetv2,bank_a,ua,13,5,0.3061803525966066,True
l9,local,9,3,Mobilenetv2,bank_a,ua,14,5,0.19649763893371017,True
l9,local,9,3,Mobilenetv2,bank_a,ua,15,6,0.12129251205459382,True
l9,local,9,3,Mobilenetv2,bank_a,ua,16,5,0.0010648593175098392,False
l9,local,9,3,Mobilenetv2,bank_a,ua,17,5,0.20697574570724456,True
l9,local,9,3,Mobilenetv2,bank_a,ua,18,4,0.07782511814029211,True
l9,local,9,3,Mobilenetv2,bank_a,ua,19,4,0.03860997239637573,True
l9,local,9,3,Mobilenetv2,bank_a,ua,20,9,0.11470700379387441,True
l9,local,9,3,Mobilenetv2,bank_a,ua,21,6,0.03751835306928819,True
l9,local,9,3,Mobilenetv2,bank_a,ua,22,5,0.14550620276755435,True
l9,local,9,3,Mobilenetv2,bank_a,ua,23,4,0.01454934292018989,False
l9,local,9,3,Mobilenetv2,bank_a,ua,24,8,0.0743939033971357,True
l9,local,9,3,Mobilenetv2,bank_a,ua,25,9,0.030860146382044755,True
l9,local,9,3,Mobilenetv2,bank_a,ua,26,6,0.04819308507089637,True
l9,local,9,3,Mobilenetv2,bank_a,ua,27,5,0.4345173414070993,True
l9,local,9,3,Mobilenetv2,bank_a,ua,28,0,0.03146790983080964,True
l9,local,9,3,Mobilenetv2,bank_a,ua,29,9,0.027723484155891626,False
l9,local,9,3,Mobilenetv2,bank_a,ua,30,8,0.07919820198812696,True
l9,local,9,3,Mobilenetv2,bank_a,ua,31,5,0.13968918939241115,True
l9,local,9,3,Mobilenetv2,bank_a,ua,32,5,0.27798311971507716,True
l9,local,9,3,Mobilenetv2,bank_a,ua,33,5,0.15401012894344868,True
l9,local,9,3,Mobilenetv2,bank_a,ua,34,1,0.010513660702515137,True
l9,local,9,3,Mobilenetv2,bank_a,ua,35,5,0.25322600585902044,True
l9,local,9,3,Mobilenetv2,bank_a,ua,36,5,0.29747922823045386,True
l9,local,9,3,Mobilenetv2,bank_a,ua,37,5,0.2569277901143668,True
l9,local,9,3,Mobilenetv2,bank_a,ua,38,5,0.10031116188562228,True
l9,local,9,3,Mobilenetv2,bank_a,ua,39,5,0.3485378467165721,True
l9,local,9,3,Mobilenetv2,bank_a,ua,40,5,0.3675780118630658,True
l9,local,9,3,Mobilenetv2,bank_a,ua,41,5,0.25471436730189445,True
l9,local,9,3,Mobilenetv2,bank_a,ua,42,5,0.1769300120265737,True
l9,local,9,3,Mobilenetv2,bank_a,ua,43,5,0.3054121328821857,True
l9,local,9,3,Mobilenetv2,bank_a,ua,44,5,0.36798397703640134,True
l9,local,9,3,Mobilenetv2,bank_a,ua,45,6,0.0527511484502579,True
l9,local,9,3,Mobilenetv2,bank_a,ua,46,5,0.3150590110226127,True
l9,local,9,3,Mobilenetv2,bank_a,ua,47,5,0.021264426654782675,True
l9,local,9,3,Mobilenetv2,bank_a,ua,48,5,0.25713259099047014,True
l9,local,9,3,Mobilenetv2,bank_a,ua,49,9,0.015632549700881876,True
l9,local,9,3,Mobilenetv2,bank_a,ua,50,6,0.08825371659309447,True
l9,local,9,3,Mobilenetv2,bank_a,ua,51,5,0.1785760468639596,True
l9,local,9,3,Mobilenetv2,bank_a,ua,52,5,0.4772189102578791,True
l9,local,9,3,Mobilenetv2,bank_a,ua,53,5,0.0045247499652383005,True
l9,local,9,3,Mobilenetv2,bank_a,ua,54,6,0.09829660592319266,True
l9,local,9,3,Mobilenetv2,bank_a,ua,55,3,0.06221067167332385,True
l9,local,9,3,Mobilenetv2,bank_a,ua,56,5,0.30163176998497987,True
l9,local,9,3,Mobilenetv2,bank_a,ua,57,5,0.38795437489006307,True
l9,local,9,3,Mobilenetv2,bank_a,ua,58,5,0.015929146880164308,True
l9,local,9,3,Mobilenetv2,bank_a,ua,59,9,0.05749166846470838,True
l9,local,9,3,Mobilenetv2,bank_a,ua,60,5,0.2531284426969316,True
l9,local,9,3,Mobilenetv2,bank_a,ua,61,0,0.015703821550327207,True
l9,local,9,3,Mobilenetv2,bank_a,ua,62,5,0.4508541991745083,True
l9,local,9,3,Mobilenetv2,bank_a,ua,63,9,0.026730306010903926,False
l9,local,9,3,Mobilenetv2,bank_a,ub,0,5,0.1524178368506985,True
l9,local,9,3,Mobilenetv2,bank_a,ub,1,5,0.33045669851532505,True
l9,local,9,3,Mobilenetv2,bank_a,ub,2,7,0.01197814405652059,False
l9,local,9,3,Mobilenetv2,bank_a,ub,3,4,0.04126871580210703,True
l9,local,9,3,Mobilenetv2,bank_a,ub,4,4,0.0768006997133572,True
l9,local,9,3,Mobilenetv2,bank_a,ub,5,6,0.0032177911580263258,True
l9,local,9,3,Mobilenetv2,bank_a,ub,6,5,0.20814802298794327,True
l9,local,9,3,Mobilenetv2,bank_a,ub,7,5,0.14475386481132216,True
l9,local,9,3,Mobilenetv2,bank_a,ub,8,8,0.04169238264197739,True
l9,local,9,3,Mobilenetv2,bank_a,ub,9,5,0.22466412701904745,True
l9,local,9,3,Mobilenetv2,bank_a,ub,10,6,0.15283038642350208,True
l9,local,9,3,Mobilenetv2,bank_a,ub,11,5,0.3289678189630293,True
l9,local,9,3,Mobilenetv2,bank_a,ub,12,5,0.41605152629358944,True
l9,local,9,3,Mobilenetv2,bank_a,ub,13,5,0.2795665649807208,True
l9,local,9,3,Mobilenetv2,bank_a,ub,14,5,0.15815057288074025,True
l9,local,9,3,Mobilenetv2,bank_a,ub,15,6,0.11461008729046639,True
l9,local,9,3,Mobilenetv2,bank_a,ub,16,1,0.023657944288287103,False
l9,local,9,3,Mobilenetv2,bank_a,ub,17,5,0.20733322156779727,True
l9,local,9,3,Mobilenetv2,bank_a,ub,18,4,0.0756223392179606,True
l9,local,9,3,Mobilenetv2,bank_a,ub,19,4,0.024427027989853342,True
l9,local,9,3,Mobilenetv2,bank_a,ub,20,9,0.05847107100740917,True
l9,local,9,3,Mobilenetv2,bank_a,ub,21,6,0.02468744332384934,True
l9,local,9,3,Mobilenetv2,bank_a,ub,22,5,0.13609930201336187,True
l9,local,9,3,Mobilenetv2,bank_a,ub,23,6,0.013841487105588801,False
l9,local,9,3,Mobilenetv2,bank_a,ub,24,8,0.04494007221479525,True
l9,local,9,3,Mobilenetv2,bank_a,ub,25,9,0.006235994488758473,True
l9,local,9,3,Mobilenetv2,bank_a,ub,26,6,0.04725018175804821,True
l9,local,9,3,Mobilenetv2,bank_a,ub,27,5,0.4394014987650534,True
l9,local,9,3,Mobilenetv2,bank_a,ub,28,0,0.016268223420010608,True
l9,local,9,3,Mobilenetv2,bank_a,ub,29,5,0.00919978203713126,False
l9,local,9,3,Mobilenetv2,bank_a,ub,30,8,0.0794038412525839,True
l9,local,9,3,Mobilenetv2,bank_a,ub,31,5,0.12525977460967358,True
l9,local,9,3,Mobilenetv2,bank_a,ub,32,5,0.2546669672076931,True
l9,local,9,3,Mobilenetv2,bank_a,ub,33,5,0.1389448518772589,True
l9,local,9,3,Mobilenetv2,bank_a,ub,34,1,0.002343938942879875,True
l9,local,9,3,Mobilenetv2,bank_a,ub,35,5,0.27588134405711506,True
l9,local,9,3,Mobilenetv2,bank_a,ub,36,5,0.3123614259469002,True
l9,local,9,3,Mobilenetv2,bank_a,ub,37,5,0.2753392910911079,True
l9,local,9,3,Mobilenetv2,bank_a,ub,38,5,0.1450062950642236,True
l9,local,9,3,Mobilenetv2,bank_a,ub,39,5,0.3627453594781388,True
l9,local,9,3,Mobilenetv2,bank_a,ub,40,5,0.3983287197505095,True
l9,local,9,3,Mobilenetv2,bank_a,ub,41,5,0.2540479074042854,True
l9,local,9,3,Mobilenetv2,bank_a,ub,42,5,0.16270891055309653,True
l9,local,9,3,Mobilenetv2,bank_a,ub,43,5,0.29129356535427325,True
l9,local,9,3,Mobilenetv2,bank_a,ub,44,5,0.3972029651004393,True
l9,local,9,3,Mobilenetv2,bank_a,ub,45,6,0.05211017463599335,True
l9,local,9,3,Mobilenetv2,bank_a,ub,46,5,0.2909947067957278,True
l9,local,9,3,Mobilenetv2,bank_a,ub,47,5,0.027760561467469858,True
l9,local,9,3,Mobilenetv2,bank_a,ub,48,5,0.25590974256653165,True
l9,local,9,3,Mobilenetv2,bank_a,ub,49,9,0.02477022250531616,True
l9,local,9,3,Mobilenetv2,bank_a,ub,50,6,0.08701400168087142,True
l9,local,9,3,Mobilenetv2,bank_a,ub,51,5,0.13914000929686926,True
l9,local,9,3,Mobilenetv2,bank_a,ub,52,5,0.49392271633519064,True
l9,local,9,3,Mobilenetv2,bank_a,ub,53,5,0.0007856778363996564,True
l9,local,9,3,Mobilenetv2,bank_a,ub,54,6,0.06833233875752083,True
l9,local,9,3,Mobilenetv2,bank_a,ub,55,3,0.061299707876656506,True
l9,local,9,3,Mobilenetv2,bank_a,ub,56,5,0.286202123597772,True
l9,local,9,3,Mobilenetv2,bank_a,ub,57,5,0.3655265064130491,True
l9,local,9,3,Mobilenetv2,bank_a,ub,58,5,0.024921891402081883,True
l9,local,9,3,Mobilenetv2,bank_a,ub,59,9,0.039782631586919484,True
l9,local,9,3,Mobilenetv2,bank_a,ub,60,5,0.24242005599481864,True
l9,local,9,3,Mobilenetv2,bank_a,ub,61,0,0.030756649412369025,True
l9,local,9,3,Mobilenetv2,bank_a,ub,62,5,0.4379263987246689,True
l9,local,9,3,Mobilenetv2,bank_a,ub,63,5,0.041566086735906255,False
l9,local,9,3,Mobilenetv2,bank_b,ua,0,5,0.41101038099780174,True
l9,local,9,3,Mobilenetv2,bank_b,ua,1,5,0.3372434562787362,True
l9,local,9,3,Mobilenetv2,bank_b,ua,2,5,0.3053718419454499,True
l9,local,9,3,Mobilenetv2,bank_b,ua,3,4,0.07387282773560036,True
l9,local,9,3,Mobilenetv2,bank_b,ua,4,8,0.03191429283537617,True
l9,local,9,3,Mobilenetv2,bank_b,ua,5,8,0.03167366760893078,True
l9,local,9,3,Mobilenetv2,bank_b,ua,6,5,0.12879476560829467,True
l9,local,9,3,Mobilenetv2,bank_b,ua,7,5,0.15296198247093867,True
l9,local,9,3,Mobilenetv2,bank_b,ua,8,4,0.07525802767332232,True
l9,local,9,3,Mobilenetv2,bank_b,ua,9,7,0.0005887338785693919,False
l9,local,9,3,Mobilenetv2,bank_b,ua,10,5,0.25822559003004164,True
l9,local,9,3,Mobilenetv2,bank_b,ua,11,5,0.14828310567071243,True
l9,local,9,3,Mobilenetv2,bank_b,ua,12,6,0.07826144854946696,True
l9,local,9,3,Mobilenetv2,bank_b,ua,13,5,0.33327831577577316,True
l9,local,9,3,Mobilenetv2,bank_b,ua,14,5,0.19951229612630023,True
l9,local,9,3,Mobilenetv2,bank_b,ua,15,4,0.14393244738961064,True
l9,local,9,3,Mobilenetv2,bank_b,ua,16,5,0.19313391488600842,True
l9,local,9,3,Mobilenetv2,bank_b,ua,17,5,0.03575491200112735,True
l9,local,9,3,Mobilenetv2,bank_b,ua,18,4,0.08609544756047446,True
l9,local,9,3,Mobilenetv2,bank_b,ua,19,5,0.21638814481677968,True
l9,local,9,3,Mobilenetv2,bank_b,ua,20,5,0.08994028741262372,True
l9,local,9,3,Mobilenetv2,bank_b,ua,21,6,0.04054203571927584,True
l9,local,9,3,Mobilenetv2,bank_b,ua,22,5,0.004185718148115775,True
l9,local,9,3,Mobilenetv2,bank_b,ua,23,5,0.2307201528175891,True
l9,local,9,3,Mobilenetv2,bank_b,ua,24,4,0.028603773046111586,False
l9,local,9,3,Mobilenetv2,bank_b,ua,25,5,0.24521406244754854,True
l9,local,9,3,Mobilenetv2,bank_b,ua,26,0,0.029335825545827005,True
l9,local,9,3,Mobilenetv2,bank_b,ua,27,5,0.14286705420285245,True
l9,local,9,3,Mobilenetv2,bank_b,ua,28,9,0.0018361054205577876,False
l9,local,9,3,Mobilenetv2,bank_b,ua,29,1,0.11777936324760482,True
l9,local,9,3,Mobilenetv2,bank_b,ua,30,5,0.17859874150883764,True
l9,local,9,3,Mobilenetv2,bank_b,ua,31,5,0.26035798900501816,True
l9,local,9,3,Mobilenetv2,bank_b,ua,32,4,0.06502199575286258,True
l9,local,9,3,Mobilenetv2,bank_b,ua,33,9,0.10305284926297016,True
l9,local,9,3,Mobilenetv2,bank_b,ua,34,6,0.08137472626790984,True
l9,local,9,3,Mobilenetv2,bank_b,ua,35,5,0.07041865471496561,True
l9,local,9,3,Mobilenetv2,bank_b,ua,36,9,0.01830790889065359,True
l9,local,9,3,Mobilenetv2,bank_b,ua,37,7,0.010980234474208275,False
l9,local,9,3,Mobilenetv2,bank_b,ua,38,5,0.3147395128220939,True
l9,local,9,3,Mobilenetv2,bank_b,ua,39,5,0.17906985375098336,True
l9,local,9,3,Mobilenetv2,bank_b,ua,40,5,0.20818321666324968,True
l9,local,9,3,Mobilenetv2,bank_b,ua,41,5,0.11667246265414385,True
l9,local,9,3,Mobilenetv2,bank_b,ua,42,5,0.22795588446714526,True
l9,local,9,3,Mobilenetv2,bank_b,ua,43,5,0.24492879827572867,True
l9,local,9,3,Mobilenetv2,bank_b,ua,44,4,0.04824557384594515,True
l9,local,9,3,Mobilenetv2,bank_b,ua,45,5,0.3489941234107766,True
l9,local,9,3,Mobilenetv2,bank_b,ua,46,6,0.07931000455152878,True
l9,local,9,3,Mobilenetv2,bank_b,ua,47,6,0.015337250420165538,True
l9,local,9,3,Mobilenetv2,bank_b,ua,48,8,0.006373628255772992,False
l9,local,9,3,Mobilenetv2,bank_b,ua,49,3,0.011727455808820869,True
l9,local,9,3,Mobilenetv2,bank_b,ua,50,4,0.0888943277293392,True
l9,local,9,3,Mobilenetv2,bank_b,ua,51,5,0.26014562889323867,True
l9,local,9,3,Mobilenetv2,bank_b,ua,52,5,0.15230919216592884,True
l9,local,9,3,Mobilenetv2,bank_b,ua,53,9,0.062480744512179914,True
l9,local,9,3,Mobilenetv2,bank_b,ua,54,5,0.20563798785166362,True
l9,local,9,3,Mobilenetv2,bank_b,ua,55,5,0.3017031285529796,True
l9,local,9,3,Mobilenetv2,bank_b,ua,56,9,0.07422926863397833,True
l9,local,9,3,Mobilenetv2,bank_b,ua,57,5,0.16656869506223426,True
l9,local,9,3,Mobilenetv2,bank_b,ua,58,5,0.39313792934289415,True
l9,local,9,3,Mobilenetv2,bank_b,ua,59,3,0.0116219888340071,True
l9,local,9,3,Mobilenetv2,bank_b,ua,60,5,0.15725650275510253,True
l9,local,9,3,Mobilenetv2,bank_b,ua,61,5,0.2267112041398453,True
l9,local,9,3,Mobilenetv2,bank_b,ua,62,5,0.26598995970711925,True
l9,local,9,3,Mobilenetv2,bank_b,ua,63,5,0.11343547227539075,True
l9,local,9,3,Mobilenetv2,bank_b,ub,0,5,0.39483550711420334,True
l9,local,9,3,Mobilenetv2,bank_b,ub,1,5,0.3177084625812047,True
l9,local,9,3,Mobilenetv2,bank_b,ub,2,5,0.30666263341511457,True
l9,local,9,3,Mobilenetv2,bank_b,ub,3,4,0.04721825373894714,True
l9,local,9,3,Mobilenetv2,bank_b,ub,4,8,0.06868411412471903,True
l9,local,9,3,Mobilenetv2,bank_b,ub,5,8,0.05458945412657444,True
l9,local,9,3,Mobilenetv2,bank_b,ub,6,5,0.14511068240622388,True
l9,local,9,3,Mobilenetv2,bank_b,ub,7,5,0.13243498505866724,True
l9,local,9,3,Mobilenetv2,bank_b,ub,8,4,0.0922547163914815,True
l9,local,9,3,Mobilenetv2,bank_b,ub,9,1,0.014678194552858403,False
l9,local,9,3,Mobilenetv2,bank_b,ub,10,5,0.2583766703565349,True
l9,local,9,3,Mobilenetv2,bank_b,ub,11,5,0.1473456880919012,True
l9,local,9,3,Mobilenetv2,bank_b,ub,12,6,0.09776714518862348,True
l9,local,9,3,Mobilenetv2,bank_b,ub,13,5,0.34732829987097324,True
l9,local,9,3,Mobilenetv2,bank_b,ub,14,5,0.17935064269290232,True
l9,local,9,3,Mobilenetv2,bank_b,ub,15,4,0.13035447519973065,True
l9,local,9,3,Mobilenetv2,bank_b,ub,16,5,0.1648365663497385,True
l9,local,9,3,Mobilenetv2,bank_b,ub,17,5,0.055647821796553976,True
l9,local,9,3,Mobilenetv2,bank_b,ub,18,4,0.07754898590078874,True
l9,local,9,3,Mobilenetv2,bank_b,ub,19,5,0.2226660954545544,True
l9,local,9,3,Mobilenetv2,bank_b,ub,20,5,0.049009516029308434,True
l9,local,9,3,Mobilenetv2,bank_b,ub,21,6,0.060162331930488616,True
l9,local,9,3,Mobilenetv2,bank_b,ub,22,5,0.03007575553122871,True
l9,local,9,3,Mobilenetv2,bank_b,ub,23,5,0.21147676045343825,True
l9,local,9,3,Mobilenetv2,bank_b,ub,24,6,0.0016773844516095177,False
l9,local,9,3,Mobilenetv2,bank_b,ub,25,5,0.2400863938970917,True
l9,local,9,3,Mobilenetv2,bank_b,ub,26,0,0.01734253964078182,True
l9,local,9,3,Mobilenetv2,bank_b,ub,27,5,0.13963270010542245,True
l9,local,9,3,Mobilenetv2,bank_b,ub,28,5,0.02194135227574423,False
l9,local,9,3,Mobilenetv2,bank_b,ub,29,1,0.1580989789679152,True
l9,local,9,3,Mobilenetv2,bank_b,ub,30,5,0.18568597971888168,True
l9,local,9,3,Mobilenetv2,bank_b,ub,31,5,0.23732890204682353,True
l9,local,9,3,Mobilenetv2,bank_b,ub,32,4,0.03828485186297348,True
l9,local,9,3,Mobilenetv2,bank_b,ub,33,9,0.13416039308983013,True
l9,local,9,3,Mobilenetv2,bank_b,ub,34,6,0.08156858247621451,True
l9,local,9,3,Mobilenetv2,bank_b,ub,35,5,0.09088254863084122,True
l9,local,9,3,Mobilenetv2,bank_b,ub,36,9,0.0185791768038385,True
l9,local,9,3,Mobilenetv2,bank_b,ub,37,3,0.014841806077069974,False
l9,local,9,3,Mobilenetv2,bank_b,ub,38,5,0.36805432599056587,True
l9,local,9,3,Mobilenetv2,bank_b,ub,39,5,0.1301820306094576,True
l9,local,9,3,Mobilenetv2,bank_b,ub,40,5,0.1822807592919946,True
l9,local,9,3,Mobilenetv2,bank_b,ub,41,5,0.11531308861799353,True
l9,local,9,3,Mobilenetv2,bank_b,ub,42,5,0.24287620296785922,True
l9,local,9,3,Mobilenetv2,bank_b,ub,43,5,0.24488067258058,True
l9,local,9,3,Mobilenetv2,bank_b,ub,44,4,0.06744937493643169,True
l9,local,9,3,Mobilenetv2,bank_b,ub,45,5,0.32362545567870704,True
l9,local,9,3,Mobilenetv2,bank_b,ub,46,6,0.06529865646761232,True
l9,local,9,3,Mobilenetv2,bank_b,ub,47,6,0.04055042590646929,True
l9,local,9,3,Mobilenetv2,bank_b,ub,48,3,0.012463902358866824,False
l9,local,9,3,Mobilenetv2,bank_b,ub,49,3,0.06807121152244844,True
l9,local,9,3,Mobilenetv2,bank_b,ub,50,4,0.1048905026624363,True
l9,local,9,3,Mobilenetv2,bank_b,ub,51,5,0.24897003418457017,True
l9,local,9,3,Mobilenetv2,bank_b,ub,52,5,0.1776662509427307,True
l9,local,9,3,Mobilenetv2,bank_b,ub,53,9,0.01670662356068181,True
l9,local,9,3,Mobilenetv2,bank_b,ub,54,5,0.19502519901846826,True
l9,local,9,3,Mobilenetv2,bank_b,ub,55,5,0.28879008117557137,True
l9,local,9,3,Mobilenetv2,bank_b,ub,56,9,0.04409097205590698,True
l9,local,9,3,Mobilenetv2,bank_b,ub,57,5,0.13024981003216063,True
l9,local,9,3,Mobilenetv2,bank_b,ub,58,5,0.40032068927269415,True
l9,local,9,3,Mobilenetv2,bank_b,ub,59,3,0.01198156638337268,True
l9,local,9,3,Mobilenetv2,bank_b,ub,60,5,0.11644605288336438,True
l9,local,9,3,Mobilenetv2,bank_b,ub,61,5,0.1841521641792651,True
l9,local,9,3,Mobilenetv2,bank_b,ub,62,5,0.2627819580826966,True
l9,local,9,3,Mobilenetv2,bank_b,ub,63,5,0.14185554453012061,True
